trade_date,ret_Banking,ret_RealEstate,ret_SteelMaterials,ret_Technology,ret_ConsumerStaples,ret_ConsumerDiscretionary,ret_Energy,ret_IndustrialLogistics,ret_Healthcare,ret_Utilities,sent_Banking,sent_RealEstate,sent_SteelMaterials,sent_Technology,sent_ConsumerStaples,sent_ConsumerDiscretionary,sent_Energy,sent_IndustrialLogistics,sent_Healthcare,sent_Utilities
2025-06-19,0.0054408626695824,0.00551177549718,-0.0100721759520864,-0.007426480405786,0.0002600186180847,0.0259852943363168,0.0081383113693934,-0.0126534631778143,0.0005833625014584,-0.002770083102493,0.7285714285714286,0.2368421052631578,0.7105263157894737,0.372,0.2282608695652174,0.6627906976744187,0.1399999999999999,0.4956521739130434,-0.4,0.3444444444444444
2025-06-20,0.0097338039176112,-0.0187214381224721,-0.0026298840020117,-0.0024934020458181,0.0032744066338406,0.0025903510143645,-0.018025808897954,0.0134587737793253,0.0003476779879743,-0.0013835343486855,0.2653846153846154,0.4087719298245614,0.4666666666666666,0.4133928571428572,-0.3368421052631579,0.072465960665658,0.1853658536585365,0.160204081632653,0.7,0.4466666666666666
2025-06-23,-0.0039635474967057,0.0325061165021898,-0.0094694725961481,-0.0083941518756501,-0.0033451162895293,-0.0028240764606591,0.0343281384443451,-0.0071587691279781,-0.0049161906761091,0.0046221516816306,0.3673624288425047,0.3787781350482314,0.3607779578606159,0.315625,0.0449999999999999,0.1923076923076923,0.2698564593301435,0.6513011152416358,-0.5294117647058824,0.3160493827160494
2025-06-24,0.0029742620197415,0.0256509673173516,0.0150282722349242,0.0119313247927053,0.0116389810456514,-0.0017394560002392,-0.0533528356527428,0.0046155108423621,0.0102229246591815,0.006915291664154,0.2799999999999999,0.2442307692307692,0.4705882352941176,0.3282608695652174,0.04375,0.2082474226804123,0.4333333333333333,0.4923076923076923,-1.0,-0.0745454545454545
2025-06-25,-0.0001099935763751,-0.0007361633530359,0.0073228803716608,0.0030807534616969,0.0120371706396127,0.00502135333693,-0.0189518508623764,-0.008704550057523,-0.009071430289703,4.630092063336496e-05,0.5999999999999999,0.3764705882352941,0.1781818181818181,0.6235294117647059,-0.2285714285714285,0.3883408071748879,0.3333333333333333,0.3291666666666666,0.0,0.2565217391304348
2025-06-26,-0.0009791025123162,-0.005427668983219,-0.0004857926943596,-0.0002342557681927,0.007047863848334,0.0187697110466569,0.0001694516238462,0.007175169211039,0.0013997820276938,-0.0023497641220994,0.4051948051948052,0.1833333333333333,0.6,0.618,-0.1256756756756757,0.475,0.1090909090909091,0.50625,-0.0333333333333333,0.1163265306122449
2025-06-27,0.0057672522409981,0.0029062233475859,-0.0041658265711561,0.0311037158907505,0.0310900446316021,0.0021472162488069,-0.0036061522024553,0.0004711553448299,0.00151200432884,0.0008129726758685,0.2,-0.0142857142857143,,0.47,-0.1736842105263157,0.2210526315789474,0.0,0.5666666666666667,0.0,0.3235294117647059
2025-06-30,0.0033559386705556,0.0023458850897964,-0.0024599142650718,0.0249304828193623,-0.0030297833093605,-0.0025704887207953,0.0028580816946403,0.0266118526965977,0.0036214089973016,0.0043476349907759,0.3970684039087947,0.2384105960264901,0.195631067961165,0.4033568904593639,0.2679487179487179,0.3119201725997843,0.2980769230769232,0.4634751773049645,-0.3076923076923077,0.1532846715328467
2025-07-01,0.0097180020051067,-0.0017149562234858,0.0026548833203677,0.004803459680441,-0.0130264113761737,-0.0054022624853007,-0.0151524234333902,-0.0182143388977689,0.0003787185125437,-0.0056579910558206,-0.0468085106382978,0.6561797752808989,0.3818181818181818,0.3953488372093023,0.2192592592592592,0.3459016393442623,0.2249999999999999,0.3325000000000001,0.1,0.0054054054054054
2025-07-02,-0.0029550467080463,-0.0030045622149006,0.0181684300939872,-0.0110320327149951,0.0001534967256382,0.0063736736073828,0.0004679019277559,0.0190306780068898,0.0033838558655688,-0.0099927330734059,0.3466019417475728,0.4002020202020202,0.3337796086508754,0.2449330783938814,0.3505962521294719,0.2704667176740627,0.0333333333333333,0.3808290155440414,-0.3,0.1212765957446808
2025-07-03,0.0034031863494348,-0.0062858710681028,0.006067750543824,0.0006124502693973,-0.0054102382931221,-0.0056393216566655,0.0020468254237097,0.0205242937938027,0.0023201293318948,0.0120642902695397,0.7217391304347825,0.4853658536585366,0.3759999999999999,0.1272727272727272,0.2941176470588235,0.5154639175257731,0.2714285714285714,0.74,-0.2499999999999999,-0.125
2025-07-04,0.0066821874610591,-0.0037979836383029,-0.0005251647593793,0.0225906212757385,0.0033269710415827,0.0058197152120674,0.0075442295829018,-0.0043620888613184,0.0025565388397246,0.0123615904546843,0.2,-0.1,0.3125,0.1699999999999999,0.3857142857142857,0.3640287769784173,0.6000000000000001,0.5181818181818181,0.4666666666666666,0.2833333333333333
2025-07-07,0.0203305667695478,0.0101198659294801,0.0139762586154829,0.0011426973809307,0.0014548222769848,0.0021262581530162,-0.0033046250467402,-0.0076107062635586,-0.0019920549944532,-0.001351154525602,0.5094339622641509,0.2997624703087886,0.2597938144329897,0.2141119221411192,0.1571709233791748,0.310353866317169,0.2050761421319797,0.4713216957605984,0.55,0.2151408450704226
2025-07-08,0.004896981225065,0.0196442853351213,0.0274046626362606,0.0049740843146592,0.0131163180493575,0.0034003934364004,0.0134734213004644,0.0135396164567067,0.0036107897080973,0.0094065347819107,0.32,0.475,0.75,0.2896551724137931,-0.0428571428571428,0.1390243902439024,0.0222222222222222,0.3857142857142857,,0.4551724137931035
2025-07-09,0.0248769246145435,0.0118374050201236,-0.0002259781346674,-0.0089119319403984,0.013370965137017,0.0049482711166433,0.0035993742307294,9.3819299182063e-05,0.0050696969408977,0.0030972600000754,0.7473684210526316,0.1272727272727272,0.6112244897959184,0.3833333333333333,-0.181294964028777,0.3772357723577236,0.4859504132231405,0.5590361445783133,0.2727272727272727,0.2876404494382023
2025-07-10,-0.0001691209677876,0.0402519118308591,0.0083167295995248,0.0232888796537823,0.0052016386828236,0.0032111420829642,0.0110048719780925,0.0034107802418948,-0.002006031004467,-0.0018881911739054,0.4779944289693594,0.557142857142857,0.7510204081632652,0.0969696969696969,0.3357277882797732,0.3007874015748032,0.2896551724137931,0.2967213114754098,0.0,0.1935483870967742
2025-07-11,0.0045728647827172,0.0208996263607641,0.0092403384456499,2.8486571929035403e-05,-0.0008044120448904,-0.0020202226659607,-0.0091107736654764,-0.0088282399181444,-0.0085484129125808,-0.0092070003000745,0.4949152542372881,0.6439024390243904,0.4426512968299712,0.4441281138790035,0.4673306772908366,0.2783147459727386,-0.2,0.3495145631067962,0.0,0.0612903225806451
2025-07-14,-0.0007360565154111,0.0222192281776716,0.0022389918843993,0.0003012337197679,-0.0035365017243786,0.0275497194947155,0.0013546820170807,-0.0098789685838649,-0.0008438196540047,0.0236392601671275,0.3393258426966292,0.496165191740413,0.3799256505576208,0.417910447761194,0.2368783473603672,0.2799043062200956,0.0592592592592592,0.2680232558139535,0.223076923076923,0.4010752688172042
2025-07-15,-0.0112915087970427,-0.0127193987453492,0.0006356612929775,-0.010606317063394,-0.0042302702722444,-0.0064528933160864,-0.0058551092871127,-0.0096644475040501,0.0003221393615481,-0.0106551133371205,0.2428571428571428,0.39,0.487012987012987,0.5228571428571429,-0.0105263157894737,0.2351598173515981,0.3102564102564102,0.399009900990099,-0.5,0.3222222222222222
2025-07-16,0.0109192731002095,0.0250776893024763,0.0118674134062168,0.0009985571034005,0.0018506182216633,0.0098745220888455,-0.0019796501308928,-0.002551732881489,0.0016670990924011,0.0133850224848703,0.1142857142857142,0.68,0.7857142857142857,0.6725274725274725,0.0,0.2936708860759494,0.2594594594594595,0.064,-1.0,0.3719008264462811
2025-07-17,0.0016120538048332,0.0590661507357042,0.0003157652723222,0.0039787953056165,0.0081194953950932,-0.0017507005005568,0.0002260112469087,5.694120649316995e-05,0.0035462276910258,-0.0064955819523562,0.47117903930131,0.4987546699875467,0.3116424116424116,0.7029729729729729,-0.6354260089686099,0.2646634615384615,0.0,0.4415730337078651,0.6608695652173914,0.2505154639175257
2025-07-18,-0.0008137699068783,0.0096381368314338,-0.002255241863776,-0.0036220549911316,0.0118440461659772,0.0162955132962268,0.011234728170584,0.0140321362523886,-0.0022230081331097,0.0136704002353813,0.51,0.4434782608695653,0.3941176470588235,0.6703703703703704,0.2447368421052631,0.2663265306122448,0.2277777777777777,0.4571428571428572,0.2666666666666666,0.0864864864864864
2025-07-21,-0.0043166657817615,-0.0414867912099437,0.0071659098205354,-0.0058234013301167,-0.0112883143162383,-0.0122679359350639,-0.0087625402243218,-0.0080984250271272,0.0014909170501875,0.0077569657654451,0.4627737226277372,0.4457831325301205,0.5000000000000001,0.3321428571428572,0.362962962962963,0.1764150943396226,0.2627218934911242,0.2236111111111111,0.2,0.2775700934579439
2025-07-22,0.0149396119417357,0.0372405838153893,0.005130501209335,0.0092940113212128,0.0026422307142837,0.0086801092179782,0.0006562652184481,0.0169132903186459,0.00624557846697,-0.0015423264057773,-0.0772727272727272,0.1647058823529411,0.060377358490566,0.3837837837837837,0.069172932330827,0.3747508305647841,0.0,0.4920634920634921,0.5333333333333333,0.1775510204081632
2025-07-23,-0.0019986574460041,-0.0207326673727755,0.0244178317255451,0.0143543757546636,0.0122010683929556,0.012004778100524,0.0130149511246484,0.0077888561035468,0.001627335144265,0.0061172618447686,0.6461538461538462,0.4444444444444444,0.6307692307692307,0.6453125,-0.0727272727272727,0.4247619047619047,0.1846153846153846,0.24,0.16,0.1816326530612245
2025-07-24,0.0017503743201407,0.0022227228354734,-0.012586250509099,-0.0044386644981738,0.0079512414731948,-0.0068999857732251,0.0135051088257646,0.0027172962633397,0.0090262107273043,0.0004496150171415,0.2909090909090909,0.1333333333333333,0.6363636363636364,0.2978723404255319,0.0,0.2842105263157894,0.1999999999999999,0.375,0.55,0.2085106382978723
2025-07-25,-0.0013010547147656,0.0058155793016121,0.008361240042197,0.0091271005523426,-0.002853882225667,0.0005023601267779,-0.0043059075169065,0.0155462211559084,-0.000868139434422,0.0058377283963127,0.5660377358490567,0.5593220338983051,0.5842105263157895,0.4813953488372093,0.6681818181818182,0.3245901639344263,-0.0297520661157024,0.3470588235294118,,0.1225806451612903
2025-07-28,0.0090023435018208,0.018856872169805,0.0394290748226885,0.0044747207543639,0.009847634669498,-0.0006936408984422,0.0044676662226202,0.013341868359656,0.0009697230901842,0.0149756647909827,0.4781609195402299,0.3951219512195121,0.3877192982456141,0.5741228070175439,0.1357664233576642,0.2915384615384614,0.0896969696969697,0.6408304498269898,-0.3333333333333333,0.266046511627907
2025-07-29,-0.0396666997230867,-0.0420184168664736,-0.0368252889027989,-0.0594154315907608,-0.0369508442737566,-0.0470880422540074,-0.0202052577159264,-0.0426001693581384,-0.0210420901498499,-0.0295465462502023,0.7333333333333334,0.1333333333333333,0.7619047619047619,0.6122448979591836,0.3862068965517241,0.44,0.3105263157894737,0.3487179487179487,0.1833333333333333,0.4769230769230769
2025-07-30,0.0240474373420362,-0.0069182501758684,0.02671013013352,0.0027404821751821,0.0038795628382985,0.0053437513907761,-0.0032176945778975,0.0237439473540207,-0.0047614854624991,0.0010634114769439,0.14,0.1553191489361702,0.678688524590164,0.3999999999999999,0.5184466019417476,0.2325358851674641,0.0222222222222222,0.2571428571428571,,0.1868852459016393
2025-07-31,-0.0082780347520593,-0.0165442303657491,-0.0174927783397903,-0.003575054799615,-0.0108879491115186,-0.0166848431148883,-0.0013193377197338,0.0074445229920398,0.0206629358405673,-0.0013855598470895,0.6230769230769232,0.4048780487804878,0.5142857142857142,0.5356164383561643,0.5965909090909091,0.397923875432526,0.1270072992700729,0.4530000000000001,,0.2144144144144144
2025-08-01,-0.0172919868719706,0.0069268927379696,-0.0134901608902933,0.0051211539755577,-0.0044311768985736,0.0294259340518092,-0.0022922085923678,0.0228639172459086,0.0035094619171879,-0.0049469894809343,0.0607142857142857,0.4076923076923077,0.6999999999999998,0.1999999999999999,0.2857142857142857,0.2,0.0307692307692307,0.3287671232876712,,0.2806451612903226
2025-08-04,0.0227815618046428,0.0545998910484891,0.0084568922385806,-0.001875505515962,0.0096660531768354,0.0051456913574533,0.0062122445837379,0.0099226821893962,0.00270631139885,0.0409437558151804,-0.6416666666666667,0.2887987012987013,0.4074626865671641,0.2853135313531353,-0.0705202312138728,0.2914383561643835,0.263013698630137,0.266601752677702,-0.2249999999999999,0.0018518518518518
2025-08-05,0.0145585995461586,0.0244682176741619,0.0216799531469518,-0.0041640077658793,-0.0026836530469646,0.0001284078358313,-0.0031469260382218,-0.0087828403433521,0.0001112346710698,-0.0118202586724186,0.6625,0.572,0.4818181818181818,0.6098360655737705,0.3322033898305084,0.1818181818181818,-0.0354430379746835,0.4439024390243902,0.4285714285714285,0.5493975903614458
2025-08-06,0.0178514639517328,0.0118849088646981,0.0191699221077014,0.0177024112485025,0.0150231433576664,0.0409134738754185,0.0237872521140724,0.0115016656978204,-0.0063784977977329,0.0056016654077901,0.3454545454545454,0.4618257261410788,0.4992031872509959,0.4428571428571429,0.3950331125827814,0.3548736462093863,0.0851063829787234,0.2391304347826087,0.6666666666666666,0.417910447761194
2025-08-07,0.0073119420949644,-0.0184359876518246,0.0410684807469337,0.0073847993093444,-0.0019974618260863,-0.0013385500671668,-0.0040138003010519,0.0307064295287182,0.0003287866207883,0.0101856813259128,0.5,0.1454545454545454,0.624,0.3489361702127659,0.1119999999999999,0.2470588235294117,0.3307692307692308,0.3714285714285714,0.0,0.4990825688073395
2025-08-08,-0.006113299993557,0.0116385623788314,-0.0125378973674541,0.0225026562324152,0.0027449933837385,-0.0088437425701266,0.0384746120732324,-0.0103695416418536,0.0083334100090639,0.0073841393797073,0.0571428571428571,0.4346153846153845,0.3865384615384615,0.2329268292682927,0.1311688311688311,0.2769820971867008,0.5454545454545455,0.4181818181818181,0.7,0.3319148936170213
2025-08-11,0.0059994129731694,-0.0044318538838914,0.0090481113320079,0.005759993381396,0.0292331892870287,0.0141207282937857,-0.001210763175817,0.0009144366170615,-0.0060547997620448,0.0046820189810833,0.5051612903225807,0.3513368983957219,0.5692771084337349,0.1787658802177858,0.2270194986072423,0.2738566798703637,0.1956097560975609,0.1476923076923077,-1.0,0.108356940509915
2025-08-12,0.0169328514052622,-0.0071133707002041,0.0087127536584038,0.0018470034775814,0.0088385880468643,0.0103164979655185,0.0052743820272103,0.0289500764913782,0.0015651223742167,0.0327707741934026,0.5612903225806453,0.5544554455445545,0.4296296296296297,0.6391752577319588,0.0448,0.3205128205128205,-0.0166666666666666,0.3363636363636363,-0.0571428571428571,0.2847457627118644
2025-08-13,0.0072761328225178,0.0004745722351765,-0.0130648442680596,0.0223606353830789,0.0029958758225397,-0.0147726225705777,-0.0103746054462811,-0.0020245459777417,0.0111411326336828,0.003280179119771,0.5955823293172692,0.541880341880342,0.4139037433155081,0.4374055415617128,-0.0610619469026548,0.3605363984674329,0.4173913043478261,0.4521951219512196,-0.0799999999999999,0.3952302631578948
2025-08-14,0.0249205016606184,0.0176811809444912,-0.0018802383397146,0.001862479031351,-0.0013526058067343,0.0028471957718592,-7.445237517093399e-05,-0.0035537622614978,-0.0028944237616325,-0.0089654817039917,0.508883826879271,0.8100840336134454,0.48,0.3625,0.1016722408026755,0.3631578947368421,0.7273584905660377,0.2266666666666666,-0.0666666666666666,0.2716981132075472
2025-08-15,-0.0216064300240793,-0.0129040083201663,0.0004793317265839,-0.0279578790410149,-0.0132708934278089,-0.0201697635346842,0.0030483057176724,-0.0124125941214118,0.0052273939461618,-0.0214203206500159,0.6880000000000002,0.2709677419354839,0.4,0.4837209302325581,0.3333333333333333,0.3948717948717949,0.16,0.44,0.0,0.0721311475409836
2025-08-18,-0.0041115878458714,-0.0031328556998043,0.0178682829683639,-0.0209779959813857,-0.0008698013865483,-0.0128621113311617,0.0055235860872943,0.0314216470873736,0.0003622986604499,0.0152273682822499,0.4073812580231065,0.3106870229007634,-0.1328947368421053,0.4014099400775467,0.1492563950029744,0.398329207920792,0.1649667405764966,0.3283544303797467,,0.1466216216216216
2025-08-19,0.0064536662529032,0.0,-0.0102086632196939,-0.0015358623702295,0.0033015254021141,-0.0073461546184365,-0.0028769397336383,-0.0067053884429653,-0.0062043150289958,-0.0025514341010438,0.5870967741935484,0.6285714285714286,0.5860759493670886,0.518421052631579,0.6962962962962963,0.2918918918918918,0.2465909090909091,0.3408163265306122,0.4,0.1763157894736842
2025-08-20,-0.000704914392856,0.0241062419275606,-0.0374982452848541,-0.0336595783201286,-0.0098899868426483,-0.0056122344431234,-0.0302594121149651,-0.0242205122790248,-0.0098709970773122,-0.0172204018530103,0.6428571428571429,0.5528735632183908,0.5580645161290322,0.2450704225352112,0.26875,0.1932584269662921,0.1777777777777777,0.4935483870967742,,0.3319148936170212
2025-08-21,0.0273982688726763,-0.0059019657880737,-0.0038714021735725,0.0169897142398188,0.0010967582600478,-0.0031146312605391,-0.0014399114229209,-0.0054459179908665,0.00888644800968,0.0033499837376444,0.5380434782608696,0.4089887640449438,0.3870967741935484,0.4686746987951807,-0.0303030303030303,0.3587939698492462,-0.1636363636363636,0.6142857142857142,0.1999999999999999,0.35
2025-08-22,0.0037370566969111,-0.0267385681218666,-0.0399883247734657,-0.0285779729587639,-0.0265826837391196,-0.0024582222827258,-0.0238647486663324,-0.0296991850553892,-0.0100377766210676,-0.000612895819956,0.3114285714285715,0.7,0.1727272727272727,0.3758389261744967,0.4,0.5404580152671756,0.0349514563106796,0.5429752066115703,0.5777777777777777,0.2640522875816994
2025-08-25,-0.0343136802281316,0.0226765892687215,-0.0064391016361274,-0.0055742376822684,-0.0076326935207713,-0.0240918968069639,-0.0052877659613755,-0.0295959734950535,-0.0042909457310588,-0.0132021585042952,0.2101175268267757,0.4137931034482758,0.5442970822281167,0.3968885047536733,0.3199999999999999,0.259161759612054,0.2251655629139073,0.4085688240656335,0.2933333333333333,0.2422360248447205
2025-08-26,0.0259763066652908,0.0500843577287755,0.0361336251712377,0.0127730533358213,0.0146180843979303,0.0433316514339355,0.0189053881275254,0.0239408016785591,0.0015261649016053,0.0164840778130036,0.0235294117647059,0.5181818181818182,0.631578947368421,0.3249999999999999,0.8,0.2115384615384615,0.0833333333333333,0.4166666666666667,0.0,0.1186813186813186
2025-08-27,0.030569943575084,-0.0105186086411703,-0.0113139593095759,0.0292269616559493,0.0097164799652341,0.0024990421451186,-0.0023783886636791,0.0398339527127931,0.0037852049589746,0.0172374484420062,0.5232074016962223,0.597979797979798,0.4262626262626262,0.5459459459459459,0.4269230769230769,0.2878444084278768,0.4900000000000001,0.5611940298507462,0.2,0.2222222222222222
2025-08-28,0.0003983150717596,-0.0069306306830299,0.0071397313296466,-0.0023004838158583,0.0103464058011436,0.0158037598165238,-0.00047614054918,0.0155510580445172,0.0006303600704043,-0.0021667737982911,0.465625,0.7,0.0058823529411764,0.3767123287671233,0.4666666666666667,0.3826086956521738,0.2944444444444445,0.5365853658536585,0.1,0.1775
2025-08-29,-0.0010839162552492,-0.0027302140962043,0.0061213589568499,-0.0167660183595125,-0.004241368920535,0.002210514920949,-0.0093018756075431,-0.0091887935969517,0.0046343925169269,-0.0006227644785972,0.5340232858990945,0.1939524838012959,0.2719367588932805,0.5761248852157944,0.2024096385542168,0.3735573411249087,0.2624472573839662,0.3640718562874252,0.0,0.0705882352941176
2025-09-03,-0.0071691596333402,-0.0045265774809369,0.0539223592340692,0.0220530947574701,0.0051979536151098,0.0024671718775497,0.0151593673742166,-0.0005348793023133,0.01016497008194,0.0064317146299725,0.4615384615384615,0.2010752688172042,0.4171428571428571,0.4536977491961415,0.4118181818181818,0.3629921259842519,0.2235955056179775,0.5064,0.5666666666666668,0.3002645502645502
2025-09-04,0.0112445475503841,-0.0031452670906803,0.065425502177665,0.0113036334894709,0.014239677630635,0.0221115698659759,0.0096635216510056,0.0073671274041188,0.0026914449784994,0.0057207478538457,0.5116343490304709,0.4461928934010152,0.5874371859296483,0.5355828220858897,0.2490909090909091,0.4125925925925925,0.2439024390243903,-0.0609756097560975,0.6499999999999999,0.3326375711574953
2025-09-05,-0.0225054049789128,-0.0056361652456354,-0.0263710382921939,-0.0153349122227577,-0.0104959040003518,-0.0220436871088947,0.0004939059592773,-0.0096481600402978,-0.0053907194705947,-0.0099292314857093,0.641196938065414,0.258139534883721,0.2976591075347476,0.1363543788187372,0.3778541226215644,0.2570093457943925,0.0910714285714286,0.4346420323325634,0.3,0.1644171779141104
2025-09-08,-0.0265150845252607,-0.0211311373523927,0.0016000201349656,-0.025596302895704,-0.0131448905416461,-0.0275442494232617,-0.0228015583179153,-0.0132831989744461,0.0092856004708276,-0.0346002439437992,0.4217391304347825,0.2216867469879518,0.3344827586206897,0.138235294117647,0.2570588235294118,0.2659630606860158,0.1856557377049179,0.5320930232558141,-0.2,0.1540322580645161
2025-09-09,-0.0013241115464174,0.0169442331540154,-0.0056702813052043,0.0027508852485883,-0.0052366084703283,0.0161584566176566,-0.0039173803380331,0.0066819602723887,-0.0029920009769799,-0.0018810004274332,0.4467153284671534,0.6,0.2714285714285714,0.3142857142857143,0.4823529411764706,-0.1470238095238094,-0.0350364963503649,0.4071428571428572,0.6,0.2050566695727985
2025-09-10,0.0110185806793183,-0.0035077337843675,-0.008641533578378,-0.0047988169979864,-0.0031505105095774,0.0065366568467197,0.0067545979335846,0.0053067182635954,0.0031975482685986,0.0065513253226216,0.4525252525252525,0.4800000000000001,0.4416666666666666,0.2148648648648648,-0.0647058823529411,0.2941747572815534,0.2058823529411764,0.6000000000000001,-0.1,0.0598360655737704
2025-09-11,-0.0001370824788274,0.0241153321237251,0.0360785477028401,-0.0024922681249294,0.0130743533898636,0.0235492008551046,0.0023065274700821,-0.0075947415856636,-0.0114333138842929,-0.0030225645291147,0.3877777777777777,0.375,0.3347826086956521,0.4,0.385,0.1213483146067415,0.1777777777777777,0.45,,0.2091743119266055
2025-09-12,0.001517784181539,0.0043112436080935,0.0260385308928251,0.0060494372921775,0.0288556534985239,0.0189059973090524,0.020217612734604,-0.0002686808180989,-0.0007630781023864,0.0133344840302143,0.2117647058823529,0.5187499999999999,0.3703703703703703,0.4395770392749245,0.0,0.3444283646888568,0.1939058171745152,0.46,0.5666666666666667,0.2238938053097344
2025-09-15,0.0181622514358268,-0.0051973878691784,0.0087126796745033,0.011040151363826,0.0095748158567918,0.0049898354814464,0.0046149161090098,0.0424788364534866,0.0066471645686256,0.013269768440915,0.311377245508982,0.3213296398891966,0.5593869731800766,0.3726562499999999,0.1565836298932384,0.3508946322067594,0.1138613861386138,0.5847457627118645,0.0,0.2341346153846154
2025-09-16,0.0036485060178969,-0.0116204662542065,-0.0156131648769255,0.008148520928347,0.0098447455540075,0.0042334705439061,-0.0007053235960468,-0.0059513676587544,-0.0079306071871127,0.0006975201086834,0.6027863777089784,0.598989898989899,0.5116504854368932,0.569470827679783,0.4517241379310345,0.4036480686695278,0.5245614035087719,0.5571428571428572,0.2285714285714286,0.3241935483870968
2025-09-17,-0.0193492015928422,0.0165644925227733,-0.020207614833814,0.0180015697736326,-0.0114209060458053,-0.0181786010087722,0.0032485376162961,-0.0006007418742919,0.0047041000198897,-0.0104554893546229,0.4818750000000001,-0.1666666666666666,0.3,0.224468085106383,0.40625,0.3905063291139241,0.2473684210526316,0.6599999999999999,0.0173913043478261,0.1936585365853658
2025-09-18,-0.0076820224031886,-0.0021762349246125,0.0097181939262518,-0.0209463920146585,-0.0119429136013802,-0.0051223851699014,-0.0168195300553223,-0.0129601561124715,-0.0087868146816911,0.0071344239286429,0.5423076923076923,0.5185082872928176,-0.1642487046632124,0.5755501222493887,-0.055440414507772,0.1059612518628912,0.1578947368421052,0.4048128342245989,,0.1328947368421052
2025-09-19,-0.0127884712326072,0.0317745411323515,-0.0104228251820099,-0.0078457442188306,-0.0144416109411008,-0.0003305388489461,-0.0086823127474737,-0.0068748619976924,0.0015852280281877,0.0143943740238129,0.4407766990291263,0.2148936170212766,0.3108108108108108,0.6289473684210526,0.5680000000000001,0.3920353982300885,0.1,0.4064516129032258,0.8,0.3257142857142857
2025-09-22,-0.0075908167484367,-0.0242012430179588,-0.0387710029354354,-0.0270209344642476,-0.0133810677506699,-0.0223977395743418,-0.0187715200701728,-0.0282353771417521,-0.0024073262818698,-0.0169252893957432,0.3352564102564103,0.2915857605177994,0.081046676096181,0.409049773755656,0.1609819121447028,0.3426456984273821,0.1990521327014217,0.471875,0.06,0.1892129884424876
2025-09-23,0.0045531036014399,-0.0006687305234544,-0.001506805168435,-0.0025810424869098,0.0018467487110866,0.0068906602683011,0.0047374022032955,-0.0050883553791652,0.0024329978295697,-0.0023691668522068,0.38,0.5021276595744681,0.5363636363636364,0.3898305084745763,-0.0666666666666666,0.4048,0.2095238095238095,0.4687499999999999,,0.3765765765765765
2025-09-24,0.008876713928519,0.0077694931917451,0.020585069277506,0.0103218078623671,0.0084242872564039,0.0132061992795345,0.0061781274522885,0.0113271461293203,-0.0022466625155127,0.0079935859506707,0.4948849104859335,0.0675675675675675,0.6277533039647577,0.4740506329113924,0.253623188405797,0.4120294599018003,0.1260504201680672,0.4209677419354838,0.0,0.2169312169312169
2025-09-25,-0.0021354327635685,0.0221130829690984,-0.0028281270086129,-0.0090381231038578,-0.0073995948764427,-0.010398235238486,0.0058675569345095,0.0106695013526915,-0.0015866377351687,0.0223022490392206,0.3085714285714285,0.6562500000000001,0.35625,0.5553191489361702,0.4607142857142856,0.3695238095238095,0.1414634146341463,0.2818181818181818,,0.3687500000000001
2025-09-26,-0.0002003674775715,0.0026998998451028,-0.0063299616170415,-0.006921706985004,-0.0036267421615692,-0.0121298570783597,-0.0097109563791975,-0.0107540981421063,-0.0015349164616126,-0.0218688912099629,0.5971830985915494,0.4988235294117647,0.1999999999999999,0.5594594594594595,0.06,0.5140625000000001,0.3411764705882353,0.3176470588235294,0.5599999999999999,0.1861538461538461
2025-09-29,-0.0021710351492502,0.0276057788897587,-0.0074337359818146,-0.009667779428804,-0.0070450118674785,-0.0126065768199629,-0.0004960317460317,-0.0063113630222545,-0.0015875616948816,-0.0090669186441111,0.416891891891892,0.4390624999999999,0.384251968503937,0.5008403361344538,0.2590909090909091,0.3269102990033222,0.0282608695652173,0.4527659574468086,0.0,0.2650887573964497
2025-09-30,-0.0070764371110294,0.0003007066648327,-0.0162337491614833,-0.0170317793017179,-0.0070780161169948,0.0029834381962226,-0.0127349911047584,-0.0225837329701726,-2.312536707493873e-05,-0.0120072346423132,0.618867924528302,0.4956521739130435,0.575,0.3908045977011495,0.2457142857142857,0.1795555555555555,0.3047619047619047,0.4846153846153846,0.8,0.3525179856115108
2025-10-01,0.007303096839607,-0.006427838248239,0.0027660332935403,0.0029351051923884,0.0136258645233003,0.004861603323752,-0.0039430054658917,-0.009934639402202,0.0032881214078666,0.0011987952255803,0.3820603907637656,0.4918294849023091,0.1518518518518518,0.0904191616766467,0.3262390670553936,0.1126159554730983,0.2023696682464455,0.082716049382716,0.6999999999999998,0.052803738317757
2025-10-02,-0.0012638024386084,-0.0097948603425963,-0.021297412790163,-0.0022550120199343,-0.0032586046612554,-0.0101755414645401,-0.0077714534456441,-0.004274574769154,-0.0031910141042823,-0.00321402453013,0.450909090909091,0.0966666666666666,0.5480000000000002,0.5122807017543859,-0.2312499999999999,0.4330188679245284,0.2368421052631579,0.505357142857143,0.0666666666666666,0.2463917525773196
2025-10-03,-0.006779408764081,0.0068720467318764,-0.0215771027014138,-0.0030281985017588,-0.00454137191591,-0.007801785317042,-0.0166052113204046,0.0001320098389859,0.0016563856522732,-0.0129670828283174,0.4483685220729366,0.2224489795918367,0.5006211180124224,0.5361702127659574,0.2826923076923077,0.4218527315914488,0.473469387755102,0.2125,0.0333333333333333,0.3545454545454545
2025-10-06,0.0308755557640861,0.0304642061296204,0.0518066346992603,0.0233198817753088,0.0229006811290067,0.0220567136405314,0.0205329539581765,0.0333597157378346,-0.0010701301110557,0.0156346836149554,0.3578181420286683,0.4531433880458345,0.2308943089430894,0.312121212121212,0.1445098616426258,0.4421206392851005,0.2876662636033857,0.5942735447231425,-0.1166666666666666,0.2014084507042253
2025-10-07,-0.0087176878483673,-0.0065527846771177,-0.014249376687471,-0.0053797640335682,-0.0084252336072948,-0.0010582414601632,-0.0073384210810221,-0.0155661613679719,0.0012701269751024,-0.0066806054277509,0.6785932721712539,0.3242424242424242,0.5730659025787965,0.3102564102564102,0.4778481012658227,0.3720183486238532,0.2692307692307692,0.5318840579710145,0.0499999999999999,0.3289940828402368
2025-10-08,0.012663626267672,0.0083911904462745,0.0153339106178491,-0.001336116535675,0.0108590128920998,0.0100062369086484,0.0052673452939925,0.0038611325081019,-0.0015455702650199,-0.0011466319875825,0.4594059405940595,0.4262582056892778,0.1052631578947368,-0.0605809128630705,0.444943820224719,0.3692118226600985,0.1554054054054054,0.223076923076923,-0.1666666666666666,0.3845360824742268
2025-10-09,0.0120188788428525,0.0258685764007913,-0.0009828764332253,-0.0036906240753676,-0.0031033343295343,0.0040426711942018,0.0092422405838403,-0.0051680988340131,-0.0046356508916926,0.0073908384251245,0.5279746057751382,0.1974358974358974,0.5021201413427562,0.5941830307521305,0.6505300353356892,0.3155774111675127,0.308,0.5261992619926199,0.3142857142857143,0.4139863803038239
2025-10-10,0.0065776792958975,0.0529489533217972,0.0126955167514665,0.0110336982409631,0.0031678471173838,0.0037464316447865,-0.0043259875473441,0.0040986394541831,-0.0008993573697091,0.0066832241799591,0.572108843537415,0.7437086092715234,0.4824644549763033,0.6836363636363636,0.475,0.341159627773801,0.1282051282051282,0.5237354085603114,0.6,0.2728
2025-10-13,-0.0032654492369474,0.0350284368647072,-0.0211538229854357,-0.016971098369265,0.0127856577222941,-0.0049258218760149,-0.0093700113952738,-0.0111726986079273,-0.0063874249512391,-0.0141796115537493,0.5561284131553694,0.622613721103654,0.6365928975810602,0.42831577611372,0.3908349197715529,0.2230470016207455,0.306896551724138,0.5421568627450981,-0.1893617021276595,0.3352045670789723
2025-10-14,-0.0139100243717174,0.0077689473205832,-0.0215222220637777,-0.0144093074425026,-0.0163559659428157,0.0036133555255796,-0.012407777989985,0.0020823882070997,-0.0036597758919226,-0.006530296651294,0.6076923076923078,0.4996987951807229,0.6970930232558139,0.4033573141486811,0.2850202429149798,0.2989988876529476,0.3733333333333333,0.5360248447204969,0.2,0.5293413173652695
2025-10-15,-0.0028585344794333,-0.0095444721967207,0.0007046103394683,-0.0221216831590392,-0.0006346631808951,0.0094568084684003,-0.0094461806483308,0.0048941095729237,0.0096095607473755,-0.0014781985194034,0.6369565217391304,0.0519999999999999,0.0499999999999999,-0.1693877551020408,-0.3999999999999999,0.1881081081081081,0.1959183673469388,0.3742268041237114,0.1,0.2188034188034188
2025-10-16,-0.0005366462091171,0.0143261860849103,0.0097853677894319,-0.0040394353098088,0.0251953787476539,0.0271791968397448,-0.0016949152542372,-0.0078292832970198,-0.0029805615206533,-0.0019867696614975,0.3685185185185184,0.4491803278688525,0.4774193548387097,0.2692307692307692,0.4266666666666666,0.3144654088050315,0.1945205479452054,0.3999999999999999,0.7,0.2702290076335877
2025-10-17,-0.0211000497467643,-0.0235795996670337,-0.0014736106471735,-0.010942565948758,-0.0134769636777922,-0.0120896147056167,-0.0101457548609643,-0.0012535532113901,-0.0090094486289011,-0.0138687683814526,0.3907335907335907,0.5185185185185185,0.3252747252747253,0.5252525252525252,0.4748538011695907,0.4783599088838269,0.0404761904761904,0.4691358024691358,0.0,0.276078431372549
2025-10-20,-0.0562482374568552,-0.0609476692153955,-0.0685033817346084,0.0089955492739789,-0.0538446077357272,-0.0604077030811787,-0.0359040098873044,-0.048871656773122,-0.0189488526424958,-0.0480292675775691,0.4063439065108514,0.1316037735849056,0.5574912891986062,0.4157480314960629,0.1891940730032526,0.3248953059566223,0.0472589792060491,0.3238636363636363,0.1542857142857142,0.2400174876129408
2025-10-21,0.0115753261117165,0.0007791839123895,-0.0124734692068811,0.0458374303043792,-0.00333636942285,0.0219446579162724,0.0149382071026655,0.0263347347330926,0.0107595143034642,0.0167259455482715,0.401840490797546,-0.1489795918367346,0.18,0.516083916083916,0.197560975609756,0.1548717948717948,-0.2466165413533834,0.3635593220338983,,0.2253164556962025
2025-10-22,0.0066881134874747,-0.0035617574244971,0.0030226090596563,0.0071281460563717,0.0057063424032559,0.022026462961581,0.0284547496227672,0.0210423913224728,0.0148123544901749,0.0286421433429926,0.6265957446808511,0.2847651775486827,0.7274939172749393,0.2175886524822695,0.3289940828402366,0.1195230998509686,-0.0326732673267326,0.2622222222222222,0.8,0.3038674033149171
2025-10-23,-0.0068757551647086,0.0304500166384933,-0.007890220488242,-0.0210032097693227,0.0032068091180688,0.0222254130379928,0.0095787959337277,0.0239466519571189,-0.0009984072186556,0.0015755971513203,0.2811428571428571,0.16875,0.3910112359550562,-0.0382978723404255,-0.1,0.2901098901098901,0.232258064516129,0.0131868131868131,0.9,0.0042857142857142
2025-10-24,-0.0009406099795752,0.0070277314827195,-0.0135125713994095,0.0365315341853136,0.0113002100080999,0.0148117860762024,0.0002198714802327,-0.0060298939948552,-0.004681456314282,0.0008241758241758,0.2909090909090909,0.2812499999999999,0.2235294117647059,-0.1363636363636363,0.0476190476190476,0.3469387755102041,-0.0545454545454545,0.6533333333333334,0.75,0.3625
2025-10-27,-0.0133677561407027,-0.0424174840001572,0.0083921905445306,0.0083628696998753,-0.0074806974985991,-0.0282047228155386,-0.0047442964474021,-0.0140127147269064,0.0092079206056285,0.0102131159048267,0.4290171606864275,0.4617834394904459,0.5545454545454546,0.3743961352657005,-0.020322354590049,0.2244718309859155,0.275,0.4491803278688524,0.2799999999999999,0.2962962962962963
2025-10-28,0.0127327668712618,0.0011966148427869,0.022818080986637,0.0131863377661917,0.0044786414351657,0.0267009895425813,0.0045890536434765,0.0326018160511853,0.0050368208975962,0.012101180397949,0.5028571428571429,-0.0736486486486486,-0.2571428571428572,0.405078125,0.171830985915493,0.4270742358078602,0.4399999999999999,0.5713692946058091,,0.4324723247232472
2025-10-29,0.014632167058115,-0.0184856010587481,0.0095634085793066,-0.0027043333683081,0.0036505821707852,-0.0003201922355795,0.0105441357039037,0.025268495685103,-0.0056927844460383,0.0389367391205062,0.5871559633027523,0.5204981837052414,0.8502673796791445,0.3084522502744237,0.6785185185185185,0.2141802067946824,0.1777777777777777,0.7277777777777779,-0.25,0.3075268817204301
2025-10-30,-0.0026568068585759,-0.0054052438585497,-0.0173583287926729,0.041142659487465,-0.0022387018398242,0.0031831889587552,-0.0056335752064888,0.0099950733299878,-0.0091653869982958,0.0048397112321868,0.5864406779661017,0.5360501567398118,0.6356275303643725,0.3534883720930232,0.527027027027027,0.289568345323741,0.4888888888888889,0.5570698466780238,0.8,0.1857142857142857
2025-10-31,-0.0113511393758231,-0.0404711762684728,0.0006107911875694,0.0263324837705808,0.0052115194162608,-0.0117149740554658,0.033691863181438,-0.0152186475645711,0.0106605351170567,-0.0071972931798638,0.6382978723404256,0.796137339055794,0.55,0.4661290322580645,0.1172069825436409,0.4467005076142132,0.125,0.6346153846153846,0.0,0.41625
2025-11-03,-0.0076901993669541,-0.0129970029200847,-0.0039859083465946,-0.018012604199787,-0.009299091666916,-0.0103960110948331,0.0047701740904772,0.0072603485655796,-0.0068211505608253,-0.0148879868343606,0.2539007092198581,0.417557251908397,0.2839506172839506,0.3441048034934498,0.275098814229249,0.1763440860215054,0.1221719457013574,0.6128205128205128,0.8,0.2121428571428571
2025-11-04,0.0216568032097966,0.0280937099712676,0.0291278009484673,-0.014635159180106,0.0125858898422075,-0.0033314602056571,0.0049775676655084,-0.0120376388781396,-0.0121966227001127,0.0092198581560283,0.3724719101123596,0.2059405940594059,0.731400966183575,0.1614349775784753,0.3356756756756757,0.4143051771117166,0.1018867924528302,0.3250361794500724,0.54,0.2525773195876289
2025-11-05,0.0194902565591656,0.0159458575297178,-0.0035382384505245,-0.0071612667992184,0.004597604549416,-0.0075245828379004,0.0431445012800103,-0.0061917076499012,0.0072919200917016,0.0107982265979786,0.3594771241830065,0.3004484304932735,1.0,0.7060439560439561,0.2468619246861924,0.2768924302788845,0.180722891566265,0.44,1.0,0.0557692307692307
2025-11-06,-0.0054049596032991,-0.0062588801934078,-0.0082233398415414,-0.0006874163825929,-0.0062207802571077,-0.0130656126264033,-0.0027859911001566,0.0139412164900934,0.0040853067442182,-0.0086707560041488,0.5643265031911319,0.6551794453507341,0.3165829145728643,0.6981465136804944,0.0357446808510638,0.2305882352941176,0.2789373814041746,0.4,-0.7444444444444446,0.028
2025-11-07,-0.027829045269486,-0.048706258683811,-0.0047246814048803,0.0102388467405896,-0.0110970351193015,-0.0275731238591838,-0.0029587072114987,-0.0321023216717358,-0.0098644191754041,-0.0204328757758379,0.5323076923076924,0.4621513944223107,0.0566037735849056,0.4312796208530806,-0.114516129032258,0.3894878706199461,0.1574074074074074,0.6685714285714287,0.6666666666666666,0.3191919191919192
2025-11-10,-0.0105891642919068,-0.037599724262559,-0.0020110258063079,-0.0244847287589348,-0.0076640042351678,0.0010643149498088,-0.0099230857914587,-0.0155335642666743,0.003481223314815,-0.0103926775107979,0.363851203501094,0.1895330938943047,0.3266247379454927,0.039847836424156,0.2134852359916298,0.3204152249134948,-0.0225250501002003,0.521239744758432,-0.08,0.3151873767258382
2025-11-11,0.0094346198566328,0.0126779929365995,0.0050242127176378,-0.0107358542192013,0.026576200653667,0.0197815161553947,-0.0047750154856425,0.0009161002814508,-0.0053285839583295,0.0009411415329643,0.59070796460177,0.4385964912280702,0.1578947368421053,0.328125,0.2560240963855422,0.3864734299516907,0.3263888888888888,0.5913043478260869,0.8,0.2896551724137931
2025-11-12,0.0104501275265205,0.0548835565579925,0.0221363609693129,0.028291817657645,0.0103793635866472,0.0189047828771407,0.0066502864395063,0.0155115560480305,0.0052886390955544,0.018240036918626,0.5175438596491228,0.5677083333333331,0.1704545454545454,0.7252747252747253,0.3342981186685962,0.2054433713784021,0.3495145631067962,0.3981693363844393,-0.4,0.0246575342465753
2025-11-13,-0.0002789764457758,0.0027128631134336,-0.0095475169675282,0.0069962851872497,0.013491738135605,-0.0056655392390005,0.0330552428512341,0.0247797718546961,-0.002783256634059,0.018585050623087,0.5243243243243243,0.6824966078697422,0.4080459770114943,0.40234375,0.3751568381430363,0.3103448275862069,0.2489361702127659,0.4896907216494846,0.0,0.3412500000000001
2025-11-14,-0.0005039598836174,0.0242748142048845,0.0063068440589202,-0.0025824061507323,-0.0009322649035414,0.0088840635395616,0.006489841318476,-0.0040112085673237,-0.0007613247823178,0.0151441603983678,0.3454545454545455,0.5977011494252874,0.5126760563380282,0.710810810810811,0.1413333333333333,0.3061224489795918,0.3758620689655172,0.6425531914893617,0.08,-0.2333333333333333
2025-11-17,0.0036067319860817,0.0359294228019612,0.0119199913022305,0.0052079339080102,0.0046417752803808,0.0263234955569116,0.0029629020569175,0.0073868344494237,-0.0027783566020698,0.0073627183326204,0.6375384615384616,0.5288667141838918,0.3163841807909605,0.4078104993597951,-0.0771306498763211,0.2686422152052465,0.4384133611691023,0.592896174863388,0.3365853658536585,0.1844331641285956
2025-11-18,0.0021333365565047,0.0280473420801399,0.0044776645593419,-0.0032627391456041,-0.010804512229899,0.0177526498091056,-0.011542140488036,0.0033820558189813,5.830397295773319e-05,0.0003525557861889,0.5249999999999999,0.3237410071942446,0.546875,0.3812824956672443,0.1146616541353383,0.3052631578947368,0.4,0.5982142857142857,0.5142857142857143,0.0336842105263157
2025-11-19,-0.0057729610395548,-0.0036697920839352,0.0003716557906258,-0.0212637519862172,-0.0011831829196494,-0.0128495325482261,-0.0008454498799067,-0.0031734122411526,-0.0126931249717869,-0.000210177003121,0.5979557069846678,0.3450400492914356,0.7000000000000001,0.2072552680714857,0.5762897914379802,0.3254552499031383,0.0,0.6528301886792451,,0.2888252148997134
2025-11-20,-0.0030103850050658,0.0027339117145314,-0.0160864982160505,-0.0051265177374118,-0.0019478022846622,-0.0043593924319804,-0.0034214778199036,-0.008362752784592,-0.0003241841365895,-0.0038641034084544,0.5954545454545455,0.6478260869565218,0.1016597510373444,0.3348214285714286,0.1003584229390681,0.3792298716452742,0.3777777777777777,0.7489361702127659,-0.0999999999999999,0.2476635514018691
2025-11-21,-0.0053014103825432,0.0142249454781574,-0.0041128437272807,-0.0026381427940945,-0.0111170549599426,-0.0029728848597722,-0.0092331963333827,-0.0050924850162425,-0.0108542913556735,-0.0038127116035703,0.6507042253521128,0.9656441717791412,0.4851385390428211,0.3908990011098779,0.264406779661017,0.5382103200522536,0.3136186770428015,0.4399999999999999,,0.2052590873936581
2025-11-24,-0.0026545582752618,0.0342622500380468,-0.0094817580654688,0.0019724489867244,0.014554926260671,-0.0088059156940992,-0.0058634068674077,-0.0195887706006867,0.008334139501148,0.0004456295089061,0.1825633383010432,0.5092556634304207,0.5121540312876054,0.3035789473684211,0.1143056524773203,0.2536470588235294,0.0,0.591304347826087,0.3,0.270785762256548
2025-11-25,-0.0137229746593755,-0.006123377585271,-0.0123627349366655,-0.0224189326117567,-0.0080929998808251,-0.0064425392280269,-0.0052089565710723,-0.0144331699021343,-0.0027938306203149,-0.0208531597508612,0.3199999999999999,0.4101123595505618,1.0,0.396414342629482,0.31055900621118,0.3766233766233766,0.208,0.4090909090909091,0.675,0.123076923076923
2025-11-26,0.0079238318831517,0.0055747420549289,0.0155982975012068,0.0091744327187247,0.0132086217525448,0.0056923326791751,0.0159275352884375,0.0141368194488898,0.0038535955851653,0.0118432792185859,0.3559718969555034,0.562429696287964,-0.021505376344086,0.0456852791878172,0.2334047109207709,0.5964912280701754,0.2452173913043478,0.6722454672245467,-0.25,0.5655737704918034
2025-11-27,0.0001787050413829,-0.0087308430130249,-0.0075609911337176,-0.0032110056817469,-0.005418608035034,0.0160037124674778,0.0036135221962545,-0.0054899516575469,6.588475057622833e-05,0.0019174581349773,0.776978417266187,0.0993788819875776,0.7297297297297297,0.3412698412698412,0.0419161676646706,0.2547770700636942,0.2844036697247706,0.6679536679536678,0.0,0.3279999999999999
2025-11-28,-0.0058343700580849,0.0170520776857534,-0.0100490863053258,-0.0121075619141455,0.006101478630819,-0.0008598615842831,0.0115116036844678,0.0019879135847792,0.009274353281518,-0.0040132200188857,0.7214285714285715,0.3111111111111111,0.2133333333333333,0.163265306122449,0.6799999999999999,0.0954545454545454,0.2736842105263158,0.4787878787878787,,0.2937499999999999
2025-12-01,-0.0047705405945934,0.0199648811072029,-0.0087863616158622,0.0030268970509372,0.029360906056814,0.0018838436612019,0.0071629454482602,0.0005993280089205,0.0147871926561404,-0.0064864443169855,0.4992967651195499,0.5099285146942019,0.5487804878048781,0.4102844638949671,0.2558581380620646,0.3388489208633093,0.1926605504587155,0.4939024390243902,0.1,0.3735999999999999
2025-12-02,0.004059484449247,0.0119567579658889,-0.0011454753722795,-0.0088746166277347,0.0228062494962681,-0.0038368177903061,0.0125109545939964,0.0013060330463148,0.0058020503729905,-0.0070120679928377,0.3526927138331573,0.587516960651289,0.0210526315789473,0.3444108761329305,0.6599690880989181,0.3614035087719298,0.1831325301204819,0.8421052631578947,0.45,-0.0473684210526315
2025-12-03,0.041668266920682,-0.0034086849669761,0.0100756382811427,0.0118800784581816,0.0032261731807104,0.0311890328058651,-0.0148714830003659,0.0071482745544178,-0.0040826966449266,0.0096523903340696,0.6253333333333333,0.6185344827586207,0.0754716981132075,0.384393063583815,-0.0138339920948616,0.6117936117936118,0.1470588235294117,0.7695312500000001,1.0,0.4992846924177396
2025-12-04,-0.0017825311942958,-0.0079611346591255,0.0142371651087924,0.000930367501839,-0.0155185911936703,-0.0048142988103751,0.0123833428049275,-0.0020407937238503,0.0016130766749113,0.0037352762248748,0.5965996908809892,0.4708276797829037,0.2599999999999999,0.1991614255765198,0.7058823529411765,0.2099827882960412,0.3999999999999999,0.5272727272727272,,0.1848484848484848
2025-12-05,-0.0100575133979604,0.0256012606390639,-0.011599672931462,-0.0099227525159519,-0.0142449611536353,-0.0013847209180513,-0.0166496795947727,-0.0206703986078593,0.0004116452988356,-0.0011870234986548,0.3939393939393939,0.785234899328859,0.6610169491525423,-0.2637362637362637,0.2679425837320575,0.5486348122866894,0.256,0.8434782608695653,0.0,0.386046511627907
2025-12-08,-0.0075409856712261,0.0290468200629115,-0.013451411900497,-0.009181144704887,0.0220135142811,-0.0168617990691846,0.0206882551844772,-0.0151831304759245,-0.0060292041215846,-0.0097527225452222,0.4648,0.4674698795180723,0.3809523809523809,0.4697674418604652,0.2263736263736263,0.3788617886178861,-0.0371134020618556,0.5045454545454546,0.2799999999999999,0.5047210300429186
2025-12-09,-0.0064150717440425,0.0027741269984202,-0.0064221635801602,-0.0002566698125873,-0.008480994872169,-0.0146733261177813,-0.0348860836243017,-0.0052374244775601,-0.0086597622929561,-0.0139938623380794,0.4412213740458016,0.6583700440528634,0.3992327365728899,0.4055469953775039,0.5090909090909091,0.3397966101694915,0.6929765886287627,0.8454106280193238,0.7,0.3489361702127659
2025-12-10,0.0060101417934967,-0.0356980937660998,0.0008893691074275,-0.006780898286576,-0.0080954491233709,-0.0043378890098553,-0.0037210833382994,-0.0033060657012098,-0.007423825032568,0.0120718238518623,0.4076555023923446,0.4410256410256409,0.5608695652173913,0.4324675324675325,0.263448275862069,0.1947368421052631,0.2127659574468085,0.724731182795699,-0.3333333333333333,0.3142857142857143
2025-12-11,-0.0069428962552432,-0.0162627037343873,-0.0023150524932421,0.0027952014315835,-0.007158505798848,-0.0063552094215996,-0.0059435689632361,-0.0001685349340528,0.0065171215820002,-0.0085583226147935,0.5248380129589634,0.4844192634560907,0.397497593840231,0.4525139664804469,0.2287723093564088,0.328440366972477,0.032258064516129,0.5010141987829615,0.0,0.0508108108108108
2025-12-12,-0.0139823490641771,-0.0508630534531939,-0.0483732089941253,-0.0228017746593632,-0.033073141600451,-0.0251694988669233,-0.0286123760235642,-0.0250373372484633,-0.0087791215559533,-0.0321562067544302,0.4008810572687225,0.1014492753623188,0.32,0.3095238095238096,0.1029411764705882,0.4642201834862386,0.2162162162162162,0.4393063583815029,,0.4
2025-12-15,0.0013847675568744,-0.0095528982782532,0.0031595576619272,-0.0072021887952175,0.0132932396187105,-0.0060963530959906,0.0148861435692188,0.0056544080042673,-0.0006744260345231,0.0144652095871607,0.4706413730803975,0.2735042735042735,0.186219739292365,0.2908296943231441,0.0762910798122065,0.3764007910349374,0.2408759124087591,0.4922558922558923,-0.5,0.3574468085106383
2025-12-16,0.0129615736827651,0.0151784818662511,0.0258162950460008,0.0135501318475944,0.0242325287692686,0.0404195289007557,0.0394560125647195,0.0129744842491185,0.0066597630427619,0.01715183339731,0.1673306772908366,-0.0832137733142037,-0.2318840579710145,0.2680851063829787,0.3383297644539614,0.4847908745247148,0.5609756097560975,0.4072727272727273,1.0,0.2649350649350649
2025-12-17,-0.0011612103697737,-0.007507235513357,-0.0070458137378105,0.0078324763381138,-0.019215471157606,-0.0032936643471773,0.0099995557479322,0.0006669071840121,0.0015098278867457,-0.0027905228720999,0.550559284116331,0.5908309455587392,-0.0066115702479338,0.305982905982906,-0.0863741339491917,0.5957219251336898,0.6017241379310345,0.8714285714285714,0.3333333333333333,0.4192771084337349
2025-12-18,-0.0027239462182832,-0.0004665267086541,-0.0031486786567898,-0.0118484731667986,0.0059209127170301,0.0011451254660487,0.0048506290797006,-0.0035208232546432,-0.0035654450441375,0.0093546770130132,0.4125,0.5377777777777778,-0.336,0.3775280898876405,0.7263157894736842,0.4136842105263158,0.0566037735849056,0.6298642533936653,1.0,0.5482758620689655
2025-12-19,0.0024138689250074,0.05161694478237,0.0103050488243714,-0.0036712104709053,0.005317238443031,0.0050595438094664,0.0102406114703876,-0.0029363469617396,0.0029936857212569,0.0022211486127781,0.5821917808219179,0.6642335766423357,0.1125,0.4493006993006992,0.1496259351620948,0.3214285714285714,0.192,0.861842105263158,0.85,0.482258064516129
2025-12-22,0.0147442062581861,0.041456013759641,0.0122458439161909,0.0049938285508868,-0.0039349273018031,0.0163646690079313,0.014758291882756,0.015927158390889,0.008469147278675,0.014349907419952,0.5518072289156628,0.5476923076923078,0.5764705882352942,0.5596330275229359,0.3341463414634146,0.2143920595533499,0.2242424242424242,0.7396825396825396,0.3333333333333333,0.4692857142857143
2025-12-23,-0.0083465273070434,0.0380035750488651,-0.0105578147665054,-0.0027167052577668,-0.0033944507444914,0.0022901086509192,-0.00254631189583,0.0020193644302038,0.00406937174692,-0.000768547483935,0.448936170212766,0.3806451612903226,0.5150375939849624,0.416289592760181,0.0641592920353982,0.3795379537953795,0.1944444444444444,0.638888888888889,0.0,0.4536585365853658
2025-12-24,0.0051369877589022,0.0214288777590285,0.0008925852533871,-0.0071195861680994,-0.010173226792417,0.0121196100972265,0.0022480397609642,-0.000882164580557,-0.001331127184498,-0.0034591699974622,0.398780487804878,0.5630434782608695,-0.0105263157894736,0.5704918032786885,0.25,0.4097560975609756,0.35,0.4966666666666666,0.5,0.2885714285714286
2025-12-25,0.0012799280663967,-0.0486287540007602,-0.0060743380796164,-0.0093156782322293,-0.0047366142442628,-0.012330145727061,0.0008681992373223,-0.000740511543515,-0.0006979155417055,-0.0024391372077155,0.48,0.4709677419354839,0.5,0.5391304347826087,0.2411764705882352,0.3649999999999999,0.48,0.10625,-0.4,0.3147058823529411
2025-12-26,0.001837346484866,-0.020003889731988,0.0161004378894501,-0.0017693979778841,0.0005517807906015,0.0009873578604886,0.0216954644494608,-0.0161341978266053,-0.0052080975889429,0.0047834554876808,0.2857142857142857,-0.0424528301886792,0.7142857142857143,0.707641196013289,0.2111111111111111,0.3271028037383178,0.4137931034482759,0.5882352941176471,0.7,0.3145161290322581
2025-12-29,0.0009617234083478,0.0558969804696502,-0.0015478886437515,0.0136965106382917,0.0044366809121914,0.0097642342302787,0.0447178648378134,0.0093011067794485,0.00363811158029,0.0093491200828157,0.504424778761062,0.3482616381850324,0.2265193370165746,0.3271461716937354,-0.0222222222222222,0.5011990407673861,0.350375939849624,0.4524271844660193,0.2,0.2484342379958246
2025-12-30,0.0095814970907964,0.0005327996665176,-0.0130113355391285,0.0169716640777339,0.0100540908921791,0.0039781725897063,-0.0083782175359469,-0.0013271736062782,0.0079096320534688,-0.0063817326641003,0.4291891891891892,0.9454545454545454,0.0064516129032258,0.6715596330275231,0.2170212765957447,0.26875,0.6313253012048192,0.8736842105263157,1.0,0.3012345679012345
2025-12-31,-0.0020839828909252,0.0187891810395578,-0.0079599186319227,0.0013758928393434,-0.0068414094656201,-0.0047054137810501,-0.0164523517253721,-0.0092647598293846,0.0130601881605099,-0.0043692712034274,0.4265232974910394,0.6699629171817058,0.4344262295081967,0.2169312169312169,0.0678571428571428,0.5035971223021583,0.183673469387755,0.5121951219512195,0.6,0.5882352941176471
2026-01-05,-0.0084440047746308,0.0299906373994221,-0.0186544312080103,-0.0074469412321146,-0.0119000400699463,0.0243830087519419,0.0412386519664948,-0.002564095455455,-0.0034893991395229,-0.0023979042849528,0.5374878286270692,0.5871559633027523,0.4909596662030598,0.3337988826815642,0.3377851975514746,0.2877372702621272,0.5770282588878761,0.6717171717171717,0.5,0.3346153846153846
2026-01-06,0.01153842731628,0.0231271208561733,-0.0031093245378959,-0.0058821242592465,-0.0001761174477331,0.0100234829613758,0.0515354210080733,-0.0051077094710933,-0.0003157676521429,0.0109734408923944,0.126,0.440655737704918,0.4666666666666667,0.2103626943005181,0.156198347107438,0.4108108108108108,-0.0289256198347107,0.2947368421052632,0.9,0.2137931034482758
2026-01-07,0.0425324188150607,0.0256669458783145,0.0305920343153753,0.0564864040834297,0.0132669316556834,0.0228764212817368,0.0507122567204552,0.0351340489801662,0.0051559014677471,0.0293022216473219,0.3527896995708154,0.0694736842105263,0.8117647058823529,0.3575289575289576,0.3208163265306123,0.5015197568389058,0.5169811320754717,0.6476190476190476,1.0,0.4996825396825397
2026-01-08,0.0466504740263649,-0.025180856976265,-0.0059357976252171,0.00098725896492,0.0053184190201431,-0.0176243139445836,0.0164586378216031,0.0041990583995176,0.0006483682731791,0.0075038838754499,0.4641555285540705,0.4636015325670497,0.5371900826446282,0.4636015325670498,-0.3944444444444444,0.1790575916230366,0.8436724565756825,0.4896551724137931,1.0,0.5611940298507463
2026-01-09,0.0680372810440309,-0.0178554007647288,-0.0090073070140717,0.067520616923004,-0.0096218181491044,0.0007386640576796,0.0222005379533617,0.0069773082509168,0.000582648721086,-0.0016120986561867,0.3901060070671379,0.4682926829268293,0.3214953271028037,0.1402061855670103,-0.138252427184466,0.0314529914529914,0.3453124999999999,0.5526315789473685,1.0,0.1526104417670682
2026-01-12,0.0523352629560066,-0.0397800319698969,0.0486316529215029,0.0416112314324715,0.01878436137647,0.019952826483824,-0.0174442398658738,0.0161968532638275,0.0040870074753041,-0.0030411877394636,0.5758389261744967,0.7087499999999999,0.7714285714285714,0.2974729241877256,-0.1312320916905444,0.262240663900415,0.3540816326530612,0.4686567164179104,0.1555555555555555,0.2301158301158301
2026-01-13,0.016182651903779,0.0168832649421787,-0.0062923188939263,0.0080853329691945,0.0288959351564928,-0.0043531060611099,0.0691486326989782,-0.0045346975148768,0.0050446255335661,0.0343226068953765,0.6813509544787079,0.6849073256840248,0.3389232127096204,0.7374999999999999,-0.3398773006134969,0.3798335780714635,0.6810126582278482,0.7272727272727272,,0.3047619047619048
2026-01-14,0.0331086629543704,-0.0305192655831703,0.0042693515393095,0.0571597826159812,0.051839325761475,-0.0038045907886911,0.0266067709462641,0.0315354433925955,0.0046978050740891,-0.0027946382857937,0.4855284552845528,0.4913333333333333,0.7999999999999999,0.3265822784810127,0.5429411764705883,0.1618025751072961,0.4895027624309391,0.6549295774647887,0.4,0.6600000000000001
2026-01-15,-0.0529439449595983,-0.0340903837519331,0.0303548677599854,0.0356010043391836,0.0117564430248209,-0.0160396242939419,0.0029466621493241,0.0087270475248032,0.0147463379385065,-0.003433575913242,0.2730318257956449,0.3896457765667575,0.4888888888888889,0.6618705035971222,0.2806484295845998,0.2520231213872832,0.3421052631578948,0.6614349775784754,0.7,0.2409356725146199
2026-01-16,0.0044246571581096,0.0328347948868169,-0.005861365953109,0.0320409893459078,-0.0062322401250993,0.0555381029202504,-0.0108127212873387,-0.0048713647101619,0.0063697506323375,0.0075032826861751,0.4076433121019108,0.4853801169590643,-0.0526315789473684,0.352760736196319,0.0138888888888889,0.5128205128205129,-0.5714285714285715,0.1503496503496503,0.7,0.1076923076923076
2026-01-19,0.007849637784056,0.0043612386435352,-0.0042327656342992,0.01106261422713,-0.0090058562907367,0.0200946288477284,0.0477665875257779,-0.0077181619516094,0.0024339881401762,-0.0040059114853684,0.4726077428780131,0.4167073766487543,0.1906354515050167,0.5173514160351018,-0.1394799054373522,0.2580706060033981,0.3539867953275775,0.3403141361256545,1.0,0.2878661087866109
2026-01-20,0.0084658327146438,-0.0126853693957205,-0.012690963419967,0.0161203989855397,0.0201917873426382,-0.0040359142769444,0.0071602150216144,0.0563140307027063,-0.0129375287423878,-0.0001844107085799,0.4891566265060241,0.61875,0.2736842105263157,0.7377049180327868,0.2378378378378378,0.5783333333333334,0.1929824561403508,0.8071428571428573,,0.6833333333333335
2026-01-21,0.0002350186684529,-0.0051951406772452,-0.0206668834816926,0.0013816558881657,-0.0253191017836578,-0.0157632730866908,0.0327660679835525,-0.006724153662062,-0.0061417149215468,0.0070108881050451,0.5522388059701493,0.9,0.5076923076923078,0.5328,0.2744186046511628,0.36,0.2054794520547945,0.6625,,0.3147540983606557
2026-01-22,-0.0171113419420798,0.0001162350751111,0.0132817298364156,-0.0319539285027876,0.0028402135057049,-0.000359050083927,-0.0377115861150318,-0.0034013431371753,0.0006439841150585,0.0125021916607549,0.4864516129032258,0.0254545454545454,0.7368421052631579,0.21875,-0.210958904109589,0.396969696969697,0.1526315789473684,0.3183098591549296,0.78,-0.0217391304347826
2026-01-23,-0.0264238999220738,0.0065759529426801,-0.009608951320628,-0.0472292238009468,-0.0296574800550415,0.0089836697722249,-0.0411679886583052,-0.0200236819745867,6.552720426130272e-05,-0.0261609974334394,0.2664092664092664,0.5148514851485149,0.0424242424242424,0.3678861788617886,0.1698924731182795,0.2560386473429952,0.2,0.5876777251184834,1.0,0.3889655172413793
2026-01-26,0.0091296993798332,-0.0383450855059602,-0.0256101409544144,0.0050252926606064,-0.004140026666737,-0.0045646856200732,0.0354012413013411,-0.0636701096416393,-0.0032055538484955,-0.0035140124529858,0.357006975269499,0.2655654383735705,0.3952380952380952,0.3144444444444444,0.0481586402266289,0.2985754985754985,0.0118110236220472,0.4549600912200684,0.5111111111111111,0.3379537953795379
2026-01-27,0.0059105442877194,-0.0545471018954392,0.0018455423055082,0.022574003261146,-0.0012341737016006,0.0084896855181349,0.0691090595668482,-0.0014494952334524,-0.0001449100673648,0.0115475515220268,0.3347921225382932,0.1911357340720221,-0.65,0.5594855305466238,-0.0760368663594469,0.2939560439560439,0.4024390243902439,0.5447570332480818,0.0,0.4304347826086956
2026-01-28,-0.0078380460545284,-0.027366069883418,0.0161826163759253,-0.0003858566139662,0.0081421627465118,0.0002684439282637,0.0105302460438381,0.0058135538856305,0.0068861438777272,-0.0116977705769154,0.5555555555555557,0.2808955223880597,0.4652173913043477,0.1415384615384615,-0.0795801526717557,0.5075971731448764,0.1807228915662651,0.5139534883720931,0.8,0.3951219512195122
2026-01-29,8.453571986610786e-05,0.0155543251967765,0.0093528369005861,0.0061898991261666,0.0452386005595371,0.0611759740515964,-0.0156606183187848,0.0105968674701704,0.0001383971480513,-0.0098554518237818,0.2716417910447761,0.1806451612903225,0.1692307692307692,0.1494252873563218,0.188785046728972,0.3904761904761904,0.6222222222222222,0.4647058823529413,,0.3702127659574468
2026-01-30,0.0200529102877649,0.0201982447461477,-0.0089394694747737,-0.0018765556728919,-0.0053894283089725,0.0278365941804111,0.018636197706099,0.0186001503753289,0.0024107779737658,0.009843963997077,0.5880551301684533,0.609271523178808,0.5733788395904437,0.4327868852459016,-0.2065727699530516,0.2596348884381339,0.2239999999999999,0.6123456790123457,-1.0,0.7411764705882353
2026-02-02,0.0167394998248714,-0.0503599746706956,-0.0169858798253971,0.0266257538932824,0.0086660722412623,0.0029019271594893,0.0271555925061769,0.0067466277337447,-0.0012482057043,0.0154188678168523,0.3222222222222222,0.554074074074074,0.6388888888888888,0.5111111111111111,0.2127272727272727,0.4956719817767652,0.0028776978417266,0.55,0.3333333333333333,0.2376306620209059
2026-02-03,-0.0010625794463617,-0.0044229149115416,0.0046166738517775,0.0131921957017159,0.010036203194887,0.0201062592099967,0.0008346346576596,0.0396868350451587,0.0001956355387497,0.0051802086500051,0.44243301955105,0.4805914972273567,-0.1903765690376569,0.6005154639175257,-0.0809248554913294,0.383845126835781,0.148829431438127,0.6540540540540541,0.0,0.115112540192926
2026-02-04,-0.0122791961599489,-0.0515807635464603,0.0475681078929107,-0.0159923591875696,-0.0050308406602435,0.0002765445800961,0.0016393655240392,-0.0011257672536283,-0.001524115421487,0.0085765255792915,0.2884480746791132,0.4664788732394366,0.4846905537459283,0.1641693811074918,0.168610816542948,-0.0145,-0.0283870967741935,0.3006060606060605,0.0,0.1039443155452436
2026-02-05,-0.0292090430928321,0.041134482632785,-0.0213555523007123,-0.0475402914196065,-0.0370727651513527,-0.0304357653355928,-0.0248853552221705,-0.0279448193637353,-0.0030146465231896,-0.0121394972640139,0.2,0.2295719844357976,0.4605504587155964,0.2906077348066298,-0.0048387096774193,0.4017761989342807,0.0826347305389221,0.5174603174603174,0.4,0.4096463022508039
2026-02-06,-0.0270473304895933,-0.0020393325470519,-0.0343573774840453,-0.0308625551308532,-0.0139987392106039,-0.0275969959718652,-0.0003225919927267,-0.0073298414670507,-0.0020268829623376,-0.0206973871834696,0.2048780487804878,0.1904761904761905,0.3783783783783784,0.3529411764705882,0.2193548387096774,0.2990825688073395,-0.091089108910891,0.4693877551020409,1.0,0.2564102564102564
2026-02-09,-0.0083274186627447,-0.0052828112848111,-0.0006664458022586,0.0001464722558169,0.0072147754753471,0.0075234882372891,0.0154725949796849,0.0008807433482183,0.0051344485953619,0.0017659677390335,0.0515873015873015,0.36875,0.1641791044776119,0.3577777777777778,-0.0999999999999999,0.3013698630136986,0.2517857142857143,0.4377358490566038,-0.425,0.226
2026-02-10,-0.0327888566484423,0.0479770189598241,-0.0036311310467325,-0.0330940570033519,-0.019125564576757,-0.0232862375719518,-0.0615251879872855,-0.0044118126315156,-0.005672628248787,-0.0191320281564347,0.1285714285714286,0.8461538461538461,0.7375,0.2476190476190475,0.1,0.0059701492537313,0.0571428571428571,0.5459459459459459,,0.5473684210526316
2026-02-11,0.0253982956233053,0.0411378212536728,0.0116387446520824,0.0083335087837748,0.010988545624815,0.0312902443480171,-0.0261385477948107,0.0133694854926165,0.0115194496467196,0.0148901712137781,0.3384064458370635,0.8366533864541832,0.3206106870229007,0.1865546218487395,-0.2216494845360825,0.3087378640776699,-0.1111111111111111,0.528,,0.2461538461538461
2026-02-12,-0.0081899472547272,0.0414697881017418,0.000556250869142,0.0041650109589322,0.0002334543009323,0.0123968215877495,0.0036715761573446,0.0130326362300851,-0.0066553683424752,0.00545539464763,0.4619015509103168,0.6757894736842105,1.0,0.0501043841336116,-0.091743119266055,0.4337926902336728,0.4054054054054054,0.4417177914110429,-0.2666666666666666,0.2666666666666666
2026-02-13,0.001756234272184,-0.0056490687822403,-0.0027775463927068,-0.01755762519061,0.0004006497725029,0.0031802670795418,0.0126647752587318,0.0058074134120334,-0.0035218259941013,0.0028348907178377,0.5775061124694376,0.7202072538860104,1.0,0.2173913043478261,-0.1264516129032258,0.5169117647058824,0.5222748815165876,0.4691689008042895,-0.6666666666666666,0.1089108910891089
2026-02-23,0.0268822658862686,0.0125488530161427,0.0255645634807459,0.043349124335939,0.0127288504738428,0.0056123445831189,0.0693731849796188,0.0193940224144173,0.0078568962991802,0.0170134764220966,0.4779913205207688,0.2797481636935991,0.4570765661252899,0.4134724427307779,0.3733430444282592,0.2464521287227663,0.3235213954756065,0.5660315012666594,-0.1999999999999999,0.3217530732228754
2026-02-24,-0.0136699671573873,0.0021703721942665,0.0300367901013456,-0.0155539334312987,0.0049614274151188,0.0048040399022146,0.0226357203786081,0.0291708178799153,0.0012638181041075,0.0106384073065965,0.4724409448818898,0.037037037037037,0.8857142857142857,0.0055248618784529,0.2297297297297297,0.5590128755364807,0.7670807453416147,0.770909090909091,0.5,0.2148936170212766
2026-02-25,0.0013132290635734,-0.0245922830242446,0.0190428486200318,-0.0140274215479769,0.010233350077368,0.0007747217800396,-0.003381287821876,0.0064227645086138,-0.002450075258331,0.0086158350944695,0.3987577639751553,0.1636363636363636,0.3283018867924528,-0.0186666666666666,0.6842105263157895,0.3701754385964912,0.4,0.2975609756097561,,0.1714285714285714
2026-02-26,0.0012517919729003,0.0234560451331639,-0.0017609561849607,-0.0051545498563055,-0.0080926594237786,0.0079674020937305,-0.0076829236410938,-0.0120439694276492,0.0010729007849115,-0.0059471201422414,0.5124653739612188,0.3006993006993007,0.6556016597510373,-0.0816326530612244,0.0888888888888888,0.4747663551401869,-0.1565836298932384,0.4634146341463415,0.6,0.0699999999999999
2026-02-27,-0.0084720018141677,-0.0006231612077465,-0.0162565978980147,0.0047211377387471,-0.0219058252775003,-0.0077547414616389,0.0184257754236401,0.0180691323737123,-0.0036502058720096,0.0091109599828108,0.5658103689864549,0.5790306627101879,0.542273307790549,0.3745200698080279,0.0421719457013573,0.1333615221987314,-0.0530755711775044,0.34643391521197,0.9,0.504
2026-03-02,-0.0412687728028043,-0.0513827451618149,-0.0168039235071547,-0.0497818525356813,-0.018600180968447,-0.0202998858348267,0.0695744473981811,-0.0037256310643912,0.0012788781797947,0.0503242151073984,0.2463939765661351,0.4099449181317437,0.2214817718541748,0.3351841181708658,0.2427489251347846,0.2665358194308145,0.1534694273384086,0.2513935911904518,-0.7058823529411765,0.1701375245579568
2026-03-03,-0.0277225077845224,-0.0480841616563247,-0.0179492577546388,-0.0205885803429559,-0.0304296432774389,-0.0321816491732918,0.0691906011984377,0.0207216379304365,-0.0010660382651629,0.0224405950320069,0.5379644588045235,0.4954545454545455,-0.0533578656853725,0.14375,0.35,0.6561418685121108,-0.375206611570248,0.1432865731462926,,0.1891174518911745
2026-03-04,0.0280185633664373,-0.0125106532460715,-0.0161217641418983,-0.0277171972217154,0.0035441563377709,-0.00039657148037,0.0379302457085845,-0.0309525483354472,-0.0034852613118225,-0.0314143448584536,0.442008486562942,0.4999999999999999,0.2058823529411764,0.2692307692307693,0.0781710914454277,0.3874999999999999,-0.1289062499999999,-0.1257861635220126,0.24,0.3096330275229357
2026-03-05,-0.0132969711346296,0.0263303576341348,-0.0153815353129402,-0.0019157518714165,-0.0143252797652355,-0.0269771846860651,-0.0666371506912441,-0.0188508981230555,0.0016286313243357,-0.0092618016072346,0.2707964601769911,0.2675675675675675,-0.0260869565217391,-0.0146341463414634,0.3166666666666667,0.4475,-0.0217821782178217,0.1900990099009901,0.2666666666666666,0.3686567164179105
2026-03-06,-0.0162458350349797,-0.0138950654270939,-0.0091126239721596,-0.0338897409982922,-0.013492069676008,-0.02317839037546,-0.0346979909615636,-0.0026767502668103,-0.0044820161212333,-0.0275499004507554,0.5,0.3745019920318725,0.8720000000000002,0.167420814479638,0.6228070175438597,0.3037225042301185,-0.1057884231536926,0.021875,,0.0
2026-03-09,-0.0690966124739084,-0.0683791795219006,-0.0688597190868516,-0.0884662086003789,-0.069115157497517,-0.0693986684640587,-0.0683976458490971,-0.0880518211850273,-0.0185757281841833,-0.0689355447244912,0.4155653450807636,0.0642857142857143,0.4565826330532212,0.0423183072677093,-0.0258064516129032,0.1711711711711711,0.0216154721274175,-0.0684684684684684,0.1428571428571428,-0.003731343283582
2026-03-10,0.0468380258612239,0.0014027076193752,0.0477275434046426,0.039209588900509,0.0414609830129866,0.0444933712903685,-0.0460076018720458,0.0071551128729407,0.0270830305070748,-0.0033458146071746,0.3714285714285715,-0.2475570032573289,0.2231263383297644,0.2872298624754421,-0.0788511749347258,0.0815686274509803,0.1373406193078324,-0.2021344717182497,,0.1871794871794872
2026-03-11,-0.0002929832935847,0.0466644047624754,0.0223056107851296,0.0236416638799903,0.0280793482811029,0.0620625279451576,0.0438661670047241,0.0581865373494657,-0.0008312530694789,0.0269990772010735,0.4272409778812573,0.6236236236236237,0.7709335899903755,0.4580645161290322,0.4806421152030217,0.4959752321981424,0.2958209937479434,0.192,0.6,0.1615160349854227
2026-03-12,-0.0185595414825788,0.0199821418309927,-0.0252407919308148,-0.0314848419462098,-0.0147149084111868,-0.0185753026530252,-0.0328390394948376,-0.0132558426185543,-0.0007065794555342,0.0098221193072236,0.6186915887850467,0.4792452830188679,-0.0202898550724637,0.5794871794871794,-0.0175438596491228,0.3999999999999999,0.1564356435643564,0.1975,,0.4032258064516129
2026-03-13,-0.0081967845461024,0.0290567984453898,-0.0031535017648245,-0.0145153629171666,0.0167186240901737,-0.0205437836793483,-0.056457375463668,-0.0150213772179203,-0.0097729044732417,0.006329619714864,0.1595744680851064,0.4241573033707865,0.0372881355932203,0.2826704545454545,-0.4606741573033708,0.1604095563139932,0.0319506726457399,0.2327586206896551,0.6,0.0975806451612903
2026-03-16,-0.0024821026005198,0.0293848840315171,0.0048421812380372,0.016095880471874,-0.0079560215764165,-0.0029701356409928,-0.0492934976132327,-0.0159231208822201,0.0052718316403146,-0.0133645977237163,0.3067226890756302,0.1488469601677149,0.2103321033210332,0.3245901639344263,-0.1608796296296296,-0.0147435897435897,0.204250295159386,-0.0048701298701298,0.7,-0.0193298969072164
2026-03-17,0.0133904061170577,0.0074473954387969,0.0049679198151972,0.0175803726226364,0.0058803746824288,0.0139827491141721,-0.0355880704817747,0.0128304531680802,0.0053163322280386,-0.0097795487580955,0.3858823529411765,0.5869218500797448,0.0701754385964912,0.6845637583892618,-0.2864864864864865,0.5341880341880342,-0.0128700128700128,0.3293103448275862,,-0.0444444444444444
2026-03-18,0.0127511010188977,-0.0103543377110446,0.000169912764855,-0.0077094529655152,0.0014248518402362,-0.0051491256070118,0.0639576097725066,0.0179306757246651,-0.0075820332562957,0.0162538028957171,0.3300390117035109,0.4661870503597122,-0.54,0.5456603773584906,0.2655737704918032,0.1611336032388663,-0.0967741935483871,0.0791946308724832,-0.6799999999999999,-0.0155844155844155
2026-03-19,-0.0125077063953774,0.0218946536219896,-0.0084845310588446,-0.0168288028859325,-0.0040972230151364,-0.0069656786019229,-0.0326051046168891,-0.0298637249298278,-0.0153347772616625,-0.0027464039877148,0.4485981308411215,0.0975609756097561,-0.081081081081081,0.1306451612903226,0.2978723404255319,0.2514705882352941,0.1135321100917431,0.2623574144486692,0.0,0.0333333333333333
2026-03-20,-0.0274243451513792,-0.041327203862058,-0.0179299694929972,-0.0039738245164395,-0.0366948093651369,-0.0244669113879835,-0.0694020597784728,-0.0294388927934313,-0.0091624578697045,0.0159902045782123,0.471264367816092,-0.1611374407582938,-0.5571428571428572,0.3494623655913978,-0.3736263736263736,0.5255474452554745,0.0197674418604651,0.2644710578842315,0.7,0.2864197530864197
2026-03-23,-0.0240729298732534,-0.0522378691024335,-0.03529873632711,-0.0382491600580037,0.0044216584594913,-0.057149172610139,-0.0196470176009312,-0.0575553834151331,-0.003861532717822,-0.0399921050713321,0.2907749077490775,0.227906976744186,-0.1640449438202247,0.191139240506329,0.0615384615384615,0.1755844155844156,0.1013422818791946,0.2061855670103092,0.2666666666666666,0.1047353760445682
2026-03-24,0.0198483508791151,0.0179960209849925,0.0259167388066592,0.0210884713241237,0.0254355756766864,0.028994210960955,-0.0167269744537497,0.0358991183468955,0.0023501953460389,0.0235676206690792,0.3581081081081081,0.2008670520231213,-0.1,0.5476190476190476,0.1958762886597938,-0.1036468330134357,0.0742857142857142,-0.2331887201735357,0.675,0.2078651685393258
2026-03-25,0.0095073854981941,0.0439032137543603,0.0126585968372507,0.0266453297275589,0.0073725831151736,0.0319291968964056,0.032471600169124,0.0309847441426388,0.0064971597020877,0.0633544623171137,0.405054797584433,0.1315336013785181,-0.308411214953271,0.7791348600508906,0.3235643564356436,0.5334178590834994,0.1755888650963597,0.0077519379844961,-0.0999999999999999,0.2072727272727272
2026-03-26,-0.0103706144250692,0.0030727287190825,-0.0046577284799972,0.0218971591376403,-0.0183687452976478,-0.0072999691097568,-0.0206558780011983,0.0068585137726637,-0.0065967625109231,-0.0018557058317102,0.0206422018348623,0.7510373443983402,0.6705882352941176,0.6,0.4033613445378152,0.1914543960558751,0.3306930693069307,0.401294498381877,0.48,0.2038834951456311
2026-03-27,0.0231297773499667,0.0151688430222782,0.0283105814519466,0.0047814815972706,0.0113512155146902,0.0265896294413968,0.0372164654266817,0.0145567912935595,0.0089636995864717,0.0005295371707585,0.52103605180259,0.8064090480678606,0.4173913043478261,0.3206964954815958,0.0672778561354019,0.0118754325259515,0.1649577464788732,-0.1448686167575607,-0.9,0.2533864541832669
2026-03-30,-0.0150589219007109,-0.0183191765235108,0.0084848718484934,-0.0216543625947272,0.001951425138287,-0.0044373610669318,-0.0077774242507312,-0.001643983953929,0.0064099906610588,-0.0079123229083133,0.4315018315018314,0.6212338593974175,0.3564954682779455,0.4987179487179487,0.0486666666666666,0.30374940673944,0.4112469437652813,0.2190692395005675,0.2823529411764706,0.2512254901960784
2026-03-31,0.0054912144436191,0.0214033909686082,-0.003637405980554,-0.0030270808754809,0.0036810468497117,0.0041478129713423,-0.0313121064716572,0.0099303287576759,-0.0010487266304008,-0.0119803653679253,0.5802769006558174,0.4020044543429844,0.3083718973496003,0.3896068188067088,-0.427494000685636,0.250860683956851,0.1581119422233685,0.1117231881563091,1.0,0.3387248448373143
2026-04-01,0.0138407504618731,0.0381394098272501,0.0056844582629221,0.0261325799041316,0.0120669174656424,0.0079604162035931,0.0097157546582834,0.002359955463679,0.007570673491729,-0.0028820507081376,0.3981693363844393,0.7983104540654699,0.4333333333333333,0.5504587155963303,-0.0285714285714285,0.2388535031847133,0.2030769230769231,0.2527716186252772,,-0.0108433734939759
2026-04-02,-0.0133516316438764,0.0148807407466813,0.001265296935287,-0.0130405972141819,-0.0084612522419882,-0.0040299830236478,-0.0112343184754818,-0.0299929423507974,-0.0027634697822761,-0.0189919620171002,0.375,0.6266666666666667,0.008,-0.0976744186046511,-0.0847457627118644,0.3473684210526315,-0.15,0.4887640449438202,,0.0857142857142857
2026-04-03,-0.0131678513098495,0.0157998809754384,-0.0171242502127657,-0.0168136170379669,-0.0085895641181047,-0.0253165436983859,-0.0056248722974735,-0.0191437013380391,0.0012709276945854,-0.0270740760322441,0.4145077720207254,0.0989473684210527,0.388235294117647,0.3939393939393939,-0.3076923076923076,0.5457627118644068,0.0744186046511627,0.4253968253968254,,0.192156862745098
2026-04-06,0.0033296031316334,0.0010842272903176,-0.0042058919696067,-0.0090115683257082,0.0072534720281305,-0.0186478095382864,-0.0282600483963909,0.0096371753884525,-7.4002755371394e-05,-0.0168440255396777,0.3215384615384615,0.3863636363636363,-0.0170015455950541,0.2595238095238095,-0.0274725274725274,0.105702364394993,0.3005681818181818,0.0535248041775457,0.3428571428571428,0.2218934911242604
2026-04-07,0.0003661997619702,0.0031792782331978,-0.0004694302615573,0.0035012957269083,-0.0029681383997828,-0.0216313485922494,-0.0087018784626945,-0.0066810346783298,0.0054398123478769,0.0068548387096774,0.1147368421052631,0.5439739413680781,0.1506849315068493,0.2514285714285714,0.1076923076923077,-0.0470392916436081,0.2050359712230215,0.3077939233817701,0.2666666666666666,0.050735294117647
2026-04-08,0.0477851257504479,0.0690171670690327,0.0420261431094804,0.0520747692778365,0.0305594409479957,0.0617956650074463,0.0349190113550063,0.0339787851020951,0.0028566610691934,0.0342034097589653,0.5061389337641358,0.4159183673469387,-0.152,0.5175000000000001,-0.014,0.1029411764705882,0.4071428571428571,0.5478873239436619,1.0,0.2670212765957447
2026-04-09,-0.0159495294570712,0.0081944964391372,0.0166469094723136,-0.017208266773285,-0.0051991246064913,0.0077512173889247,-0.0200996587349093,-0.0122470222019373,-0.0044110090162711,-0.0123383346494691,0.5128205128205129,0.1481481481481481,0.6291390728476821,0.5773809523809524,0.5008403361344538,0.4688644688644689,0.3220779220779221,0.0118168389955686,,0.0851485148514851
2026-04-10,0.0038929470518946,0.0052915957476444,-0.0095592273174646,0.0036979412618451,0.0105375788833413,-0.0037637489304374,0.039222098752144,-0.0060461440175703,0.0014047077386438,0.0080066198866202,0.3650557620817843,0.346031746031746,0.1394658753709199,0.2857142857142857,0.9433962264150942,0.2264875239923224,0.3145833333333333,0.1510204081632652,0.0,0.2651933701657459
2026-04-13,-0.0089591281298863,0.0311019761583564,-0.0046133797834731,-0.0055348530784582,-0.0068405987892568,0.0019101094958083,-0.0017221116985739,-0.001495342686582,4.1107843109437305e-05,0.0105705648324068,0.4566929133858268,0.3692528735632184,0.5450236966824644,0.4537037037037037,0.4974619289340101,0.3909985935302391,0.2884615384615385,0.710344827586207,0.2068965517241379,0.3676923076923077
2026-04-14,0.0019868989112752,0.0258613551875634,0.0539387489197583,0.0182427973973036,-0.0038732554351195,-0.0003378862998465,-0.0186003100060621,0.0075670639397167,-0.0017206586195979,-0.0042360118409286,0.5923295454545453,0.5294117647058822,0.2678571428571428,0.5833333333333334,0.8076923076923078,0.1607142857142857,0.475,0.7024390243902439,0.36,0.4097560975609756
2026-04-15,0.0039962913141761,0.0518581683052965,-0.0154540562081516,-0.0177390860014555,0.0019793541933084,-0.0143895761738463,-0.007360385547855,-0.0019023109568869,-0.0002694862373368,-0.0107576085087638,0.5285714285714286,0.7532467532467532,0.7623762376237623,0.5273972602739726,0.4615384615384615,0.5789473684210525,0.2956521739130435,0.1692307692307692,0.75,-0.1307692307692308
2026-04-16,-0.0079889211839567,0.0283452913959076,-0.0052109241585854,-0.0172734281754644,-0.0006023161595321,0.0086295627664458,-0.0086718179325877,-0.0078442567439834,-0.0105507246376811,0.006872882560216,0.5024630541871921,0.5332606324972737,0.9032258064516128,0.6742671009771987,0.4622950819672131,0.2473118279569892,0.1818181818181818,0.5857142857142856,0.7,0.2437499999999999
2026-04-17,0.0039080778012632,-0.0186340661793613,-0.0015624805993647,0.0157588077870465,0.0057458666883133,0.0348830546388406,0.0185273626319297,0.0035477647948869,0.0147815078505103,-0.0055762628612669,0.6468354430379748,0.5718685831622177,0.4186046511627906,0.6683006535947713,0.8550185873605949,0.5028901734104045,0.1,0.5853658536585366,-0.0333333333333333,0.0829787234042553
2026-04-20,0.0078168536936213,0.0305008169204887,0.0106425767473987,0.0031008040662878,0.0023247978436657,0.0139177772838912,-0.0124048983365037,-0.0043690455910895,-0.003210454079816,0.0059732877185707,0.383695652173913,0.4114002478314746,0.3620253164556962,0.6766467065868264,0.6581196581196582,0.5257214554579673,0.1424050632911392,0.618421052631579,0.6,0.1828571428571428
2026-04-21,-0.0063948411943539,0.0169447014635328,-0.0066762060757537,-0.0131181009184687,-0.0053659131720108,-0.0191123924035491,-0.006536408002528,-0.0081330726620207,-0.0027787753363396,-0.0094952122148009,0.5121212121212121,0.3679775280898876,0.6847826086956522,0.2375886524822694,0.3891402714932127,0.3187250996015935,0.2222222222222222,0.6938775510204083,0.0,0.3101694915254238
2026-04-22,-0.0018906547139474,0.0533817869275531,-0.0080926495507651,-0.0051637724806636,0.0003515218191978,-0.0017554791516593,-0.0116878654620432,0.0124859049741968,-0.0251162566929257,-0.0089919825180504,0.4116755117513268,0.6632743362831859,0.5403422982885087,0.483271375464684,-0.0150346954510408,0.4169354838709677,0.2,0.0694444444444444,0.47,-0.0692307692307692
2026-04-23,0.0359793661913799,0.0168696548088636,-0.0088539944939363,-0.004661165156504,0.0210122296717182,-0.022117831898052,-0.0030365461470016,0.0049950601690138,-0.0146363356095444,-0.0296410151402984,0.5978494623655914,0.8470995005762582,-0.1611842105263158,0.8048128342245989,0.1544571932921447,0.6355828220858896,0.3563636363636363,0.7196261682242991,0.5555555555555556,-0.0252707581227436
2026-04-24,-0.0231813470832707,-0.0168609884435759,0.0021286361994956,-0.0068843014755861,-0.0158349973021546,-0.0125581918665136,0.0046653010266171,-0.0012317979510658,-0.0111646751504635,0.0045718478130264,0.5789473684210527,0.739622641509434,0.3666666666666667,0.567741935483871,0.6000000000000002,0.2313253012048192,0.8,0.2666666666666666,0.9333333333333332,-0.0191489361702127
2026-04-28,-0.0112340514324273,0.0622577655757929,6.206080167721802e-05,-0.0033829981071629,0.0104873430691176,-0.0171709258444753,-0.0529588409173613,-0.0098417676021071,-0.0051382499886531,-0.0256195156179918,0.5675675675675674,0.6199138343705123,0.4252148997134671,0.479188166494668,0.3415467187118809,0.4560091619509566,0.3241050119331742,0.4022988505747126,0.0,0.3391304347826087
2026-04-29,0.0010103703692067,-0.0280477182436519,-0.0008771929824561,0.0023164282595345,-0.0111198659085607,-0.0012620053768825,0.0149557450822221,5.518623488920405e-05,0.0184852740233325,0.0030440432018753,0.4085561497326204,0.4411715481171549,0.0092307692307692,0.5767441860465117,0.5788235294117648,0.6728971962616823,-0.0713414634146341,0.6989761092150171,1.0,0.0368794326241134
2026-05-04,0.015125204009046,-0.0349898214395415,0.0055205853867699,-0.0077142618563353,-0.001050105010501,0.0089326729205118,0.0275993160586787,0.0014821020838085,0.0025461439552457,0.0248406679652778,0.389388489208633,0.0270518110958276,0.4992743105950653,0.5198637911464244,0.3554757630161579,0.4679376083188908,0.3905405405405406,0.3355371900826446,0.911111111111111,0.3434243176178659
2026-05-05,-0.0073776042705936,0.0106931895418154,-0.0131346447669976,-0.0045832824723422,-0.0019009103836025,-0.0047911106129491,0.0231015822230557,0.0244127105379399,-0.006619560204005,0.0065797714880964,0.3240469208211143,0.3215189873417721,-0.3430656934306569,0.6822429906542057,0.5625,0.1111111111111111,-0.0172413793103448,0.6538461538461539,0.3333333333333333,0.0756972111553784
2026-05-06,0.0086073232209638,-0.0126906708428447,0.0123405499886644,-0.0052357469613009,0.0153309497986207,0.0076779378927605,-0.0007345375408265,0.0051613000187839,-0.0032515983478658,0.0236721688860712,0.399234693877551,0.607603197911568,-0.0619469026548672,0.6691176470588236,0.7303634232121923,0.4778156996587031,-0.3670731707317073,0.5900826446280991,,0.1981132075471697
2026-05-07,0.0009168003745632,0.0182818054692383,0.0031481854671509,0.000582069674764,0.0030788701885047,0.0107292575612774,-0.0337798495000196,0.0008796375967647,-0.010239416684096,-0.0039484912425788,0.4891732283464566,0.5890005913660556,0.1833137485311398,0.2878013148283418,0.4261213720316623,0.3811833171677982,0.271203656678517,0.3375959079283887,,0.137910447761194
2026-05-08,0.018526781014553,0.0213751327908247,-0.0063468550468955,-0.0113253802409189,-0.009440623521603,-0.0073669163456418,-0.01489361024977,0.002896894373412,0.0031554384000926,-0.0287333186978343,0.5631713554987212,0.6003045298819947,0.3971291866028708,0.4230769230769231,-0.0313688212927756,0.7374999999999999,0.029032258064516,0.4528907922912205,,0.4717261904761905
2026-05-11,-0.0147838618291405,-0.0182535797825468,-0.0215626783766419,-0.0247775508346196,-0.0031547026272428,-0.022916506374941,-0.0062009707521331,-0.0076788924497588,0.0005094684830255,0.0007614696085375,0.3994816414686825,0.4723363131191109,0.3745591347284269,0.4146924148914991,0.4029524330235101,0.4926926926926926,0.6030769230769232,0.4264705882352941,0.2950819672131147,0.3729641693811074
2026-05-12,-0.0035607554525628,-0.0131522143987519,0.0052142856200832,0.0054480860511869,-0.0061151737848898,0.0091510846481053,0.0274653450052955,0.0141373892548693,0.0,0.0007896368345175,0.5,0.4444444444444444,0.2,-0.1818181818181818,0.5882352941176472,-0.2941176470588235,0.3191489361702128,0.3888888888888889,0.75,0.24
2026-05-13,0.0123733546128474,-0.0093975153054591,0.0022631368080688,0.0246572814934524,-0.0024468219946921,0.0012877950404845,0.0670540616312479,0.0064698272891254,0.0046171797506067,-0.0017008236797615,0.4455852156057495,0.4965893587994544,0.6798076923076922,0.2236421725239616,0.8400000000000001,0.7000000000000001,0.465034965034965,0.1379310344827586,0.5,0.4230769230769231
2026-05-14,0.0144989342363438,0.0222650995847146,-0.0017279316372376,0.0224153869264278,0.0085296343959106,0.0095543222349299,-0.0031736550160727,-0.0061930947977416,-0.0064372634467783,-0.0076319705144549,0.1416666666666666,0.6224188790560473,0.7741935483870968,0.1627906976744186,0.4285714285714285,0.5882352941176471,-0.2,0.12,0.5,0.2181818181818181
2026-05-15,-0.0074666710494976,0.0124169919014398,-0.0112056988256152,-0.0124229031129818,0.002588598523884,-0.0192356740587508,0.0473130752513439,-0.0068443283856296,-0.0096181565349494,0.0093980310020244,0.5399999999999999,0.8840579710144928,0.4285714285714286,0.4468085106382979,1.0,0.1555555555555555,0.5454545454545455,0.5692307692307692,1.0,0.2711538461538462
2026-05-18,0.0365659040740204,-0.0157423283141668,-0.0066536140546944,0.0456213296445526,-0.001413727170964,-0.0282410985468066,0.0575438019993405,0.0069315969430185,0.0049811309354167,0.0077348527117554,0.3093833780160858,0.7043544690603516,0.3409490333919156,0.1746987951807229,0.4575471698113207,0.6871794871794872,0.1884816753926701,0.4007891770011274,-0.44,-0.1945945945945946
2026-05-19,-0.0059552685342976,-0.0021109625956278,-0.0012445137445137,0.011872649406489,-0.0031331922640296,-0.0026332380680462,-0.0698544364263788,-0.0121594204645999,0.000591000047095,-0.0027448805674612,0.4723404255319149,0.5313351498637603,0.6144578313253013,0.388235294117647,0.4951456310679612,0.4960629921259843,0.0276923076923076,0.6818181818181819,0.3333333333333333,0.4983050847457627
2026-05-20,-0.0072859910825728,-0.0073851716102271,-0.0068056560632045,0.0066406811167519,-0.0132878285452994,-0.0084930820969006,0.0279660542059553,-0.0096175110743301,-0.0031467567619333,-0.0055328359046519,0.2814021421616358,0.090311986863711,-0.7352941176470588,0.6968641114982579,0.7037037037037037,0.270358306188925,0.1302931596091204,0.5652173913043478,0.0,0.4495614035087719
2026-05-21,-0.0014856520890028,-0.0246005947736424,0.0149688463816125,-0.0186317465286216,0.0041543264930787,0.0143126893406992,-0.0222663023827997,-0.0118933023657517,0.0028468439118567,-0.0111126934029191,0.3024445707788517,0.6669832225387781,-0.5449101796407186,0.1703853955375253,-0.1468531468531468,0.6622754491017964,0.1949152542372881,0.7761194029850746,1.0,-0.0386934673366834
2026-05-22,-0.0147377590838944,-0.0114230351637213,0.0133923918290771,-0.0093853653673836,0.0025937421751223,-0.0029594329092563,-0.0291145015624798,-0.0076794685987275,-0.0152330332559659,-0.0055317886883811,0.3790575916230367,0.5333333333333334,-0.5384615384615384,0.2452830188679245,0.0,0.8000000000000002,0.2,0.8434782608695652,0.0,0.196078431372549
2026-05-25,0.001058705203536,0.0141646381494309,-0.0005536340513612,-0.0117075972176276,0.0017311322047524,-0.0110686248774229,-0.0454717761117446,0.0016883459085223,0.0068603797853614,0.0021558652709401,0.2422000878863336,0.4201299980303328,0.1982881597717546,0.8030776092774307,0.2173913043478261,0.5252918287937743,0.2583333333333333,0.6073619631901841,0.125,-0.2138024357239512
2026-05-26,0.0125809986314357,-0.018206770423872,0.0134804820915971,0.0051949261813613,-0.0057720808391886,0.0074639513916335,0.0062229993347916,0.0029327569984672,0.002192021043402,0.0018167272242408,0.1858823529411765,0.591304347826087,0.6216216216216217,-0.0526315789473684,0.3846153846153846,0.6763636363636363,0.1764705882352941,0.4547945205479452,,0.0428571428571428
2026-05-27,-0.0023971159821861,-0.0203041581699722,-0.0037238265156469,0.0046141891053141,-3.955286534518265e-06,0.0089037630397389,-0.0086148904895667,0.0010069487363443,-0.0037957975637198,0.0297006512816141,0.1076233183856502,0.3125,0.1886792452830188,0.6867469879518072,0.7027027027027027,0.7333333333333333,0.4384615384615384,0.1052631578947368,0.0,0.5543478260869565
2026-05-28,-0.0181266747060128,0.0156200246850189,-0.0146270771286843,-0.0198823790397432,-0.0070507026835709,-0.0073413800098062,-0.0008422143832833,-0.0149316374800118,-0.0032094205284468,-0.020510019978382,0.4105263157894737,0.5841584158415842,-0.1666666666666666,0.3903061224489795,0.3692307692307692,0.8045977011494253,1.0,0.2874251497005988,1.0,0.3641379310344828
2026-05-29,-0.0086134691337885,-0.0016186918129771,-0.0037269929652207,-0.0068021224578735,-0.0041595371766778,-0.0125277182545891,0.041856842117664,0.0015867254342753,0.0032979921478484,-0.0054969007560793,0.5055970149253731,0.0459641255605381,0.3265306122448979,0.4025974025974027,0.1791590493601462,-0.1063829787234042,0.3333333333333333,0.6289592760180995,1.0,0.0812499999999999
2026-06-01,-0.002173694355513,-0.0152955948591391,0.0006944444444444,0.0067876844433044,0.0012218231684221,0.0053094967227484,-0.0278652154397534,3.0201660919937368e-05,0.0025781777381209,-0.007779213690984,0.2180947663859997,0.3683968058968059,0.4609609609609609,0.6435921421889618,0.7523791027383959,0.3775775775775776,0.0494968165947833,0.4805111821086262,-0.1615384615384615,0.1559471365638766
2026-06-02,-0.0114848126589032,-0.0256624333620491,-0.0155648244053436,0.024021820845762,-0.010981600184631,-0.0141025415391747,-0.0237313738518638,-0.0053783256569556,-0.000754887837452,-0.0171318867220801,0.2754219843557019,-0.0226876090750436,0.6,0.2293144208037825,0.391304347826087,0.2015209125475285,0.348914858096828,0.3445378151260503,1.0,0.4555133079847909
2026-06-03,0.0041783596632691,-0.0313316744262508,0.0118097811434645,0.0167514291144465,0.0105114525268924,0.0134982990871177,0.0204606954871723,0.000419806984606,-0.0046849602524287,0.0053612027869454,0.4181494661921708,0.5693950177935944,-0.3442622950819672,0.3901437371663245,0.5964912280701754,0.2052173913043477,0.3859223300970874,0.3838383838383838,1.0,0.1243243243243243
2026-06-04,0.0090027166876317,0.0140388266295231,-0.0092595624710078,-0.0012012137724341,-0.0010697391502042,-0.00535417553795,0.0340316337093382,0.0276772593655812,0.0019680935911657,0.0059073318005906,0.2894736842105263,0.4429906542056075,0.5200000000000001,0.3658536585365853,0.6689655172413793,0.71875,0.1967213114754098,-0.1111111111111111,1.0,0.0476190476190476
2026-06-05,-0.0097018085273841,0.008552695343058,-0.0044561467506997,-0.0167749857260826,-0.0051702566154452,0.0002432953752194,-8.74424484779146e-05,-0.0057440476052995,-3.342567614417202e-05,-0.0102384932326334,0.2453097345132743,0.5312916111850866,0.0,0.5399830460582086,0.2903225806451613,0.4684014869888476,0.6347381864623243,0.5175097276264591,1.0,0.5163934426229508
2026-06-08,-0.0165474124168297,-0.0235298725066274,-0.0243983137455288,-0.0280023693491997,-0.0183771065640493,-0.0132425736660645,-0.0099584832592769,-0.0043662696976843,0.0008528071742061,-0.0082796434322621,0.071078431372549,0.3969648562300319,0.6491712707182321,0.6756756756756758,0.8305084745762712,0.1395348837209302,-0.15,0.4571428571428571,0.9130434782608696,0.5124620060790275
2026-06-09,0.0038541920595643,-0.0189152565392164,0.0064377682403433,0.0102857210873696,0.0103155589345936,-0.0017909006015494,-0.016112562099003,-0.0028130514035942,0.0029144846730334,0.0042092453364895,0.0631067961165048,0.1608961303462321,0.6901408450704226,0.3432835820895522,0.0476190476190476,-0.0916334661354581,0.0,0.56,0.5,-0.1873015873015873
2026-06-10,0.006221780979344,0.0301525899113967,0.0060342200721509,-0.0019502635466296,0.0039944428318553,0.0027191439576692,-0.0060952979559368,-0.0026775511110454,0.0007264170010439,0.0014130742945819,0.5704918032786885,0.336,0.5294117647058824,-0.1276595744680851,0.8275862068965518,0.15,-0.125,0.5957446808510638,,0.0428571428571428
2026-06-11,-0.0041361275506761,-0.0102382054843854,-0.0070166299448184,-0.0125307008854717,0.0048650265317012,-0.0176519895817863,-0.0010838897600281,0.0001856288138824,-0.000339328130302,0.0015144545050312,0.3925619834710743,0.5483870967741936,0.3636363636363636,-0.0290135396518375,0.6956521739130435,0.2373401534526854,0.7000000000000001,0.4843511450381679,1.0,0.2961538461538461
2026-06-12,-0.002277519296025,-0.014264156366772,-0.0042554739215829,0.0014564353406173,-0.0006354245500918,-0.0042856352536298,0.0104911446914278,0.0016120836998313,-0.0066887686849299,-0.0030227912937023,0.5652173913043478,0.1284403669724771,-0.3999999999999998,0.6595744680851064,-0.1538461538461538,0.02,0.2777777777777778,0.1111111111111111,-0.3333333333333333,0.4090909090909091
2026-06-15,0.0075164778441102,-0.0047737231518537,0.0364200567899123,0.0071158453577346,0.0084648394812215,0.0403840418311065,-0.0309820465824017,0.0362436534610983,0.0028306159420289,0.0190531305114638,0.2696629213483146,0.3797600417318726,0.0527704485488126,0.2062374245472837,0.4064272211720227,0.0919765166340508,-0.104225352112676,0.4307692307692308,0.0,-0.002127659574468
2026-06-16,0.0035161583418394,0.0096787703651994,0.0034346775886879,0.0022187233059546,0.0044625680380554,0.0255313177701236,0.0078468043022752,-0.0009928373774731,-0.0053534159131487,0.0068068105308901,0.3586309523809523,0.6180555555555557,0.926470588235294,0.8,0.4666666666666666,0.4661921708185053,0.1403508771929824,0.7588424437299035,,0.6000000000000001
2026-06-17,0.0163863249752793,-0.0107919861808586,-0.0055198482590434,0.0036866081288647,-0.0048971855939304,0.0033932644822648,-0.0021133675897968,-0.0021604083954654,-0.0014674590945777,0.0014587892049598,0.2475754310344827,0.5045939905636951,0.0932642487046631,0.6666666666666666,0.6164383561643836,0.4131374243733794,0.1182170542635658,0.6526217228464419,-1.0,0.2981481481481481
2026-06-18,-0.0082359122673217,0.0452462186689715,-0.0089002794722448,-0.0094745606037746,-0.0048186857519653,-0.0096055283499114,0.0155710463054238,-0.0130141721950202,-0.0043021909065798,-0.0014416590881216,0.3902912621359224,0.3773584905660379,-0.3636363636363635,0.4943820224719102,0.5619047619047619,0.0846153846153846,0.4596153846153846,0.4273291925465838,0.5,0.1932432432432432
2026-06-19,-0.0087656349110137,-0.0078013174032962,-0.0087870509522232,-0.0019645966464363,-0.0019367781188743,-0.0134770676169759,-0.0054551692712983,-0.0066777825825048,-0.0013817226061199,-0.0069761031152364,0.7950310559006212,0.4382022471910113,0.9285714285714286,0.5754716981132074,0.4411764705882353,0.1379310344827586,0.5689655172413793,0.3005780346820809,0.5,0.4999999999999999
2026-06-22,0.004081969977288,0.0476911833639237,-0.0013661202185792,-0.0108469482131891,-0.004220367500536,-0.0059943031913839,0.0136950312745676,-0.0038662060333887,0.0040531538968118,0.0218534075431166,-0.0735294117647058,0.6451612903225806,0.1398601398601398,0.2836879432624113,0.3414634146341463,0.4545454545454545,0.5263157894736842,0.6363636363636365,0.0,0.4117647058823529
2026-06-23,0.002927214964339,-0.001531667491282,-0.0153030571434047,-0.0060710936540731,-0.003924776101672,-0.021529751973646,-0.0318419788330471,-0.0025556713246942,-0.0123911639977274,-0.0135435479816786,0.5248868778280543,0.125,0.0344827586206896,0.5679012345679012,0.054054054054054,0.4324324324324324,0.676923076923077,0.8627450980392157,1.0,0.44
2026-06-24,-0.0069487868399119,0.0275205899873063,7.183005010143646e-05,-0.0045056137305157,-0.0005894488653109,0.0106959994773088,0.0131160552944755,-0.0096937323164433,-0.006488424887669,-0.0124862424633592,0.6633813495072023,0.5824130027088977,0.8273381294964028,0.6059113300492611,0.3639846743295019,0.392015392015392,0.2569169960474308,0.6091205211726384,1.0,0.3548387096774194
2026-06-25,-0.0064819891049124,-0.0221819123827007,-0.0028368794326241,0.0003690419129176,0.0055903398926654,-0.005445512256781,-0.0160649756547159,-0.0122027948001974,-0.0024395048247772,0.0131705859909775,0.7795275590551182,0.6493150684931507,0.36,0.339622641509434,0.4285714285714285,0.2558139534883721,0.1935483870967742,0.4285714285714286,0.3333333333333333,0.09375
2026-06-26,0.0026383121481641,0.0135324684483681,-0.0028309711854015,-0.0012533990684521,-0.0006921643824902,-0.0029583004588667,-0.0061364479050797,0.0003051033836281,-0.0069198411585542,0.0040089684784124,0.3868613138686131,0.4357682619647355,0.4285714285714285,0.5163934426229508,0.5172413793103448,0.0967741935483871,0.4210526315789473,0.7241379310344828,0.0,0.2109375
2026-06-29,0.0118219732147543,-0.0279689608636977,0.0120877219161785,-0.0032340631859385,-0.0026717923633669,0.0103420981516645,0.0181579549524675,-0.0006783592504759,0.0025415943894204,0.0051787200878545,0.5361890694239291,0.5800159235668789,0.7400722021660651,0.2596843615494978,0.0318772136953955,0.1321882001493652,0.1764705882352941,0.5617283950617284,0.0,0.5242369838420108
2026-06-30,0.0015292787527937,0.003639731022719,-0.0063514911609913,0.0016593233851197,-0.0042358434436708,-0.0052397670071072,-0.0024414309987236,0.0012679346012679,-0.0033272038860327,-0.0058145321986218,0.3432835820895523,0.6634382566585958,-0.1428571428571428,0.5000000000000001,0.4941176470588235,0.3063063063063063,0.1538461538461538,0.4861111111111111,,0.1333333333333333
2026-07-01,0.0139085164521638,-0.0071688837887996,0.0049593130601714,0.0253014788271503,0.0032540202611537,0.0056882221505729,0.0136853175065905,-0.0020414808233914,0.0062781853121058,0.0015990256869911,0.6512925969447709,0.6169620623992969,0.1587516960651289,0.3670140462165836,0.914798206278027,0.2762430939226519,0.6226415094339623,0.5649697401210395,0.3333333333333333,0.6470588235294118
2026-07-02,-0.0101270279571273,0.0060680126778501,-0.0091154287963128,-0.0056092073647238,0.0030464895757249,0.0016884259326616,-0.0121904823186906,0.0029677138486159,0.007202395403415,0.0030053953449882,0.2075471698113207,0.6296296296296297,0.6111111111111112,0.542649727767695,-0.0792291220556745,0.6605080831408775,-0.043859649122807,0.3999999999999999,1.0,0.4295692665890571
2026-07-03,-0.0038460825121352,-0.001356489788943,-0.0007724132977682,-0.0063753903403216,-0.0111310810936695,-0.0261843547319275,-0.0164182716178499,0.0067344900032473,0.0019011406844106,-0.008624191367288,0.6313993174061434,0.727164887307236,0.0746268656716418,0.5666666666666667,0.6684491978609627,-0.5707620528771384,0.2592592592592592,0.1362126245847176,,-0.4883720930232558
2026-07-06,-0.0114144324999418,0.0068519352739701,-0.0022587627426337,-0.0048463560912089,-0.0088870058100833,-0.037409882588611,-0.0292349339940217,-0.0034452263124939,0.0006584111747861,-0.0231262605802111,0.2495667244367418,0.4308664381259663,0.116231647634584,0.4691749773345423,0.1052631578947368,0.0970552553214955,0.1210428305400372,0.4067796610169492,1.0,0.5508982035928144
2026-07-07,0.0039798671962397,-0.0032542795615304,-0.0012992168609476,-6.181688165385335e-05,-0.0094333105047632,-0.021950076135729,0.008243061592132,-0.0050210136565923,-0.0159370837225828,-8.2016065311367e-05,0.3175735950044602,0.4201438848920863,0.5654142145767317,0.2871251571197701,-0.3839999999999999,0.2101046281459138,0.256198347107438,0.2223350253807106,0.0,0.2159090909090909
2026-07-08,0.0052399802100369,0.0030392036091233,0.0100178806700545,-0.0014423985578512,0.0051964100470877,0.013888256352246,0.0073686842086367,0.0083678653766972,-0.0022403579745189,-0.0002410831177954,0.5677966101694916,0.49,1.0,0.6781609195402298,0.3488372093023256,-0.366412213740458,0.3333333333333333,0.5068493150684932,0.3333333333333333,0.0982142857142857
2026-07-09,-0.0114525498688331,-0.0077058773547417,-0.0098302371029643,-0.0037583120971897,-0.0008605072463767,-0.019136086329244,0.0245488299074235,-0.0202651144133807,-0.0016224547740731,-0.0113378684807256,0.486322188449848,0.3085642317380352,0.4891304347826087,0.2121212121212121,-0.2542372881355932,0.4173166926677067,0.2571428571428572,0.6936416184971098,1.0,-0.0892018779342723
2026-07-10,-0.0087218046348593,-0.0034715896717643,-0.007939780109945,-0.0110831367878642,0.0049022034727126,-0.0337334902820025,-0.015812257917521,0.004993787276919,-0.0023640661938534,-0.0082847340967347,0.6296296296296297,0.4576271186440678,0.45,0.4064516129032258,0.0555555555555555,0.0,0.1666666666666666,0.4608695652173914,,0.36
2026-07-13,-0.028304880654624,-0.0167105579122167,-0.0178987387971584,-0.0146577377003258,-0.0184554877588374,-0.0218453319313965,-0.0179616816660431,-0.0013772656829055,-0.0100256804537705,-0.0207658273147244,0.2133526850507982,0.3977613977613977,0.3245033112582781,-0.0052972336668628,0.4368482039397451,0.2639236190043192,0.0407239819004525,0.6842105263157895,0.5,0.1061946902654867
2026-07-14,0.0042372881355932,-0.0075186902542475,0.0132259869759871,-0.0058685053636589,0.0107736685889592,0.0305502293389538,0.0485626799367095,0.0089618217108256,-0.0032250629512466,0.0119412124923453,0.5950920245398773,0.3489208633093525,-0.0066225165562913,0.3636363636363636,0.0,0.2210796915167095,0.1375661375661376,0.4444444444444444,1.0,0.1028571428571428
2026-07-15,-0.0107452097087401,-0.0239706179241324,0.0014045214045213,-0.0230408236751176,-0.0061634240252886,-0.0359559249247281,-0.0148579332244201,-0.0134625237433917,-0.0076114087244026,-0.0051385961197667,0.2861035422343324,0.3924418604651163,0.6741573033707865,-0.0415512465373961,0.5741626794258373,-0.2028397565922921,0.6666666666666666,0.2439024390243902,0.0,0.2033898305084746
2026-07-16,0.0009820186070615,0.0483867727028201,-0.0114689525333665,0.0035386017389634,0.0022438873413803,-0.0170153797060422,0.0020407794056855,-0.0018329801903608,0.0112305234589174,-0.0015960654804568,0.579256360078278,0.2974452554744526,0.3220338983050847,-0.0729023383768913,0.6575342465753425,0.270935960591133,0.3132530120481927,0.4222222222222222,0.75,0.1403508771929824
2026-07-17,-0.0086028828554031,-0.009853119125079,-0.0254199564544391,-0.0023327158558474,0.0205271148885517,0.011851756530691,-0.0175703243992596,-0.0128041548405808,-0.0118059517133236,0.0020922641219703,0.7887323943661971,0.4624074795481106,0.52,0.1160220994475137,0.5277777777777778,0.1846921797004992,0.0666666666666666,0.3814432989690721,0.0,0.5480225988700564
2026-07-20,-0.0382212102797458,-0.0138110174935179,-0.0606649786237022,-0.026799245274272,-0.0157004374297345,-0.0420889728942734,-0.0263578115132776,-0.0278793150538195,-0.0167202642150848,-0.0257599792117143,0.6666666666666666,0.2745098039215686,0.3636363636363636,-1.0,-1.0,0.0927152317880794,0.0,-0.25,,0.0
2026-07-21,-0.0007298355748397,-0.001292278483747,0.0033114837059866,-0.0217073457971228,-0.0021646251495592,-0.0162714553030831,-0.0530799882529006,-0.0033333333333333,-0.0011808331823598,0.0155231869340779,,,,,,,,,,
2026-07-22,-0.0343661821600596,-0.0465324908602375,-0.0047621217644914,-0.0075477650823573,-0.0014439100966359,-0.0572178570973572,-0.0346075472307182,-0.0246490616318304,-0.0051055649126388,-0.029082975313139,,,,,,,,,,
2026-07-23,-0.0011970144405017,0.0356691249813466,0.0063798054644736,0.0131158542081909,-0.0065070437278926,-0.0153458648520052,0.0380059270084844,0.0036921467894126,-0.0143634020301046,0.0161379614435702,,,,,,,,,,
2026-07-24,4.356048532753546e-05,0.0001093055806426,-0.0047319556753519,-0.013945053757489,0.0023356544838031,-0.0515204909273184,0.0150372750575571,0.0021454958795112,0.0020122937765755,-0.0064497529958064,,,,,,,,,,
2026-07-27,-0.0155569663020308,-0.0032452195286545,-0.023145312290049,-0.0284455393124405,-0.0049698128968003,-0.0032249402229752,-0.0235757231340687,-0.0140897473913105,-0.0112061619502598,-0.006875208805894,,,,,,,,,,
2026-07-28,0.0073130432138428,0.0093201402008455,0.0319268295014562,0.006432326186878,0.0157362934506257,0.0155118500614746,0.0003564821287378,0.0054808981935538,-0.0058746886593074,-0.0062026697097786,,,,,,,,,,
2026-07-29,0.010452257265049,0.0266269516502316,0.0245217717789993,0.0165126959330397,0.0041225279442014,0.0267084819032317,0.0079199284682799,0.0036357705295753,0.0216913124020915,0.0061311816125679,,,,,,,,,,
2026-07-30,0.0410705126164552,0.0236121514214403,0.0162504029078264,0.0263946264371931,0.0178116851988261,0.0248407656583829,0.0221019451385914,0.0281145325409388,0.006794976054938,0.0187379957745126,,,,,,,,,,
2026-07-31,0.0270421125529235,-0.0084886389247444,-0.0121497644433425,0.0130303385378388,-0.0093184374958276,-0.0139938184566672,-0.019118671338423,0.0004548870409219,-0.0086748633879781,0.0056051664133529,,,,,,,,,,
2026-08-03,0.0214095884057165,0.001908485336957,0.0299774177225745,0.0484569442477323,0.0168734897599833,0.0396153049848098,0.0257122408130699,0.0131288075250189,0.0283137069273141,0.0309286617872955,,,,,,,,,,
2026-08-04,-0.0060033828994678,0.0251978977853234,-0.0148828523569585,-0.0091241261353903,-0.0012126728168494,0.0442300894484091,-0.0065836547599082,-0.0075940337224383,-0.0087510544537486,-0.0030858861572063,,,,,,,,,,
2026-08-05,-0.0038888888888889,0.0157139223330607,-0.0022851390274642,0.0086106919257519,-0.0160636581236143,0.0197115835766608,0.0071500867349356,-0.0099979931455708,0.0110910667425364,-0.0117108416231268,,,,,,,,,,
2026-08-06,-0.0078563223118152,-0.0039999658027588,-0.0052757302757302,-0.0089877513450523,-0.0064521646219598,-0.0101325413904672,-0.0114557868143082,0.011818998684961,-0.0009057971014492,-0.0116635299986734,,,,,,,,,,
2026-08-07,0.0263317628500151,-0.0186488700101821,0.002260271158059,0.0065514606822216,0.0294695840559394,-0.0100515559254635,0.0508116317983914,0.020561150076829,0.00282014174923,0.0061175539116589,,,,,,,,,,
2026-08-10,0.0102573761860619,-0.0164702134437719,0.0106912011836772,0.0158827257350004,0.0150566956842902,0.0165409215965089,0.0413002881174121,0.0121864935461289,0.006410912757949,0.0127885818975531,,,,,,,,,,
2026-08-11,-0.0111812970300415,-0.006065538630548,-0.0007541478129713,-0.0081781077503313,-0.0095841683657606,-0.0022555051364642,-0.0185205937217472,-0.0126574306713976,-0.0053673450927181,-0.0040843240560399,,,,,,,,,,
2026-08-12,-0.0003143598076171,0.0190505016236663,0.000755857898715,-0.0049818326038975,0.0041677599296759,0.0043408807269426,0.0203655707357451,0.0017514910338134,0.001661063719765,0.0016093474426807,,,,,,,,,,
2026-08-13,-0.0050819430819536,-0.0244790676831749,-0.0166136761691267,-0.0198207618187944,-0.0023343624881715,0.0180554288675091,-0.0254299201387114,-0.0023583498999828,0.0006684776440084,-0.0130140399127856,,,,,,,,,,
2026-08-14,-0.0179937340633009,-0.0324694472305996,-0.0191268177222884,-0.0174778892177844,-0.0104088023935352,-0.0060770728823199,-0.0196551217215985,-0.0024879817123485,-0.0094285127673203,-0.0165937590166435,,,,,,,,,,
2026-08-17,-0.0002483613065275,-0.0052498776032839,0.002375243936437,0.0076095407423894,0.0095746027767844,-7.911545932814956e-05,0.0215901122257959,0.0005203781984972,0.0050352567175268,0.0015462928707471,,,,,,,,,,
2026-08-18,0.000312130263599,0.0082545888997502,-0.0108824388211402,0.0113060582078166,0.0029731241902615,-0.012149716770936,0.0479745404008603,0.0136163915629197,0.0027173913043478,-0.0014635931211122,,,,,,,,,,
2026-08-19,-0.0120369358374167,-0.0055322006189058,2.994908655288657e-05,-0.0113314955106986,0.0004919089246444,0.0130729467382786,0.0003141244484644,0.0002173079393876,0.0028503688199585,0.0021576229396469,,,,,,,,,,
2026-08-20,0.0080245158645676,0.0052629040038592,-0.0007861635220126,0.013251480818678,0.0198244424202511,0.0172477116423669,-0.0008274018829303,-0.0066686980135565,-0.0026563313167777,0.0001555432758232,,,,,,,,,,
2026-08-21,0.0252218009094367,0.0244764127768615,0.0292133160860579,0.0251872018966581,0.0072794297601566,0.0361225729272786,0.0023598251946113,0.0129373667554081,0.0046839930642902,0.010983036314814,,,,,,,,,,
2026-08-24,-0.0030648074320264,0.0283442130646214,0.0237672458743781,-0.0036574268105258,-0.0071654413863681,0.0218681587690154,0.0203072328715852,0.0049055877127147,0.0183881710781703,-0.0016427734959614,,,,,,,,,,
