trade_date,sector_label,sector_return,sentiment_weighted_mean,sentiment_mean,sentiment_sum,weighted_sentiment_sum,article_count,row_count,weighted_article_count,positive_count,neutral_count,negative_count,positive_weighted_count,neutral_weighted_count,negative_weighted_count
2025-06-19,Banking,0.0054408626695824,0.7285714285714286,0.55,1.1,0.85,7.0,7.0,6.166666666666666,2.0,0.0,0.0,1.1666666666666663,0.0,0.0
2025-06-19,ConsumerDiscretionary,0.0259852943363168,0.6627906976744187,0.625,5.0,4.75,8.0,8.0,7.166666666666666,7.0,1.0,0.0,6.166666666666666,1.0,0.0
2025-06-19,ConsumerStaples,0.0002600186180847,0.2282608695652174,0.2222222222222222,2.0,1.75,9.0,9.0,7.666666666666666,4.0,4.0,1.0,3.1666666666666665,3.5,1.0
2025-06-19,Energy,0.0081071861868043,0.1399999999999999,0.175,0.7,0.35,5.0,5.0,3.5,1.0,3.0,0.0,0.5,2.0,0.0
2025-06-19,Healthcare,0.0005833625014584,-0.4,-0.4,-0.4,-0.4,1.0,1.0,1.0,0.0,0.0,1.0,0.0,0.0,1.0
2025-06-19,IndustrialLogistics,-0.0126534631778143,0.4956521739130434,0.4749999999999999,5.699999999999999,5.699999999999999,12.0,12.0,11.5,8.0,3.0,1.0,8.0,2.5,1.0
2025-06-19,RealEstate,0.00551177549718,0.2368421052631578,0.25,1.0,0.7499999999999999,4.0,4.0,3.1666666666666665,3.0,0.0,1.0,2.1666666666666665,0.0,1.0
2025-06-19,SteelMaterials,-0.0100721759520864,0.7105263157894737,0.625,2.5,2.25,4.0,4.0,3.1666666666666665,4.0,0.0,0.0,3.1666666666666665,0.0,0.0
2025-06-19,Technology,-0.007426480405786,0.372,0.2166666666666666,1.2999999999999998,1.5499999999999998,6.0,6.0,4.166666666666666,4.0,1.0,1.0,3.1666666666666665,0.5,0.5
2025-06-19,Utilities,-0.002770083102493,0.3444444444444444,0.2333333333333333,1.4,1.5499999999999998,7.0,7.0,5.5,3.0,2.0,1.0,2.5,1.5,0.5
2025-06-20,Banking,0.0097338039176112,0.2653846153846154,0.2166666666666667,1.3000000000000005,1.38,8.0,8.0,7.2,3.0,0.0,3.0,3.0,0.0,2.2
2025-06-20,ConsumerDiscretionary,0.0025903510143645,0.072465960665658,0.0708333333333333,1.6999999999999995,1.5966666666666662,24.0,24.0,22.03333333333333,11.0,5.0,8.0,9.833333333333332,5.0,7.2
2025-06-20,ConsumerStaples,0.0032744066338406,-0.3368421052631579,-0.32,-3.2,-3.2,10.0,10.0,9.5,2.0,3.0,5.0,2.0,2.5,5.0
2025-06-20,Energy,-0.0179817630258527,0.1853658536585365,0.175,1.4,1.2666666666666666,8.0,8.0,6.833333333333333,4.0,3.0,1.0,3.333333333333333,2.5,1.0
2025-06-20,Healthcare,0.0003476779879743,0.7,0.7,0.7,0.7,1.0,1.0,1.0,1.0,0.0,0.0,1.0,0.0,0.0
2025-06-20,IndustrialLogistics,0.0134587737793253,0.160204081632653,0.1222222222222222,1.1,1.0466666666666664,9.0,9.0,6.533333333333333,3.0,4.0,2.0,2.333333333333333,3.0,1.2
2025-06-20,RealEstate,-0.0187214381224721,0.4087719298245614,0.3285714285714285,2.3,2.33,7.0,7.0,5.7,6.0,0.0,1.0,5.5,0.0,0.2
2025-06-20,SteelMaterials,-0.0026298840020117,0.4666666666666666,0.35,0.7,0.7,2.0,2.0,1.5,1.0,1.0,0.0,1.0,0.5,0.0
2025-06-20,Technology,-0.0024934020458181,0.4133928571428572,0.3285714285714285,4.6,4.63,14.0,14.0,11.2,8.0,4.0,2.0,7.0,3.5,0.7
2025-06-20,Utilities,-0.0013835343486855,0.4466666666666666,0.34,3.4000000000000004,3.35,10.0,10.0,7.5,7.0,2.0,1.0,6.0,1.0,0.5
2025-06-23,Banking,-0.0039635474967057,0.3673624288425047,0.3090909090909091,3.4000000000000004,3.2266666666666666,25.0,25.0,22.28333333333333,6.0,1.0,4.0,5.25,1.0,2.533333333333333
2025-06-23,ConsumerDiscretionary,-0.0028240764606591,0.1923076923076923,0.2022222222222222,9.1,7.5,45.0,45.0,39.0,20.0,18.0,7.0,17.0,16.0,6.0
2025-06-23,ConsumerStaples,-0.0033451162895293,0.0449999999999999,0.0124999999999999,0.1999999999999999,0.5999999999999999,16.0,16.0,13.333333333333332,5.0,6.0,5.0,4.5,4.833333333333334,4.0
2025-06-23,Energy,0.0342868665017361,0.2698564593301435,0.2913043478260869,6.699999999999999,4.699999999999999,24.0,24.0,18.416666666666664,11.0,10.0,2.0,7.583333333333333,8.5,1.3333333333333333
2025-06-23,Healthcare,-0.0049161906761091,-0.5294117647058824,-0.5,-2.0,-1.5,4.0,4.0,2.833333333333333,0.0,2.0,2.0,0.0,1.3333333333333333,1.5
2025-06-23,IndustrialLogistics,-0.0071587691279781,0.6513011152416358,0.59375,9.5,8.760000000000002,16.0,16.0,13.45,13.0,2.0,1.0,11.75,1.5,0.2
2025-06-23,RealEstate,0.0325061165021898,0.3787781350482314,0.3307692307692307,4.3,3.9266666666666654,14.0,14.0,11.366666666666667,9.0,1.0,3.0,7.833333333333333,1.0,1.5333333333333332
2025-06-23,SteelMaterials,-0.0094694725961481,0.3607779578606159,0.3571428571428571,5.0,3.71,14.0,14.0,10.283333333333331,11.0,1.0,2.0,8.583333333333332,0.5,1.2
2025-06-23,Technology,-0.0083941518756501,0.315625,0.3228571428571429,11.3,7.743333333333334,35.0,35.0,24.53333333333333,16.0,17.0,2.0,11.166666666666666,12.166666666666666,1.2
2025-06-23,Utilities,0.0046221516816306,0.3160493827160494,0.3358974358974358,13.1,8.533333333333333,40.0,40.0,27.5,18.0,19.0,2.0,12.333333333333332,13.166666666666666,1.5
2025-06-24,Banking,0.0029742620197415,0.2799999999999999,0.2333333333333333,0.7,0.7,7.0,7.0,6.5,1.0,2.0,0.0,1.0,1.5,0.0
2025-06-24,ConsumerDiscretionary,-0.0017394560002392,0.2082474226804123,0.2473684210526315,4.699999999999999,3.3666666666666667,19.0,19.0,16.166666666666668,9.0,6.0,4.0,6.666666666666667,6.0,3.5
2025-06-24,ConsumerStaples,0.0116389810456514,0.04375,0.0833333333333333,1.5,0.7000000000000001,18.0,18.0,16.0,6.0,8.0,4.0,5.0,7.0,4.0
2025-06-24,Energy,-0.0533186830942776,0.4333333333333333,0.4333333333333333,1.2999999999999998,0.6499999999999999,4.0,4.0,2.5,2.0,1.0,0.0,1.0,0.5,0.0
2025-06-24,Healthcare,0.0102229246591815,-1.0,-1.0,-1.0,-1.0,1.0,1.0,1.0,0.0,0.0,1.0,0.0,0.0,1.0
2025-06-24,IndustrialLogistics,0.0046155108423621,0.4923076923076923,0.4727272727272727,5.2,4.266666666666667,11.0,11.0,8.666666666666666,7.0,4.0,0.0,5.666666666666667,3.0,0.0
2025-06-24,RealEstate,0.0256509673173516,0.2442307692307692,0.3,3.0,2.1166666666666667,10.0,10.0,8.666666666666666,6.0,0.0,4.0,4.666666666666667,0.0,4.0
2025-06-24,SteelMaterials,0.0150282722349242,0.4705882352941176,0.5142857142857142,3.6,2.6666666666666665,7.0,7.0,5.666666666666667,6.0,1.0,0.0,4.666666666666667,1.0,0.0
2025-06-24,Technology,0.0119313247927053,0.3282608695652174,0.38,3.8,2.5166666666666666,10.0,10.0,7.666666666666667,6.0,4.0,0.0,4.166666666666667,3.5,0.0
2025-06-24,Utilities,0.006915291664154,-0.0745454545454545,0.023076923076923,0.3,-0.6833333333333333,14.0,14.0,10.166666666666666,5.0,4.0,4.0,3.1666666666666665,2.5,3.5
2025-06-25,Banking,-0.0001099935763751,0.5999999999999999,0.6,5.4,4.949999999999999,15.0,15.0,13.75,8.0,0.0,1.0,7.25,0.0,1.0
2025-06-25,ConsumerDiscretionary,0.00502135333693,0.3883408071748879,0.438095238095238,9.2,7.216666666666666,21.0,21.0,18.58333333333333,14.0,5.0,2.0,11.583333333333332,5.0,2.0
2025-06-25,ConsumerStaples,0.0120371706396127,-0.2285714285714285,-0.2166666666666666,-2.6,-2.4,12.0,12.0,10.5,1.0,7.0,4.0,1.0,6.0,3.5
2025-06-25,Energy,-0.0189634776991004,0.3333333333333333,0.325,1.3,1.0,4.0,4.0,3.0,2.0,1.0,1.0,1.5,1.0,0.5
2025-06-25,Healthcare,-0.009071430289703,0.0,0.0,0.0,0.0,1.0,1.0,0.5,0.0,1.0,0.0,0.0,0.5,0.0
2025-06-25,IndustrialLogistics,-0.008704550057523,0.3291666666666666,0.2857142857142857,4.0,3.95,14.0,14.0,12.0,7.0,4.0,3.0,6.5,3.5,2.0
2025-06-25,RealEstate,-0.0007361633530359,0.3764705882352941,0.4999999999999999,2.0,1.0666666666666669,6.0,6.0,4.833333333333333,3.0,0.0,1.0,1.8333333333333333,0.0,1.0
2025-06-25,SteelMaterials,0.0073228803716608,0.1781818181818181,0.3,1.7999999999999998,0.8166666666666665,6.0,6.0,4.583333333333333,4.0,1.0,1.0,2.583333333333333,1.0,1.0
2025-06-25,Technology,0.0030807534616969,0.6235294117647059,0.5166666666666666,3.1,2.65,6.0,6.0,4.25,4.0,2.0,0.0,3.25,1.0,0.0
2025-06-25,Utilities,4.630092063336496e-05,0.2565217391304348,0.3071428571428571,4.3,2.95,15.0,15.0,12.0,7.0,6.0,1.0,5.5,5.0,1.0
2025-06-26,Banking,-0.0009791025123162,0.4051948051948052,0.3555555555555555,3.2,3.12,15.0,15.0,12.7,7.0,1.0,1.0,6.2,0.5,1.0
2025-06-26,ConsumerDiscretionary,0.0187697110466569,0.475,0.4727272727272726,10.4,9.12,22.0,22.0,19.2,17.0,3.0,2.0,14.7,2.5,2.0
2025-06-26,ConsumerStaples,0.007047863848334,-0.1256756756756757,-0.0599999999999999,-0.8999999999999997,-1.55,15.0,15.0,12.333333333333332,4.0,6.0,5.0,3.0,4.833333333333334,4.5
2025-06-26,Energy,0.0001504554396494,0.1090909090909091,0.0888888888888888,0.8,0.8,9.0,9.0,7.333333333333333,1.0,8.0,0.0,1.0,6.333333333333333,0.0
2025-06-26,Healthcare,0.0013997820276938,-0.0333333333333333,-0.0333333333333333,-0.1,-0.1,3.0,3.0,3.0,0.0,2.0,1.0,0.0,2.0,1.0
2025-06-26,IndustrialLogistics,0.007175169211039,0.50625,0.4399999999999999,4.4,4.319999999999999,10.0,10.0,8.533333333333333,7.0,2.0,1.0,6.2,1.3333333333333333,1.0
2025-06-26,RealEstate,-0.005427668983219,0.1833333333333333,0.1333333333333333,0.8,0.77,6.0,6.0,4.2,2.0,3.0,1.0,1.2,2.5,0.5
2025-06-26,SteelMaterials,-0.0004857926943596,0.6,0.3999999999999999,0.7999999999999999,0.72,2.0,2.0,1.2,2.0,0.0,0.0,1.2,0.0,0.0
2025-06-26,Technology,-0.0002342557681927,0.618,0.55,5.5,5.15,11.0,11.0,9.333333333333332,8.0,2.0,0.0,7.5,0.8333333333333333,0.0
2025-06-26,Utilities,-0.0023497641220994,0.1163265306122449,0.1384615384615384,1.7999999999999998,0.95,16.0,16.0,10.166666666666666,3.0,9.0,1.0,2.0,5.166666666666666,1.0
2025-06-27,Banking,0.0057672522409981,0.2,0.2,0.8,0.8,13.0,13.0,11.5,3.0,0.0,1.0,3.0,0.0,1.0
2025-06-27,ConsumerDiscretionary,0.0021472162488069,0.2210526315789474,0.2,4.4,4.2,22.0,22.0,19.0,9.0,8.0,5.0,8.0,7.5,3.5
2025-06-27,ConsumerStaples,0.0310900446316021,-0.1736842105263157,-0.1749999999999999,-2.1,-1.65,12.0,12.0,9.5,2.0,5.0,5.0,1.5,4.5,3.5
2025-06-27,Energy,-0.0036235270776135,0.0,0.0,0.0,0.0,7.0,7.0,6.0,0.0,6.0,0.0,0.0,5.0,0.0
2025-06-27,Healthcare,0.00151200432884,0.0,0.0,0.0,0.0,1.0,1.0,1.0,0.0,1.0,0.0,0.0,1.0,0.0
2025-06-27,IndustrialLogistics,0.0004711553448299,0.5666666666666667,0.4923076923076923,6.4,5.95,13.0,13.0,10.5,9.0,3.0,1.0,8.0,2.0,0.5
2025-06-27,RealEstate,0.0029062233475859,-0.0142857142857143,-0.025,-0.1,-0.05,5.0,5.0,4.5,1.0,0.0,3.0,1.0,0.0,2.5
2025-06-27,SteelMaterials,-0.0041658265711561,,,,,,,,,,,,,
2025-06-27,Technology,0.0311037158907505,0.47,0.4666666666666666,5.6,4.7,13.0,13.0,10.5,7.0,5.0,0.0,6.0,4.0,0.0
2025-06-27,Utilities,0.0008129726758685,0.3235294117647059,0.3999999999999999,4.8,2.75,17.0,17.0,11.5,6.0,6.0,0.0,3.5,5.0,0.0
2025-06-30,Banking,0.0033559386705556,0.3970684039087947,0.45,4.5,2.902380952380952,23.0,23.0,19.80952380952381,8.0,0.0,2.0,5.309523809523809,0.0,2.0
2025-06-30,ConsumerDiscretionary,-0.0025704887207953,0.3119201725997843,0.2961538461538461,15.4,13.76904761904762,53.0,53.0,44.64285714285714,26.0,22.0,4.0,21.30952380952381,20.33333333333333,2.5
2025-06-30,ConsumerStaples,-0.0030297833093605,0.2679487179487179,0.2516129032258065,7.800000000000001,6.469047619047619,31.0,31.0,24.142857142857142,16.0,10.0,5.0,11.642857142857142,9.0,3.5
2025-06-30,Energy,0.0028828802046534,0.2980769230769232,0.2545454545454545,2.8,2.583333333333334,11.0,11.0,8.666666666666666,6.0,4.0,1.0,4.666666666666666,3.5,0.5
2025-06-30,Healthcare,0.0036214089973016,-0.3076923076923077,-0.2888888888888888,-2.6,-2.0,9.0,9.0,6.5,2.0,2.0,5.0,1.5,1.5,3.5
2025-06-30,IndustrialLogistics,0.0266118526965977,0.4634751773049645,0.4608695652173913,10.6,9.335714285714284,23.0,23.0,20.142857142857142,17.0,3.0,3.0,15.142857142857142,2.0,3.0
2025-06-30,RealEstate,0.0023458850897964,0.2384105960264901,0.2714285714285714,5.7,4.285714285714287,24.0,24.0,20.976190476190474,15.0,2.0,4.0,11.976190476190476,2.0,4.0
2025-06-30,SteelMaterials,-0.0024599142650718,0.195631067961165,0.1749999999999999,2.1,1.9190476190476191,12.0,12.0,9.80952380952381,8.0,0.0,4.0,6.309523809523809,0.0,3.5
2025-06-30,Technology,0.0249304828193623,0.4033568904593639,0.3952380952380953,8.3,5.435714285714286,23.0,23.0,14.976190476190476,13.0,7.0,1.0,7.642857142857142,5.333333333333333,0.5
2025-06-30,Utilities,0.0043476349907759,0.1532846715328467,0.1551724137931034,4.5,3.5,31.0,31.0,24.33333333333333,11.0,15.0,3.0,8.5,12.333333333333332,2.0
2025-07-01,Banking,0.0097180020051067,-0.0468085106382978,0.2333333333333332,1.3999999999999997,-0.1833333333333333,15.0,15.0,11.916666666666666,4.0,0.0,2.0,1.9166666666666663,0.0,2.0
2025-07-01,ConsumerDiscretionary,-0.0054022624853007,0.3459016393442623,0.3153846153846154,4.1,3.5166666666666666,13.0,13.0,10.166666666666666,7.0,5.0,1.0,5.666666666666666,4.0,0.5
2025-07-01,ConsumerStaples,-0.0130264113761737,0.2192592592592592,0.2647058823529412,4.5,2.466666666666667,17.0,17.0,11.25,9.0,6.0,2.0,5.416666666666666,4.333333333333333,1.5
2025-07-01,Energy,-0.0151375341963447,0.2249999999999999,0.3,2.4,1.35,8.0,8.0,6.0,3.0,5.0,0.0,1.5,4.5,0.0
2025-07-01,Healthcare,0.0003787185125437,0.1,0.1,0.1,0.05,1.0,1.0,0.5,1.0,0.0,0.0,0.5,0.0,0.0
2025-07-01,IndustrialLogistics,-0.0182143388977689,0.3325000000000001,0.35,2.8,2.216666666666667,8.0,8.0,6.666666666666666,5.0,2.0,1.0,4.166666666666666,1.5,1.0
2025-07-01,RealEstate,-0.0017149562234858,0.6561797752808989,0.67,6.7,4.866666666666666,10.0,10.0,7.416666666666666,10.0,0.0,0.0,7.416666666666666,0.0,0.0
2025-07-01,SteelMaterials,0.0026548833203677,0.3818181818181818,0.475,1.9,1.05,4.0,4.0,2.75,3.0,1.0,0.0,1.75,1.0,0.0
2025-07-01,Technology,0.004803459680441,0.3953488372093023,0.4222222222222222,3.8,2.833333333333333,9.0,9.0,7.166666666666666,6.0,1.0,2.0,4.833333333333333,0.3333333333333333,2.0
2025-07-01,Utilities,-0.0056579910558206,0.0054054054054054,0.1111111111111111,1.0,0.0333333333333333,13.0,13.0,9.166666666666666,3.0,4.0,2.0,1.8333333333333333,2.333333333333333,2.0
2025-07-02,Banking,-0.0029550467080463,0.3466019417475728,0.3399999999999999,1.7,0.4249999999999999,7.0,7.0,2.7261904761904763,3.0,1.0,1.0,0.726190476190476,0.3333333333333333,0.1666666666666666
2025-07-02,ConsumerDiscretionary,0.0063736736073828,0.2704667176740627,0.3052631578947368,5.8,4.208333333333333,19.0,19.0,15.559523809523808,9.0,8.0,2.0,6.392857142857142,8.0,1.1666666666666663
2025-07-02,ConsumerStaples,0.0001534967256382,0.3505962521294719,0.305,6.1,4.9,20.0,20.0,13.976190476190476,10.0,6.0,4.0,7.726190476190476,3.8333333333333335,2.4166666666666665
2025-07-02,Energy,0.0004679019277559,0.0333333333333333,0.0999999999999999,0.4999999999999999,0.1499999999999999,7.0,7.0,6.0,1.0,3.0,1.0,0.5,3.0,1.0
2025-07-02,Healthcare,0.0033838558655688,-0.3,-0.2166666666666666,-1.3,-1.3,6.0,6.0,4.333333333333333,0.0,4.0,2.0,0.0,2.333333333333333,2.0
2025-07-02,IndustrialLogistics,0.0190306780068898,0.3808290155440414,0.3888888888888888,3.5,2.625,9.0,9.0,6.892857142857142,5.0,3.0,1.0,3.642857142857143,3.0,0.25
2025-07-02,RealEstate,-0.0030045622149006,0.4002020202020202,0.3444444444444444,3.1,2.3583333333333334,9.0,9.0,5.892857142857142,6.0,1.0,2.0,4.392857142857142,0.3333333333333333,1.1666666666666663
2025-07-02,SteelMaterials,0.0181684300939872,0.3337796086508754,0.3333333333333333,5.0,3.858333333333333,15.0,15.0,11.559523809523808,10.0,1.0,4.0,8.142857142857142,1.0,2.4166666666666665
2025-07-02,Technology,-0.0110320327149951,0.2449330783938814,0.25,2.5,1.525,10.0,10.0,6.226190476190476,5.0,2.0,3.0,3.4761904761904763,1.3333333333333333,1.4166666666666663
2025-07-02,Utilities,-0.0099927330734059,0.1212765957446808,0.18,1.7999999999999998,0.95,10.0,10.0,7.833333333333333,3.0,6.0,1.0,2.0,4.833333333333334,1.0
2025-07-03,Banking,0.0034031863494348,0.7217391304347825,0.74,3.7,2.7666666666666666,10.0,10.0,8.833333333333332,5.0,0.0,0.0,3.8333333333333335,0.0,0.0
2025-07-03,ConsumerDiscretionary,-0.0056393216566655,0.5154639175257731,0.5269230769230769,13.7,12.5,26.0,26.0,24.25,19.0,7.0,0.0,17.25,7.0,0.0
2025-07-03,ConsumerStaples,-0.0054102382931221,0.2941176470588235,0.28,4.2,3.75,15.0,15.0,12.75,6.0,8.0,1.0,5.25,6.5,1.0
2025-07-03,Energy,0.0020723418324464,0.2714285714285714,0.3249999999999999,1.2999999999999998,0.95,5.0,5.0,4.5,2.0,2.0,0.0,1.5,2.0,0.0
2025-07-03,Healthcare,0.0023201293318948,-0.2499999999999999,-0.1142857142857142,-0.7999999999999998,-1.3333333333333333,7.0,7.0,5.333333333333334,2.0,2.0,3.0,1.3333333333333333,1.0,3.0
2025-07-03,IndustrialLogistics,0.0205242937938027,0.74,0.7333333333333334,2.2,1.85,3.0,3.0,2.5,3.0,0.0,0.0,2.5,0.0,0.0
2025-07-03,RealEstate,-0.0062858710681028,0.4853658536585366,0.525,4.2,3.3166666666666664,8.0,8.0,6.833333333333333,6.0,1.0,1.0,4.833333333333334,1.0,1.0
2025-07-03,SteelMaterials,0.006067750543824,0.3759999999999999,0.3999999999999999,2.8,2.35,7.0,7.0,6.25,5.0,1.0,1.0,4.25,1.0,1.0
2025-07-03,Technology,0.0006124502693973,0.1272727272727272,0.16,0.8,0.35,6.0,6.0,3.25,2.0,3.0,0.0,1.25,1.5,0.0
2025-07-03,Utilities,0.0120642902695397,-0.125,-0.1,-1.0000000000000002,-1.0000000000000002,11.0,11.0,8.5,3.0,4.0,3.0,3.0,2.0,3.0
2025-07-04,Banking,0.0066821874610591,0.2,0.1333333333333333,0.4,0.2333333333333333,9.0,9.0,7.166666666666666,1.0,0.0,2.0,0.5,0.0,0.6666666666666666
2025-07-04,ConsumerDiscretionary,0.0058197152120674,0.3640287769784173,0.3230769230769231,8.4,8.433333333333334,26.0,26.0,23.166666666666664,14.0,7.0,5.0,13.0,7.0,3.1666666666666665
2025-07-04,ConsumerStaples,0.0033269710415827,0.3857142857142857,0.3375,2.7,2.7,8.0,8.0,7.0,4.0,3.0,1.0,4.0,2.0,1.0
2025-07-04,Energy,0.0075185592951168,0.6000000000000001,0.6000000000000001,3.0000000000000004,3.0000000000000004,5.0,5.0,5.0,4.0,1.0,0.0,4.0,1.0,0.0
2025-07-04,Healthcare,0.0025565388397246,0.4666666666666666,0.35,0.7,0.7,2.0,2.0,1.5,1.0,1.0,0.0,1.0,0.5,0.0
2025-07-04,IndustrialLogistics,-0.0043620888613184,0.5181818181818181,0.5333333333333333,3.2,2.85,6.0,6.0,5.5,5.0,0.0,1.0,4.5,0.0,1.0
2025-07-04,RealEstate,-0.0037979836383029,-0.1,-0.1,-0.1,-0.0333333333333333,1.0,1.0,0.3333333333333333,0.0,0.0,1.0,0.0,0.0,0.3333333333333333
2025-07-04,SteelMaterials,-0.0005251647593793,0.3125,0.2666666666666666,1.6,1.666666666666667,6.0,6.0,5.333333333333333,3.0,1.0,2.0,3.0,1.0,1.3333333333333333
2025-07-04,Technology,0.0225906212757385,0.1699999999999999,0.1999999999999999,1.2,0.8499999999999999,6.0,6.0,5.0,3.0,2.0,1.0,2.5,1.5,1.0
2025-07-04,Utilities,0.0123615904546843,0.2833333333333333,0.2599999999999999,3.9,3.4,16.0,16.0,13.0,8.0,5.0,2.0,6.5,4.0,1.5
2025-07-07,Banking,0.0203305667695478,0.5094339622641509,0.5599999999999999,5.6,3.375,24.0,24.0,20.625,8.0,1.0,1.0,4.625,1.0,1.0
2025-07-07,ConsumerDiscretionary,0.0021262581530162,0.310353866317169,0.3342105263157894,12.699999999999998,9.866666666666664,38.0,38.0,31.791666666666664,19.0,16.0,3.0,14.791666666666666,14.5,2.5
2025-07-07,ConsumerStaples,0.0014548222769848,0.1571709233791748,0.1653846153846153,4.3,3.333333333333333,26.0,26.0,21.20833333333333,12.0,9.0,5.0,9.208333333333332,7.5,4.5
2025-07-07,Energy,-0.0033440499177752,0.2050761421319797,0.2461538461538461,3.2,1.6833333333333331,13.0,13.0,8.208333333333332,6.0,5.0,2.0,3.208333333333333,3.5,1.5
2025-07-07,Healthcare,-0.0019920549944532,0.55,0.44,2.2,2.2,5.0,5.0,4.0,3.0,2.0,0.0,3.0,1.0,0.0
2025-07-07,IndustrialLogistics,-0.0076107062635586,0.4713216957605984,0.4599999999999999,9.2,7.874999999999999,20.0,20.0,16.708333333333332,15.0,3.0,2.0,12.875,2.333333333333333,1.5
2025-07-07,RealEstate,0.0101198659294801,0.2997624703087886,0.3476190476190476,7.3,5.258333333333333,21.0,21.0,17.541666666666664,13.0,4.0,4.0,10.208333333333332,3.333333333333333,4.0
2025-07-07,SteelMaterials,0.0139762586154829,0.2597938144329897,0.34,5.1000000000000005,3.1500000000000004,15.0,15.0,12.125,9.0,3.0,3.0,6.125,3.0,3.0
2025-07-07,Technology,0.0011426973809307,0.2141119221411192,0.2875,6.9,3.666666666666667,24.0,24.0,17.125,12.0,10.0,2.0,7.291666666666666,8.333333333333332,1.5
2025-07-07,Utilities,-0.001351154525602,0.2151408450704226,0.2225806451612903,6.9,5.091666666666668,32.0,32.0,24.666666666666664,14.0,13.0,4.0,9.666666666666666,11.5,2.5
2025-07-08,Banking,0.004896981225065,0.32,0.3,2.4,2.4000000000000004,17.0,17.0,16.0,6.0,1.0,1.0,6.0,0.5,1.0
2025-07-08,ConsumerDiscretionary,0.0034003934364004,0.1390243902439024,0.1772727272727272,3.9,2.85,22.0,22.0,20.5,9.0,10.0,3.0,7.5,10.0,3.0
2025-07-08,ConsumerStaples,0.0131163180493575,-0.0428571428571428,0.0875,0.7000000000000001,-0.25,8.0,8.0,5.833333333333333,3.0,4.0,1.0,1.3333333333333333,3.5,1.0
2025-07-08,Energy,0.0134841094435584,0.0222222222222222,0.0166666666666666,0.0999999999999999,0.0999999999999999,8.0,8.0,6.5,1.0,4.0,1.0,1.0,2.5,1.0
2025-07-08,Healthcare,0.0036107897080973,,,,,,,,,,,,,
2025-07-08,IndustrialLogistics,0.0135396164567067,0.3857142857142857,0.3857142857142857,2.7,2.7,7.0,7.0,7.0,4.0,2.0,1.0,4.0,2.0,1.0
2025-07-08,RealEstate,0.0196442853351213,0.475,0.475,1.9,1.9,4.0,4.0,4.0,3.0,1.0,0.0,3.0,1.0,0.0
2025-07-08,SteelMaterials,0.0274046626362606,0.75,0.75,1.5,1.5,2.0,2.0,2.0,2.0,0.0,0.0,2.0,0.0,0.0
2025-07-08,Technology,0.0049740843146592,0.2896551724137931,0.2571428571428571,1.7999999999999998,1.4,7.0,7.0,4.833333333333333,4.0,1.0,2.0,2.833333333333333,0.5,1.5
2025-07-08,Utilities,0.0094065347819107,0.4551724137931035,0.3874999999999999,3.1,2.2,10.0,10.0,6.333333333333333,5.0,2.0,1.0,3.333333333333333,1.0,0.5
2025-07-09,Banking,0.0248769246145435,0.7473684210526316,0.75,3.0,1.893333333333333,7.0,7.0,5.533333333333333,4.0,0.0,0.0,2.533333333333333,0.0,0.0
2025-07-09,ConsumerDiscretionary,0.0049482711166433,0.3772357723577236,0.3857142857142858,8.100000000000001,6.96,21.0,21.0,18.45,10.0,9.0,2.0,8.7,7.75,2.0
2025-07-09,ConsumerStaples,0.013370965137017,-0.181294964028777,-0.1214285714285714,-1.7000000000000002,-2.1,14.0,14.0,11.583333333333332,3.0,6.0,5.0,2.333333333333333,4.25,5.0
2025-07-09,Energy,0.0035881161619858,0.4859504132231405,0.4666666666666666,5.6,4.9,12.0,12.0,10.083333333333334,8.0,3.0,1.0,6.833333333333333,2.25,1.0
2025-07-09,Healthcare,0.0050696969408977,0.2727272727272727,0.3333333333333333,1.0,0.5,3.0,3.0,1.8333333333333333,1.0,2.0,0.0,0.5,1.3333333333333333,0.0
2025-07-09,IndustrialLogistics,9.3819299182063e-05,0.5590361445783133,0.5875,4.7,3.0933333333333337,8.0,8.0,5.533333333333333,7.0,1.0,0.0,4.533333333333333,1.0,0.0
2025-07-09,RealEstate,0.0118374050201236,0.1272727272727272,0.2333333333333333,0.7,0.2333333333333333,3.0,3.0,1.8333333333333333,1.0,2.0,0.0,0.3333333333333333,1.5,0.0
2025-07-09,SteelMaterials,-0.0002259781346674,0.6112244897959184,0.5666666666666668,5.1000000000000005,3.993333333333333,9.0,9.0,6.533333333333333,7.0,2.0,0.0,5.533333333333333,1.0,0.0
2025-07-09,Technology,-0.0089119319403984,0.3833333333333333,0.4375,3.5,1.9933333333333327,8.0,8.0,5.199999999999999,5.0,3.0,0.0,2.8666666666666667,2.333333333333333,0.0
2025-07-09,Utilities,0.0030972600000754,0.2876404494382023,0.2923076923076923,3.8,2.1333333333333333,13.0,13.0,7.416666666666666,5.0,8.0,0.0,2.833333333333333,4.583333333333333,0.0
2025-07-10,Banking,-0.0001691209677876,0.4779944289693594,0.5444444444444444,4.9,2.8600000000000003,12.0,12.0,8.983333333333334,8.0,0.0,1.0,4.983333333333333,0.0,1.0
2025-07-10,ConsumerDiscretionary,0.0032111420829642,0.3007874015748032,0.3066666666666667,4.6000000000000005,3.82,15.0,15.0,12.7,8.0,5.0,2.0,6.7,4.0,2.0
2025-07-10,ConsumerStaples,0.0052016386828236,0.3357277882797732,0.3,4.2,2.96,15.0,15.0,9.816666666666666,7.0,5.0,2.0,4.733333333333333,2.583333333333333,1.5
2025-07-10,Energy,0.0110609407227103,0.2896551724137931,0.1799999999999999,0.8999999999999998,0.7,5.0,5.0,2.4166666666666665,2.0,2.0,1.0,1.3333333333333333,0.5833333333333333,0.5
2025-07-10,Healthcare,-0.002006031004467,0.0,0.0,0.0,0.0,1.0,1.0,1.0,0.0,1.0,0.0,0.0,1.0,0.0
2025-07-10,IndustrialLogistics,0.0034107802418948,0.2967213114754098,0.3133333333333333,4.699999999999999,3.62,15.0,15.0,12.2,8.0,6.0,1.0,6.45,4.75,1.0
2025-07-10,RealEstate,0.0402519118308591,0.557142857142857,0.58,2.9,2.34,5.0,5.0,4.2,5.0,0.0,0.0,4.2,0.0,0.0
2025-07-10,SteelMaterials,0.0083167295995248,0.7510204081632652,0.75,3.0,1.84,4.0,4.0,2.45,4.0,0.0,0.0,2.45,0.0,0.0
2025-07-10,Technology,0.0232888796537823,0.0969696969696969,0.1857142857142857,2.6,0.96,14.0,14.0,9.9,7.0,5.0,2.0,4.15,4.25,1.5
2025-07-10,Utilities,-0.0018881911739054,0.1935483870967742,0.1769230769230769,2.3,2.0,13.0,13.0,10.333333333333332,5.0,7.0,1.0,4.0,5.833333333333333,0.5
2025-07-11,Banking,0.0045728647827172,0.4949152542372881,0.54,2.7,1.46,8.0,8.0,5.45,4.0,1.0,0.0,2.45,0.5,0.0
2025-07-11,ConsumerDiscretionary,-0.0020202226659607,0.2783147459727386,0.34,6.800000000000001,3.7433333333333336,20.0,20.0,13.45,13.0,4.0,3.0,8.116666666666667,3.0,2.333333333333333
2025-07-11,ConsumerStaples,-0.0008044120448904,0.4673306772908366,0.4833333333333334,5.800000000000001,3.91,12.0,12.0,8.366666666666667,9.0,3.0,0.0,6.033333333333333,2.333333333333333,0.0
2025-07-11,Energy,-0.0091278943887855,-0.2,0.0333333333333333,0.0999999999999999,-0.3666666666666667,3.0,3.0,1.8333333333333333,1.0,1.0,1.0,0.3333333333333333,0.5,1.0
2025-07-11,Healthcare,-0.0085484129125808,0.0,0.0,0.0,0.0,1.0,1.0,0.5,0.0,1.0,0.0,0.0,0.5,0.0
2025-07-11,IndustrialLogistics,-0.0088282399181444,0.3495145631067962,0.4,4.0,3.0,10.0,10.0,8.583333333333332,6.0,4.0,0.0,4.583333333333333,4.0,0.0
2025-07-11,RealEstate,0.0208996263607641,0.6439024390243904,0.6,4.8,4.4,9.0,9.0,7.333333333333333,7.0,1.0,0.0,6.333333333333333,0.5,0.0
2025-07-11,SteelMaterials,0.0092403384456499,0.4426512968299712,0.475,3.8,2.56,8.0,8.0,5.783333333333333,6.0,2.0,0.0,4.45,1.3333333333333333,0.0
2025-07-11,Technology,2.8486571929035403e-05,0.4441281138790035,0.3384615384615385,4.4,4.16,14.0,14.0,9.866666666666667,8.0,2.0,3.0,6.533333333333333,1.5,1.3333333333333333
2025-07-11,Utilities,-0.0092070003000745,0.0612903225806451,0.075,1.2000000000000002,0.6333333333333334,17.0,17.0,10.833333333333332,4.0,8.0,4.0,2.1666666666666665,5.833333333333333,2.333333333333333
2025-07-14,Banking,-0.0007360565154111,0.3393258426966292,0.525,4.2,1.5100000000000002,17.0,17.0,11.95,7.0,0.0,1.0,3.45,0.0,1.0
2025-07-14,ConsumerDiscretionary,0.0275497194947155,0.2799043062200956,0.2526315789473685,9.6,9.75,38.0,38.0,34.833333333333336,18.0,12.0,8.0,17.5,9.833333333333332,7.5
2025-07-14,ConsumerStaples,-0.0035365017243786,0.2368783473603672,0.256,6.4,5.16,26.0,26.0,22.78333333333333,11.0,11.0,3.0,9.45,9.333333333333332,3.0
2025-07-14,Energy,0.001344848581126,0.0592592592592592,0.0461538461538461,0.6,0.5333333333333334,14.0,14.0,9.5,3.0,7.0,3.0,2.0,4.666666666666666,2.333333333333333
2025-07-14,Healthcare,-0.0008438196540047,0.223076923076923,0.2599999999999999,2.6,1.933333333333333,11.0,11.0,9.666666666666666,3.0,6.0,1.0,2.333333333333333,5.333333333333333,1.0
2025-07-14,IndustrialLogistics,-0.0098789685838649,0.2680232558139535,0.3157894736842105,6.0,4.609999999999999,19.0,19.0,17.2,11.0,6.0,2.0,9.2,6.0,2.0
2025-07-14,RealEstate,0.0222192281776716,0.496165191740413,0.5476190476190477,11.500000000000002,8.41,21.0,21.0,16.95,17.0,2.0,2.0,12.95,2.0,2.0
2025-07-14,SteelMaterials,0.0022389918843993,0.3799256505576208,0.4555555555555555,8.2,5.11,18.0,18.0,13.45,13.0,2.0,3.0,8.95,1.5,3.0
2025-07-14,Technology,0.0003012337197679,0.417910447761194,0.4529411764705882,7.699999999999999,4.666666666666666,18.0,18.0,12.166666666666666,12.0,3.0,2.0,7.833333333333333,2.0,1.3333333333333333
2025-07-14,Utilities,0.0236392601671275,0.4010752688172042,0.38,7.6,6.216666666666666,25.0,25.0,19.5,13.0,3.0,4.0,10.333333333333332,2.333333333333333,2.833333333333333
2025-07-15,Banking,-0.0112915087970427,0.2428571428571428,0.2428571428571428,1.6999999999999995,1.6999999999999995,12.0,12.0,12.0,4.0,2.0,1.0,4.0,2.0,1.0
2025-07-15,ConsumerDiscretionary,-0.0064528933160864,0.2351598173515981,0.2208333333333333,5.3,4.291666666666666,24.0,24.0,18.25,11.0,10.0,3.0,8.583333333333332,7.166666666666666,2.5
2025-07-15,ConsumerStaples,-0.0042302702722444,-0.0105263157894737,-0.0625,-0.5000000000000001,-0.0666666666666667,8.0,8.0,6.333333333333333,3.0,3.0,2.0,2.333333333333333,2.5,1.5
2025-07-15,Energy,-0.0058724773419089,0.3102564102564102,0.3,2.7,2.0166666666666666,9.0,9.0,6.499999999999999,5.0,3.0,1.0,3.8333333333333335,1.6666666666666663,1.0
2025-07-15,Healthcare,0.0003221393615481,-0.5,-0.5,-1.0,-0.5,2.0,2.0,1.0,0.0,1.0,1.0,0.0,0.5,0.5
2025-07-15,IndustrialLogistics,-0.0096644475040501,0.399009900990099,0.4272727272727273,4.7,3.3583333333333334,11.0,11.0,8.416666666666666,9.0,1.0,1.0,6.416666666666666,1.0,1.0
2025-07-15,RealEstate,-0.0127193987453492,0.39,0.425,1.7000000000000002,1.3,4.0,4.0,3.333333333333333,3.0,0.0,1.0,2.333333333333333,0.0,1.0
2025-07-15,SteelMaterials,0.0006356612929775,0.487012987012987,0.4666666666666667,4.2,3.125,9.0,9.0,6.416666666666666,7.0,1.0,1.0,5.083333333333333,0.3333333333333333,1.0
2025-07-15,Technology,-0.010606317063394,0.5228571428571429,0.4909090909090909,5.4,4.575,12.0,12.0,9.25,8.0,2.0,1.0,6.25,2.0,0.5
2025-07-15,Utilities,-0.0106551133371205,0.3222222222222222,0.3285714285714285,4.6,2.8999999999999995,16.0,16.0,10.5,7.0,6.0,1.0,4.166666666666667,3.8333333333333335,1.0
2025-07-16,Banking,0.0109192731002095,0.1142857142857142,0.1,0.4,0.3999999999999999,11.0,11.0,10.0,2.0,1.0,1.0,2.0,0.5,1.0
2025-07-16,ConsumerDiscretionary,0.0098745220888455,0.2936708860759494,0.2913043478260869,6.699999999999999,5.8,23.0,23.0,19.75,10.0,9.0,4.0,9.0,6.75,4.0
2025-07-16,ConsumerStaples,0.0018506182216633,0.0,0.0,0.0,0.0,4.0,4.0,4.0,2.0,0.0,2.0,2.0,0.0,2.0
2025-07-16,Energy,-0.0019699122814844,0.2594594594594595,0.16,0.8,0.8,5.0,5.0,3.083333333333333,1.0,4.0,0.0,1.0,2.083333333333333,0.0
2025-07-16,Healthcare,0.0016670990924011,-1.0,-1.0,-2.0,-2.0,2.0,2.0,2.0,0.0,0.0,2.0,0.0,0.0,2.0
2025-07-16,IndustrialLogistics,-0.002551732881489,0.064,0.0384615384615384,0.5,0.8,13.0,13.0,12.5,4.0,5.0,4.0,4.0,5.0,3.5
2025-07-16,RealEstate,0.0250776893024763,0.68,0.6166666666666667,3.7,3.4000000000000004,6.0,6.0,5.0,6.0,0.0,0.0,5.0,0.0,0.0
2025-07-16,SteelMaterials,0.0118674134062168,0.7857142857142857,0.75,3.0,2.75,4.0,4.0,3.5,4.0,0.0,0.0,3.5,0.0,0.0
2025-07-16,Technology,0.0009985571034005,0.6725274725274725,0.5666666666666667,5.1,5.1,10.0,10.0,8.083333333333332,6.0,3.0,0.0,6.0,1.5833333333333333,0.0
2025-07-16,Utilities,0.0133850224848703,0.3719008264462811,0.3142857142857143,4.4,3.75,14.0,14.0,10.083333333333332,7.0,6.0,1.0,5.5,4.083333333333333,0.5
2025-07-17,Banking,0.0016120538048332,0.47117903930131,0.5666666666666668,3.4000000000000004,1.2845238095238096,10.0,10.0,5.726190476190476,5.0,1.0,0.0,1.726190476190476,1.0,0.0
2025-07-17,ConsumerDiscretionary,-0.0017507005005568,0.2646634615384615,0.248,6.2,5.242857142857143,25.0,25.0,19.80952380952381,10.0,14.0,1.0,8.142857142857142,10.666666666666666,1.0
2025-07-17,ConsumerStaples,0.0081194953950932,-0.6354260089686099,-0.2875,-2.3,-3.373809523809524,8.0,8.0,5.309523809523809,3.0,1.0,4.0,0.976190476190476,0.3333333333333333,4.0
2025-07-17,Energy,0.0002161844541455,0.0,0.0,0.0,0.0,8.0,8.0,4.166666666666666,0.0,7.0,0.0,0.0,3.6666666666666665,0.0
2025-07-17,Healthcare,0.0035462276910258,0.6608695652173914,0.6,3.0,2.533333333333333,5.0,5.0,3.833333333333333,4.0,1.0,0.0,3.333333333333333,0.5,0.0
2025-07-17,IndustrialLogistics,5.694120649316995e-05,0.4415730337078651,0.4,4.0,3.742857142857143,11.0,11.0,8.976190476190476,5.0,5.0,0.0,4.142857142857142,4.333333333333333,0.0
2025-07-17,RealEstate,0.0590661507357042,0.4987546699875467,0.5499999999999999,7.699999999999999,4.767857142857143,14.0,14.0,9.55952380952381,12.0,2.0,0.0,7.559523809523809,2.0,0.0
2025-07-17,SteelMaterials,0.0003157652723222,0.3116424116424116,0.4333333333333333,3.9,1.7845238095238096,9.0,9.0,5.726190476190476,7.0,1.0,1.0,3.726190476190476,1.0,1.0
2025-07-17,Technology,0.0039787953056165,0.7029729729729729,0.5666666666666667,6.8,6.192857142857143,12.0,12.0,8.80952380952381,9.0,3.0,0.0,7.642857142857142,1.1666666666666663,0.0
2025-07-17,Utilities,-0.0064955819523562,0.2505154639175257,0.2071428571428571,2.8999999999999995,2.025,15.0,15.0,9.083333333333334,4.0,10.0,0.0,2.75,5.333333333333333,0.0
2025-07-18,Banking,-0.0008137699068783,0.51,0.5249999999999999,2.1,1.7,9.0,9.0,8.333333333333332,3.0,1.0,0.0,2.333333333333333,1.0,0.0
2025-07-18,ConsumerDiscretionary,0.0162955132962268,0.2663265306122448,0.2842105263157894,5.4,4.35,19.0,19.0,16.333333333333332,8.0,10.0,1.0,6.5,8.833333333333332,1.0
2025-07-18,ConsumerStaples,0.0118440461659772,0.2447368421052631,0.2625,2.1,1.5499999999999998,8.0,8.0,6.333333333333333,4.0,3.0,1.0,3.0,2.333333333333333,1.0
2025-07-18,Energy,0.0112371520758574,0.2277777777777777,0.2125,1.7000000000000002,1.3666666666666667,8.0,8.0,6.0,4.0,4.0,0.0,2.6666666666666665,3.333333333333333,0.0
2025-07-18,Healthcare,-0.0022230081331097,0.2666666666666666,0.2666666666666666,0.8,0.8,3.0,3.0,3.0,1.0,2.0,0.0,1.0,2.0,0.0
2025-07-18,IndustrialLogistics,0.0140321362523886,0.4571428571428572,0.4571428571428572,3.2,3.2,7.0,7.0,7.0,4.0,3.0,0.0,4.0,3.0,0.0
2025-07-18,RealEstate,0.0096381368314338,0.4434782608695653,0.4666666666666667,4.2,3.4000000000000004,9.0,9.0,7.666666666666666,7.0,0.0,2.0,5.666666666666666,0.0,2.0
2025-07-18,SteelMaterials,-0.002255241863776,0.3941176470588235,0.4272727272727272,4.699999999999999,3.35,11.0,11.0,8.5,8.0,2.0,1.0,5.5,2.0,1.0
2025-07-18,Technology,-0.0036220549911316,0.6703703703703704,0.5571428571428572,3.9,3.0166666666666666,7.0,7.0,4.5,6.0,1.0,0.0,4.166666666666666,0.3333333333333333,0.0
2025-07-18,Utilities,0.0136704002353813,0.0864864864864864,0.11875,1.9,1.0666666666666669,16.0,16.0,12.333333333333332,6.0,9.0,1.0,4.166666666666666,7.166666666666666,1.0
2025-07-21,Banking,-0.0043166657817615,0.4627737226277372,0.4428571428571428,6.199999999999999,5.283333333333333,29.0,29.0,25.416666666666664,11.0,1.0,2.0,8.916666666666666,0.5,2.0
2025-07-21,ConsumerDiscretionary,-0.0122679359350639,0.1764150943396226,0.2214285714285714,9.3,6.2333333333333325,42.0,42.0,35.33333333333333,19.0,14.0,9.0,15.166666666666666,12.166666666666666,8.0
2025-07-21,ConsumerStaples,-0.0112883143162383,0.362962962962963,0.3766666666666667,11.3,8.983333333333334,30.0,30.0,24.75,17.0,9.0,4.0,13.416666666666666,7.833333333333333,3.5
2025-07-21,Energy,-0.008740133163326,0.2627218934911242,0.259090909090909,5.699999999999999,3.7,22.0,22.0,14.083333333333334,9.0,9.0,4.0,5.75,4.833333333333333,3.5
2025-07-21,Healthcare,0.0014909170501875,0.2,0.1777777777777777,1.6,1.6,9.0,9.0,8.0,3.0,6.0,0.0,3.0,5.0,0.0
2025-07-21,IndustrialLogistics,-0.0080984250271272,0.2236111111111111,0.2333333333333333,3.5,2.6833333333333336,15.0,15.0,12.0,6.0,7.0,2.0,4.666666666666666,5.833333333333333,1.5
2025-07-21,RealEstate,-0.0414867912099437,0.4457831325301205,0.47,4.7,3.083333333333333,10.0,10.0,6.916666666666666,8.0,1.0,1.0,4.916666666666666,1.0,1.0
2025-07-21,SteelMaterials,0.0071659098205354,0.5000000000000001,0.5090909090909091,5.6000000000000005,4.833333333333334,11.0,11.0,9.666666666666666,9.0,0.0,2.0,7.666666666666666,0.0,2.0
2025-07-21,Technology,-0.0058234013301167,0.3321428571428572,0.3176470588235295,5.400000000000001,4.65,19.0,19.0,15.5,11.0,3.0,3.0,9.0,2.5,2.5
2025-07-21,Utilities,0.0077569657654451,0.2775700934579439,0.2333333333333332,6.299999999999999,4.949999999999999,31.0,31.0,20.33333333333333,11.0,13.0,3.0,8.5,7.333333333333333,2.0
2025-07-22,Banking,0.0149396119417357,-0.0772727272727272,-0.0374999999999999,-0.2999999999999999,-0.3400000000000001,16.0,16.0,12.4,2.0,1.0,5.0,1.2,0.2,3.0
2025-07-22,ConsumerDiscretionary,0.0086801092179782,0.3747508305647841,0.3666666666666666,4.4,3.76,12.0,12.0,10.033333333333331,6.0,5.0,1.0,5.2,3.833333333333333,1.0
2025-07-22,ConsumerStaples,0.0026422307142837,0.069172932330827,0.0888888888888888,0.8,0.4600000000000001,9.0,9.0,6.65,3.0,4.0,2.0,2.2,3.2,1.25
2025-07-22,Energy,0.0006585505375666,0.0,0.0,0.0,0.0,3.0,3.0,1.0333333333333332,0.0,3.0,0.0,0.0,1.0333333333333332,0.0
2025-07-22,Healthcare,0.00624557846697,0.5333333333333333,0.4,0.8,0.8,2.0,2.0,1.5,1.0,1.0,0.0,1.0,0.5,0.0
2025-07-22,IndustrialLogistics,0.0169132903186459,0.4920634920634921,0.4090909090909091,4.5,4.65,11.0,11.0,9.45,6.0,3.0,2.0,6.0,2.2,1.25
2025-07-22,RealEstate,0.0372405838153893,0.1647058823529411,0.0454545454545454,0.5,1.4,12.0,12.0,9.5,4.0,2.0,5.0,4.0,2.0,2.5
2025-07-22,SteelMaterials,0.005130501209335,0.060377358490566,0.1,0.5,0.16,5.0,5.0,2.65,2.0,1.0,2.0,1.2,0.2,1.25
2025-07-22,Technology,0.0092940113212128,0.3837837837837837,0.3,3.6,3.55,12.0,12.0,9.25,6.0,4.0,2.0,5.5,3.0,0.75
2025-07-22,Utilities,-0.0015423264057773,0.1775510204081632,0.2299999999999999,2.3,1.16,11.0,11.0,7.533333333333333,3.0,7.0,0.0,1.7,4.833333333333333,0.0
2025-07-23,Banking,-0.0019986574460041,0.6461538461538462,0.6625000000000001,5.300000000000001,4.2,16.0,16.0,14.0,7.0,0.0,1.0,5.5,0.0,1.0
2025-07-23,ConsumerDiscretionary,0.012004778100524,0.4247619047619047,0.4476190476190477,9.400000000000002,7.433333333333333,21.0,21.0,17.5,11.0,9.0,1.0,8.833333333333332,7.666666666666666,1.0
2025-07-23,ConsumerStaples,0.0122010683929556,-0.0727272727272727,-0.0333333333333333,-0.4,-0.8000000000000002,12.0,12.0,11.0,4.0,4.0,4.0,3.5,3.5,4.0
2025-07-23,Energy,0.0130111470712859,0.1846153846153846,0.1142857142857143,0.8,0.8,7.0,7.0,4.333333333333333,1.0,6.0,0.0,1.0,3.333333333333333,0.0
2025-07-23,Healthcare,0.001627335144265,0.16,0.1333333333333333,0.4,0.4,3.0,3.0,2.5,1.0,1.0,1.0,1.0,0.5,1.0
2025-07-23,IndustrialLogistics,0.0077888561035468,0.24,0.12,0.6,0.8,6.0,6.0,3.833333333333333,1.0,3.0,1.0,1.0,1.8333333333333333,0.5
2025-07-23,RealEstate,-0.0207326673727755,0.4444444444444444,0.5166666666666666,3.1,2.0,6.0,6.0,4.5,5.0,0.0,1.0,3.5,0.0,1.0
2025-07-23,SteelMaterials,0.0244178317255451,0.6307692307692307,0.6428571428571429,4.5,4.1,7.0,7.0,6.5,6.0,0.0,1.0,5.5,0.0,1.0
2025-07-23,Technology,0.0143543757546636,0.6453125,0.6,8.4,6.883333333333333,14.0,14.0,10.666666666666666,10.0,4.0,0.0,8.333333333333332,2.333333333333333,0.0
2025-07-23,Utilities,0.0061172618447686,0.1816326530612245,0.1769230769230769,2.3,1.4833333333333334,15.0,15.0,9.166666666666666,3.0,9.0,1.0,1.8333333333333333,5.833333333333333,0.5
2025-07-24,Banking,0.0017503743201407,0.2909090909090909,0.2666666666666666,1.6,1.6,11.0,11.0,10.0,2.0,4.0,0.0,2.0,3.5,0.0
2025-07-24,ConsumerDiscretionary,-0.0068999857732251,0.2842105263157894,0.2454545454545454,5.4,5.4,22.0,22.0,19.0,10.0,9.0,3.0,9.5,7.0,2.5
2025-07-24,ConsumerStaples,0.0079512414731948,0.0,0.0,0.0,0.0,7.0,7.0,7.0,2.0,3.0,2.0,2.0,3.0,2.0
2025-07-24,Energy,0.013518500232433,0.1999999999999999,0.1714285714285714,1.2,1.2,7.0,7.0,6.0,2.0,4.0,1.0,2.0,3.0,1.0
2025-07-24,Healthcare,0.0090262107273043,0.55,0.3999999999999999,0.7999999999999999,0.7333333333333333,2.0,2.0,1.3333333333333333,2.0,0.0,0.0,1.3333333333333333,0.0,0.0
2025-07-24,IndustrialLogistics,0.0027172962633397,0.375,0.375,1.5,1.5,4.0,4.0,4.0,2.0,2.0,0.0,2.0,2.0,0.0
2025-07-24,RealEstate,0.0022227228354734,0.1333333333333333,0.1999999999999999,0.7999999999999999,0.4,4.0,4.0,3.0,2.0,1.0,1.0,1.5,0.5,1.0
2025-07-24,SteelMaterials,-0.012586250509099,0.6363636363636364,0.5571428571428572,3.9,3.5,7.0,7.0,5.5,5.0,2.0,0.0,4.5,1.0,0.0
2025-07-24,Technology,-0.0044386644981738,0.2978723404255319,0.2666666666666666,2.4,2.333333333333333,9.0,9.0,7.833333333333333,4.0,3.0,2.0,3.333333333333333,2.5,2.0
2025-07-24,Utilities,0.0004496150171415,0.2085106382978723,0.1545454545454545,1.7,1.6333333333333333,12.0,12.0,8.333333333333332,4.0,4.0,3.0,2.833333333333333,2.5,2.5
2025-07-25,Banking,-0.0013010547147656,0.5660377358490567,0.5333333333333333,3.2,2.5,13.0,13.0,10.916666666666666,5.0,1.0,0.0,3.4166666666666665,1.0,0.0
2025-07-25,ConsumerDiscretionary,0.0005023601267779,0.3245901639344263,0.3043478260869565,7.0,6.6000000000000005,24.0,24.0,20.83333333333333,10.0,11.0,2.0,9.5,8.833333333333332,2.0
2025-07-25,ConsumerStaples,-0.002853882225667,0.6681818181818182,0.62,3.1,2.45,5.0,5.0,3.6666666666666665,4.0,1.0,0.0,2.6666666666666665,1.0,0.0
2025-07-25,Energy,-0.0043608066183417,-0.0297520661157024,0.0428571428571428,0.6000000000000001,-0.2999999999999999,14.0,14.0,10.083333333333332,5.0,6.0,3.0,3.25,3.833333333333333,3.0
2025-07-25,Healthcare,-0.000868139434422,,,,,,,,,,,,,
2025-07-25,IndustrialLogistics,0.0155462211559084,0.3470588235294118,0.32,3.2,2.95,10.0,10.0,8.5,6.0,3.0,1.0,5.166666666666666,2.333333333333333,1.0
2025-07-25,RealEstate,0.0058155793016121,0.5593220338983051,0.5428571428571428,3.8,2.75,7.0,7.0,4.916666666666666,6.0,1.0,0.0,3.9166666666666665,1.0,0.0
2025-07-25,SteelMaterials,0.008361240042197,0.5842105263157895,0.525,2.1,1.85,4.0,4.0,3.1666666666666665,4.0,0.0,0.0,3.1666666666666665,0.0,0.0
2025-07-25,Technology,0.0091271005523426,0.4813953488372093,0.4625,3.7,3.45,8.0,8.0,7.166666666666666,5.0,2.0,1.0,4.166666666666666,2.0,1.0
2025-07-25,Utilities,0.0058377283963127,0.1225806451612903,0.15,1.5,0.95,13.0,13.0,9.75,3.0,7.0,0.0,1.75,6.0,0.0
2025-07-28,Banking,0.0090023435018208,0.4781609195402299,0.5333333333333333,6.4,4.16,28.0,28.0,23.2,10.0,1.0,1.0,6.699999999999999,1.0,1.0
2025-07-28,ConsumerDiscretionary,-0.0006936408984422,0.2915384615384614,0.3,15.9,12.633333333333333,53.0,53.0,43.333333333333336,25.0,23.0,5.0,20.0,19.0,4.333333333333333
2025-07-28,ConsumerStaples,0.009847634669498,0.1357664233576642,0.2529411764705882,4.3,1.86,17.0,17.0,13.7,7.0,8.0,2.0,3.7,8.0,2.0
2025-07-28,Energy,0.0044961858862269,0.0896969696969697,0.1,1.9000000000000004,1.2333333333333338,20.0,20.0,14.25,8.0,7.0,4.0,6.25,4.166666666666666,3.333333333333333
2025-07-28,Healthcare,0.0009697230901842,-0.3333333333333333,-0.3333333333333333,-1.0,-1.0,3.0,3.0,3.0,0.0,2.0,1.0,0.0,2.0,1.0
2025-07-28,IndustrialLogistics,0.013341868359656,0.6408304498269898,0.6111111111111112,11.0,9.260000000000002,18.0,18.0,14.45,14.0,4.0,0.0,11.45,3.0,0.0
2025-07-28,RealEstate,0.018856872169805,0.3951219512195121,0.4357142857142856,6.1,4.05,14.0,14.0,10.25,10.0,3.0,1.0,6.749999999999999,2.5,1.0
2025-07-28,SteelMaterials,0.0394290748226885,0.3877192982456141,0.4625,3.7,2.21,8.0,8.0,5.699999999999999,6.0,0.0,2.0,3.7,0.0,2.0
2025-07-28,Technology,0.0044747207543639,0.5741228070175439,0.540909090909091,11.900000000000002,8.726666666666667,22.0,22.0,15.2,15.0,7.0,0.0,10.366666666666667,4.833333333333333,0.0
2025-07-28,Utilities,0.0149756647909827,0.266046511627907,0.2518518518518518,6.8,4.766666666666667,31.0,31.0,20.916666666666664,10.0,16.0,1.0,7.083333333333333,10.5,0.3333333333333333
2025-07-29,Banking,-0.0396666997230867,0.7333333333333334,0.7333333333333334,2.2,2.2,9.0,9.0,9.0,3.0,0.0,0.0,3.0,0.0,0.0
2025-07-29,ConsumerDiscretionary,-0.0470880422540074,0.44,0.4222222222222222,7.6,6.6,19.0,19.0,16.0,11.0,6.0,1.0,9.5,5.0,0.5
2025-07-29,ConsumerStaples,-0.0369508442737566,0.3862068965517241,0.36,3.6,2.8,10.0,10.0,7.25,7.0,0.0,3.0,5.25,0.0,2.0
2025-07-29,Energy,-0.0202263187116522,0.3105263157894737,0.3,3.0,2.95,11.0,11.0,10.5,6.0,3.0,1.0,5.5,3.0,1.0
2025-07-29,Healthcare,-0.0210420901498499,0.1833333333333333,0.0249999999999999,0.0999999999999999,0.5499999999999999,4.0,4.0,3.0,3.0,0.0,1.0,2.5,0.0,0.5
2025-07-29,IndustrialLogistics,-0.0426001693581384,0.3487179487179487,0.3636363636363636,4.0,3.4000000000000004,11.0,11.0,9.75,6.0,5.0,0.0,5.25,4.5,0.0
2025-07-29,RealEstate,-0.0420184168664736,0.1333333333333333,0.175,1.4,1.0,8.0,8.0,7.5,4.0,2.0,2.0,3.5,2.0,2.0
2025-07-29,SteelMaterials,-0.0368252889027989,0.7619047619047619,0.7666666666666667,4.6000000000000005,4.0,6.0,6.0,5.25,6.0,0.0,0.0,5.25,0.0,0.0
2025-07-29,Technology,-0.0594154315907608,0.6122448979591836,0.6357142857142858,8.9,7.499999999999999,15.0,15.0,13.25,11.0,3.0,0.0,9.25,3.0,0.0
2025-07-29,Utilities,-0.0295465462502023,0.4769230769230769,0.4222222222222222,3.8,3.1,10.0,10.0,7.5,5.0,4.0,0.0,4.0,2.5,0.0
2025-07-30,Banking,0.0240474373420362,0.14,0.0,0.0,0.4666666666666667,14.0,14.0,9.666666666666666,2.0,2.0,2.0,1.5,1.0,0.8333333333333333
2025-07-30,ConsumerDiscretionary,0.0053437513907761,0.2325358851674641,0.1476190476190476,3.1000000000000005,4.050000000000001,22.0,22.0,17.916666666666664,7.0,11.0,3.0,7.0,8.666666666666666,1.75
2025-07-30,ConsumerStaples,0.0038795628382985,0.5184466019417476,0.4,4.0,4.45,10.0,10.0,8.583333333333332,6.0,1.0,3.0,6.0,0.3333333333333333,2.25
2025-07-30,Energy,-0.003179257724599,0.0222222222222222,-0.0499999999999999,-0.5999999999999999,0.1666666666666666,13.0,13.0,7.833333333333333,1.0,9.0,2.0,1.0,5.666666666666666,0.8333333333333333
2025-07-30,Healthcare,-0.0047614854624991,,,,,,,,,,,,,
2025-07-30,IndustrialLogistics,0.0237439473540207,0.2571428571428571,0.2142857142857142,1.5,1.5,7.0,7.0,5.833333333333334,4.0,2.0,1.0,4.0,0.8333333333333333,1.0
2025-07-30,RealEstate,-0.0069182501758684,0.1553191489361702,0.11,1.1,1.2166666666666663,10.0,10.0,7.833333333333333,6.0,1.0,3.0,5.0,1.0,1.8333333333333333
2025-07-30,SteelMaterials,0.02671013013352,0.678688524590164,0.4285714285714285,3.0,3.45,7.0,7.0,5.083333333333333,4.0,2.0,1.0,4.0,0.8333333333333333,0.25
2025-07-30,Technology,0.0027404821751821,0.3999999999999999,0.2666666666666666,1.6,1.7,6.0,6.0,4.25,3.0,2.0,1.0,2.5,1.5,0.25
2025-07-30,Utilities,0.0010634114769439,0.1868852459016393,0.0846153846153845,1.0999999999999996,1.9,16.0,16.0,12.0,4.0,7.0,2.0,4.0,5.166666666666666,1.0
2025-07-31,Banking,-0.0082780347520593,0.6230769230769232,0.5799999999999998,2.8999999999999995,2.0250000000000004,14.0,14.0,11.083333333333334,4.0,1.0,0.0,2.75,0.5,0.0
2025-07-31,ConsumerDiscretionary,-0.0166848431148883,0.397923875432526,0.3827586206896552,11.1,9.583333333333334,30.0,30.0,24.416666666666668,17.0,8.0,4.0,14.583333333333332,6.166666666666666,3.333333333333333
2025-07-31,ConsumerStaples,-0.0108879491115186,0.5965909090909091,0.4545454545454545,5.0,4.375,11.0,11.0,7.333333333333333,7.0,3.0,1.0,5.25,1.8333333333333333,0.25
2025-07-31,Energy,-0.0013465455186175,0.1270072992700729,0.0533333333333333,0.8,1.45,18.0,18.0,13.75,5.0,6.0,4.0,4.5,4.833333333333334,2.083333333333333
2025-07-31,Healthcare,0.0206629358405673,,,,,,,,,,,,,
2025-07-31,IndustrialLogistics,0.0074445229920398,0.4530000000000001,0.3818181818181818,4.2,3.775,11.0,11.0,8.333333333333332,7.0,3.0,1.0,5.75,2.333333333333333,0.25
2025-07-31,RealEstate,-0.0165442303657491,0.4048780487804878,0.3583333333333334,4.300000000000001,4.15,12.0,12.0,10.25,8.0,1.0,3.0,7.25,0.5,2.5
2025-07-31,SteelMaterials,-0.0174927783397903,0.5142857142857142,0.5375,4.3,3.6,8.0,8.0,7.0,7.0,0.0,1.0,6.0,0.0,1.0
2025-07-31,Technology,-0.003575054799615,0.5356164383561643,0.5181818181818182,5.7,3.258333333333333,11.0,11.0,6.083333333333333,8.0,2.0,1.0,4.333333333333333,1.5,0.25
2025-07-31,Utilities,-0.0013855598470895,0.2144144144144144,0.23125,3.7,1.9833333333333332,18.0,18.0,10.75,8.0,5.0,3.0,4.583333333333333,3.333333333333333,1.3333333333333333
2025-08-01,Banking,-0.0172919868719706,0.0607142857142857,0.0142857142857143,0.1,0.2833333333333333,12.0,12.0,9.166666666666666,2.0,1.0,4.0,1.5,0.5,2.6666666666666665
2025-08-01,ConsumerDiscretionary,0.0294259340518092,0.2,0.1833333333333333,2.2,2.2,13.0,13.0,12.0,5.0,7.0,0.0,5.0,6.0,0.0
2025-08-01,ConsumerStaples,-0.0044311768985736,0.2857142857142857,0.25,2.0,2.0,8.0,8.0,7.0,4.0,2.0,2.0,4.0,1.0,2.0
2025-08-01,Energy,-0.0022535865755902,0.0307692307692307,-0.075,-0.6,0.1999999999999999,9.0,9.0,7.5,2.0,3.0,3.0,2.0,2.5,2.0
2025-08-01,Healthcare,0.0035094619171879,,,,,,,,,,,,,
2025-08-01,IndustrialLogistics,0.0228639172459086,0.3287671232876712,0.2571428571428571,3.6,4.0,14.0,14.0,12.166666666666666,7.0,3.0,4.0,7.0,1.8333333333333333,3.333333333333333
2025-08-01,RealEstate,0.0069268927379696,0.4076923076923077,0.3,3.3,3.533333333333333,11.0,11.0,8.666666666666666,7.0,1.0,3.0,6.5,0.5,1.6666666666666663
2025-08-01,SteelMaterials,-0.0134901608902933,0.6999999999999998,0.7,1.4,1.0499999999999998,2.0,2.0,1.5,2.0,0.0,0.0,1.5,0.0,0.0
2025-08-01,Technology,0.0051211539755577,0.1999999999999999,0.1705882352941176,2.9000000000000004,2.833333333333333,18.0,18.0,15.166666666666666,7.0,7.0,3.0,6.5,5.833333333333333,1.8333333333333333
2025-08-01,Utilities,-0.0049469894809343,0.2806451612903226,0.1428571428571428,2.0,2.9000000000000004,15.0,15.0,10.833333333333332,5.0,6.0,3.0,5.0,3.8333333333333335,1.5
2025-08-04,Banking,0.0227815618046428,-0.6416666666666667,-0.5333333333333333,-1.6,-0.77,14.0,14.0,11.7,0.0,0.0,3.0,0.0,0.0,1.2
2025-08-04,ConsumerDiscretionary,0.0051456913574533,0.2914383561643835,0.2888888888888889,15.6,14.183333333333335,54.0,54.0,48.66666666666667,25.0,20.0,9.0,22.833333333333336,18.33333333333333,7.5
2025-08-04,ConsumerStaples,0.0096660531768354,-0.0705202312138728,-0.0055555555555555,-0.1,-1.016666666666667,18.0,18.0,14.416666666666666,6.0,6.0,6.0,3.833333333333333,6.0,4.583333333333333
2025-08-04,Energy,0.006162060916939,0.263013698630137,0.2666666666666666,4.0,3.2,15.0,15.0,12.166666666666666,6.0,8.0,1.0,4.833333333333333,6.333333333333333,1.0
2025-08-04,Healthcare,0.00270631139885,-0.2249999999999999,-0.2249999999999999,-0.8999999999999999,-0.8999999999999999,4.0,4.0,4.0,1.0,1.0,2.0,1.0,1.0,2.0
2025-08-04,IndustrialLogistics,0.0099226821893962,0.266601752677702,0.2904761904761905,6.1000000000000005,4.5633333333333335,21.0,21.0,17.116666666666667,11.0,7.0,3.0,9.083333333333332,5.833333333333333,2.2
2025-08-04,RealEstate,0.0545998910484891,0.2887987012987013,0.284,7.099999999999999,5.93,25.0,25.0,20.53333333333333,15.0,2.0,8.0,12.583333333333332,1.5,6.45
2025-08-04,SteelMaterials,0.0084568922385806,0.4074626865671641,0.3111111111111111,2.8,2.7299999999999995,9.0,9.0,6.7,7.0,0.0,2.0,6.25,0.0,0.45
2025-08-04,Technology,-0.001875505515962,0.2853135313531353,0.1714285714285714,4.8,5.763333333333333,28.0,28.0,20.2,13.0,8.0,7.0,10.75,6.666666666666666,2.783333333333333
2025-08-04,Utilities,0.0409437558151804,0.0018518518518518,0.0562499999999999,0.8999999999999999,0.0166666666666667,17.0,17.0,9.5,6.0,5.0,5.0,2.833333333333333,3.333333333333333,2.833333333333333
2025-08-05,Banking,0.0145585995461586,0.6625,0.6625000000000001,5.300000000000001,5.3,17.0,17.0,15.5,7.0,1.0,0.0,7.0,1.0,0.0
2025-08-05,ConsumerDiscretionary,0.0001284078358313,0.1818181818181818,0.2,4.4,3.166666666666667,22.0,22.0,17.416666666666668,10.0,6.0,6.0,8.0,4.083333333333333,5.333333333333333
2025-08-05,ConsumerStaples,-0.0026836530469646,0.3322033898305084,0.3454545454545454,3.8,3.2666666666666666,11.0,11.0,9.833333333333334,7.0,2.0,2.0,6.333333333333333,1.5,2.0
2025-08-05,Energy,-0.0031221275282087,-0.0354430379746835,-0.1,-0.9,-0.2333333333333332,10.0,10.0,7.583333333333333,2.0,5.0,2.0,2.0,3.25,1.3333333333333333
2025-08-05,Healthcare,0.0001112346710698,0.4285714285714285,0.375,1.5,1.5,4.0,4.0,3.5,2.0,2.0,0.0,2.0,1.5,0.0
2025-08-05,IndustrialLogistics,-0.0087828403433521,0.4439024390243902,0.3624999999999999,5.799999999999999,6.066666666666666,16.0,16.0,13.666666666666666,11.0,3.0,2.0,10.5,1.8333333333333333,1.3333333333333333
2025-08-05,RealEstate,0.0244682176741619,0.572,0.5888888888888889,5.3,4.766666666666667,9.0,9.0,8.333333333333334,8.0,0.0,1.0,7.333333333333333,0.0,1.0
2025-08-05,SteelMaterials,0.0216799531469518,0.4818181818181818,0.4599999999999999,2.3,1.7666666666666666,5.0,5.0,3.6666666666666665,3.0,2.0,0.0,2.333333333333333,1.3333333333333333,0.0
2025-08-05,Technology,-0.0041640077658793,0.6098360655737705,0.4428571428571428,3.1,3.1,8.0,8.0,6.083333333333333,4.0,3.0,0.0,4.0,1.0833333333333333,0.0
2025-08-05,Utilities,-0.0118202586724186,0.5493975903614458,0.4818181818181818,5.3,3.8,14.0,14.0,8.416666666666666,6.0,5.0,0.0,4.5,2.4166666666666665,0.0
2025-08-06,Banking,0.0178514639517328,0.3454545454545454,0.2,0.6000000000000001,0.76,9.0,9.0,7.2,1.0,1.0,1.0,1.0,1.0,0.2
2025-08-06,ConsumerDiscretionary,0.0409134738754185,0.3548736462093863,0.2153846153846154,2.8000000000000003,3.276666666666667,14.0,14.0,10.233333333333334,6.0,4.0,3.0,5.5,2.2,1.5333333333333332
2025-08-06,ConsumerStaples,0.0150231433576664,0.3950331125827814,0.25,3.5,3.9766666666666666,15.0,15.0,11.066666666666668,5.0,7.0,2.0,4.5,5.033333333333333,0.5333333333333333
2025-08-06,Energy,0.0237860057299758,0.0851063829787234,0.1142857142857143,0.8,0.4,8.0,8.0,5.7,1.0,6.0,0.0,0.5,4.2,0.0
2025-08-06,Healthcare,-0.0063784977977329,0.6666666666666666,0.5,1.0,1.0,2.0,2.0,1.5,1.0,1.0,0.0,1.0,0.5,0.0
2025-08-06,IndustrialLogistics,0.0115016656978204,0.2391304347826087,0.22,2.2,2.2,10.0,10.0,9.2,4.0,4.0,2.0,4.0,3.2,2.0
2025-08-06,RealEstate,0.0118849088646981,0.4618257261410788,0.39,3.9,3.71,10.0,10.0,8.033333333333333,7.0,1.0,2.0,6.5,0.3333333333333333,1.2
2025-08-06,SteelMaterials,0.0191699221077014,0.4992031872509959,0.3363636363636363,3.6999999999999993,4.176666666666666,11.0,11.0,8.366666666666667,7.0,1.0,3.0,6.5,0.3333333333333333,1.5333333333333332
2025-08-06,Technology,0.0177024112485025,0.4428571428571429,0.4428571428571429,3.1000000000000005,3.1000000000000005,7.0,7.0,7.0,5.0,2.0,0.0,5.0,2.0,0.0
2025-08-06,Utilities,0.0056016654077901,0.417910447761194,0.3555555555555555,3.2,2.8000000000000003,11.0,11.0,7.7,5.0,4.0,0.0,4.5,2.2,0.0
2025-08-07,Banking,0.0073119420949644,0.5,0.475,1.9,1.5,10.0,10.0,8.5,3.0,1.0,0.0,2.5,0.5,0.0
2025-08-07,ConsumerDiscretionary,-0.0013385500671668,0.2470588235294117,0.2277777777777777,4.1,4.2,18.0,18.0,17.0,7.0,7.0,4.0,7.0,6.5,3.5
2025-08-07,ConsumerStaples,-0.0019974618260863,0.1119999999999999,0.0999999999999999,0.7,0.7,7.0,7.0,6.25,2.0,3.0,2.0,2.0,2.25,2.0
2025-08-07,Energy,-0.0039893984351629,0.3307692307692308,0.2833333333333333,1.7,1.4333333333333331,6.0,6.0,4.333333333333333,3.0,2.0,1.0,2.5,1.5,0.3333333333333333
2025-08-07,Healthcare,0.0003287866207883,0.0,0.0,0.0,0.0,1.0,1.0,1.0,0.0,1.0,0.0,0.0,1.0,0.0
2025-08-07,IndustrialLogistics,0.0307064295287182,0.3714285714285714,0.3249999999999999,1.2999999999999998,1.2999999999999998,4.0,4.0,3.5,2.0,1.0,1.0,2.0,0.5,1.0
2025-08-07,RealEstate,-0.0184359876518246,0.1454545454545454,0.2,0.8,0.4,4.0,4.0,2.75,2.0,1.0,1.0,1.5,0.25,1.0
2025-08-07,SteelMaterials,0.0410684807469337,0.624,0.5249999999999999,4.199999999999999,3.9,8.0,8.0,6.25,6.0,1.0,1.0,5.5,0.25,0.5
2025-08-07,Technology,0.0073847993093444,0.3489361702127659,0.2888888888888889,2.6,2.7333333333333334,9.0,9.0,7.833333333333333,3.0,5.0,1.0,3.0,4.5,0.3333333333333333
2025-08-07,Utilities,0.0101856813259128,0.4990825688073395,0.3666666666666667,4.4,4.533333333333333,15.0,15.0,11.583333333333332,6.0,5.0,1.0,6.0,2.75,0.3333333333333333
2025-08-08,Banking,-0.006113299993557,0.0571428571428571,0.075,0.3,0.2,9.0,9.0,7.0,3.0,0.0,1.0,2.5,0.0,1.0
2025-08-08,ConsumerDiscretionary,-0.0088437425701266,0.2769820971867008,0.2999999999999999,4.499999999999999,3.61,15.0,15.0,13.033333333333331,7.0,6.0,2.0,5.533333333333333,6.0,1.5
2025-08-08,ConsumerStaples,0.0027449933837385,0.1311688311688311,0.1666666666666666,1.5,1.0100000000000002,9.0,9.0,7.7,2.0,6.0,1.0,1.2,6.0,0.5
2025-08-08,Energy,0.0384707202450403,0.5454545454545455,0.4666666666666666,1.4,1.0,4.0,4.0,2.833333333333333,2.0,1.0,0.0,1.3333333333333333,0.5,0.0
2025-08-08,Healthcare,0.0083334100090639,0.7,0.7,0.7,0.7,1.0,1.0,1.0,1.0,0.0,0.0,1.0,0.0,0.0
2025-08-08,IndustrialLogistics,-0.0103695416418536,0.4181818181818181,0.3833333333333333,2.3,2.3,6.0,6.0,5.5,4.0,2.0,0.0,4.0,1.5,0.0
2025-08-08,RealEstate,0.0116385623788314,0.4346153846153845,0.4833333333333333,2.9,2.26,8.0,8.0,7.2,6.0,0.0,0.0,5.2,0.0,0.0
2025-08-08,SteelMaterials,-0.0125378973674541,0.3865384615384615,0.4428571428571429,3.1,2.01,7.0,7.0,5.2,6.0,0.0,1.0,4.2,0.0,1.0
2025-08-08,Technology,0.0225026562324152,0.2329268292682927,0.29,2.9000000000000004,1.91,10.0,10.0,8.2,6.0,2.0,2.0,4.7,1.5,2.0
2025-08-08,Utilities,0.0073841393797073,0.3319148936170213,0.3,3.0,2.6000000000000005,13.0,13.0,9.333333333333334,5.0,5.0,0.0,4.333333333333333,3.5,0.0
2025-08-11,Banking,0.0059994129731694,0.5051612903225807,0.4548387096774193,14.1,13.05,31.0,31.0,25.83333333333333,24.0,5.0,2.0,21.166666666666668,3.333333333333333,1.3333333333333333
2025-08-11,ConsumerDiscretionary,0.0141207282937857,0.2738566798703637,0.2203703703703704,11.900000000000002,12.675,54.0,54.0,46.28333333333333,21.0,28.0,5.0,20.25,22.03333333333333,4.0
2025-08-11,ConsumerStaples,0.0292331892870287,0.2270194986072423,0.2136363636363636,4.699999999999999,4.074999999999999,22.0,22.0,17.95,8.0,12.0,2.0,6.75,9.2,2.0
2025-08-11,Energy,-0.001234909013282,0.1956097560975609,0.1259259259259259,3.4000000000000004,3.341666666666667,27.0,27.0,17.083333333333332,9.0,15.0,3.0,6.416666666666666,9.333333333333332,1.3333333333333333
2025-08-11,Healthcare,-0.0060547997620448,-1.0,-1.0,-1.0,-1.0,1.0,1.0,1.0,0.0,0.0,1.0,0.0,0.0,1.0
2025-08-11,IndustrialLogistics,0.0009144366170615,0.1476923076923077,0.123076923076923,1.5999999999999996,1.6,13.0,13.0,10.833333333333332,7.0,4.0,2.0,6.0,3.333333333333333,1.5
2025-08-11,RealEstate,-0.0044318538838914,0.3513368983957219,0.3636363636363636,8.0,5.4750000000000005,22.0,22.0,15.583333333333334,16.0,3.0,3.0,10.75,2.5,2.333333333333333
2025-08-11,SteelMaterials,0.0090481113320079,0.5692771084337349,0.5375,4.3,3.15,8.0,8.0,5.533333333333333,6.0,2.0,0.0,4.333333333333333,1.2,0.0
2025-08-11,Technology,0.005759993381396,0.1787658802177858,0.1833333333333333,4.4,3.283333333333333,24.0,24.0,18.366666666666667,12.0,9.0,3.0,8.833333333333332,7.033333333333333,2.5
2025-08-11,Utilities,0.0046820189810833,0.108356940509915,0.081081081081081,2.999999999999999,2.55,37.0,37.0,23.53333333333333,12.0,21.0,4.0,7.5,14.033333333333331,2.0
2025-08-12,Banking,0.0169328514052622,0.5612903225806453,0.575,11.5,10.15,20.0,20.0,18.08333333333333,17.0,3.0,0.0,15.083333333333332,3.0,0.0
2025-08-12,ConsumerDiscretionary,0.0103164979655185,0.3205128205128205,0.35,7.7,6.249999999999999,22.0,22.0,19.5,12.0,9.0,1.0,10.25,8.25,1.0
2025-08-12,ConsumerStaples,0.0088385880468643,0.0448,0.1399999999999999,2.1,0.4666666666666669,15.0,15.0,10.416666666666666,8.0,2.0,5.0,4.916666666666666,1.0,4.5
2025-08-12,Energy,0.0052875270100445,-0.0166666666666666,0.175,0.7,-0.05,4.0,4.0,3.0,2.0,1.0,1.0,1.0,1.0,1.0
2025-08-12,Healthcare,0.0015651223742167,-0.0571428571428571,-0.12,-0.6,-0.1999999999999999,5.0,5.0,3.5,1.0,2.0,2.0,1.0,1.0,1.5
2025-08-12,IndustrialLogistics,0.0289500764913782,0.3363636363636363,0.3666666666666666,2.2,1.85,6.0,6.0,5.5,4.0,1.0,1.0,3.5,1.0,1.0
2025-08-12,RealEstate,-0.0071133707002041,0.5544554455445545,0.5454545454545454,6.0,4.666666666666667,11.0,11.0,8.416666666666666,10.0,1.0,0.0,7.916666666666666,0.5,0.0
2025-08-12,SteelMaterials,0.0087127536584038,0.4296296296296297,0.4125,3.3,2.9000000000000004,8.0,8.0,6.75,5.0,2.0,1.0,4.5,1.25,1.0
2025-08-12,Technology,0.0018470034775814,0.6391752577319588,0.59,5.9,5.166666666666666,10.0,10.0,8.083333333333332,7.0,3.0,0.0,5.833333333333334,2.25,0.0
2025-08-12,Utilities,0.0327707741934026,0.2847457627118644,0.3,5.1000000000000005,4.2,17.0,17.0,14.75,9.0,6.0,2.0,8.0,4.75,2.0
2025-08-13,Banking,0.0072761328225178,0.5955823293172692,0.5695652173913044,13.1,12.711428571428574,23.0,23.0,21.34285714285714,18.0,4.0,1.0,17.2,4.0,0.1428571428571428
2025-08-13,ConsumerDiscretionary,-0.0147726225705777,0.3605363984674329,0.3818181818181818,8.4,6.721428571428571,22.0,22.0,18.642857142857142,12.0,8.0,2.0,10.0,7.5,1.1428571428571428
2025-08-13,ConsumerStaples,0.0029958758225397,-0.0610619469026548,0.05,0.5,-0.4599999999999999,10.0,10.0,7.533333333333333,3.0,6.0,1.0,1.2,5.333333333333333,1.0
2025-08-13,Energy,-0.0103913750971417,0.4173913043478261,0.32,1.6,1.6,5.0,5.0,3.833333333333333,2.0,3.0,0.0,2.0,1.8333333333333333,0.0
2025-08-13,Healthcare,0.0111411326336828,-0.0799999999999999,-0.0666666666666666,-0.1999999999999999,-0.1999999999999999,3.0,3.0,2.5,1.0,1.0,1.0,1.0,0.5,1.0
2025-08-13,IndustrialLogistics,-0.0020245459777417,0.4521951219512196,0.425,6.800000000000001,6.621428571428572,16.0,16.0,14.642857142857142,10.0,5.0,1.0,9.5,5.0,0.1428571428571428
2025-08-13,RealEstate,0.0004745722351765,0.541880341880342,0.44,2.2,1.8114285714285716,5.0,5.0,3.3428571428571425,3.0,1.0,1.0,2.2,1.0,0.1428571428571428
2025-08-13,SteelMaterials,-0.0130648442680596,0.4139037433155081,0.3714285714285715,2.6000000000000005,2.211428571428572,7.0,7.0,5.342857142857143,5.0,0.0,2.0,4.2,0.0,1.1428571428571428
2025-08-13,Technology,0.0223606353830789,0.4374055415617128,0.3857142857142857,5.4,4.961428571428571,14.0,14.0,11.342857142857143,9.0,3.0,2.0,7.7,2.5,1.1428571428571428
2025-08-13,Utilities,0.003280179119771,0.3952302631578948,0.3894736842105263,7.399999999999999,5.721428571428572,19.0,19.0,14.476190476190474,10.0,8.0,1.0,8.0,6.333333333333333,0.1428571428571428
2025-08-14,Banking,0.0249205016606184,0.508883826879271,0.5083333333333333,12.2,11.169999999999998,24.0,24.0,21.95,20.0,0.0,4.0,17.95,0.0,4.0
2025-08-14,ConsumerDiscretionary,0.0028471957718592,0.3631578947368421,0.3461538461538461,9.0,7.819999999999999,26.0,26.0,21.53333333333333,16.0,7.0,3.0,13.533333333333331,5.0,3.0
2025-08-14,ConsumerStaples,-0.0013526058067343,0.1016722408026755,0.1526315789473684,2.9,1.52,19.0,19.0,14.95,6.0,11.0,2.0,3.45,9.5,2.0
2025-08-14,Energy,-6.354125310233567e-05,0.7273584905660377,0.5666666666666668,3.4000000000000004,2.57,6.0,6.0,3.533333333333333,5.0,1.0,0.0,3.033333333333333,0.5,0.0
2025-08-14,Healthcare,-0.0028944237616325,-0.0666666666666666,-0.05,-0.2,-0.2,4.0,4.0,3.0,0.0,3.0,1.0,0.0,2.0,1.0
2025-08-14,IndustrialLogistics,-0.0035537622614978,0.2266666666666666,0.2125,1.7,1.7,8.0,8.0,7.5,5.0,3.0,0.0,5.0,2.5,0.0
2025-08-14,RealEstate,0.0176811809444912,0.8100840336134454,0.7375,5.9,4.82,8.0,8.0,5.95,8.0,0.0,0.0,5.95,0.0,0.0
2025-08-14,SteelMaterials,-0.0018802383397146,0.48,0.56,2.8000000000000003,1.8,5.0,5.0,3.75,4.0,1.0,0.0,2.75,1.0,0.0
2025-08-14,Technology,0.001862479031351,0.3625,0.3777777777777778,3.4000000000000004,2.9000000000000004,9.0,9.0,8.0,5.0,3.0,1.0,4.5,2.5,1.0
2025-08-14,Utilities,-0.0089654817039917,0.2716981132075472,0.2857142857142857,4.0,2.4000000000000004,14.0,14.0,8.833333333333332,6.0,8.0,0.0,3.833333333333333,5.0,0.0
2025-08-15,Banking,-0.0216064300240793,0.6880000000000002,0.5875,4.7,4.300000000000001,8.0,8.0,6.25,6.0,2.0,0.0,5.5,0.75,0.0
2025-08-15,ConsumerDiscretionary,-0.0201697635346842,0.3948717948717949,0.3954545454545454,8.7,7.700000000000001,22.0,22.0,19.5,12.0,7.0,3.0,11.0,5.5,3.0
2025-08-15,ConsumerStaples,-0.0132708934278089,0.3333333333333333,0.3333333333333333,1.0,1.0,3.0,3.0,3.0,2.0,0.0,1.0,2.0,0.0,1.0
2025-08-15,Energy,0.0030483057176724,0.16,0.1333333333333333,0.8,0.8,6.0,6.0,5.0,1.0,5.0,0.0,1.0,4.0,0.0
2025-08-15,Healthcare,0.0052273939461618,0.0,0.0,0.0,0.0,1.0,1.0,1.0,0.0,1.0,0.0,0.0,1.0,0.0
2025-08-15,IndustrialLogistics,-0.0124125941214118,0.44,0.4125,3.3,3.3,8.0,8.0,7.5,5.0,3.0,0.0,5.0,2.5,0.0
2025-08-15,RealEstate,-0.0129040083201663,0.2709677419354839,0.2777777777777778,2.5,2.1,9.0,9.0,7.75,5.0,2.0,2.0,4.5,1.25,2.0
2025-08-15,SteelMaterials,0.0004793317265839,0.4,0.4,0.8,0.4,2.0,2.0,1.0,1.0,1.0,0.0,0.5,0.5,0.0
2025-08-15,Technology,-0.0279578790410149,0.4837209302325581,0.4285714285714285,6.0,5.2,14.0,14.0,10.75,8.0,5.0,1.0,7.0,3.25,0.5
2025-08-15,Utilities,-0.0214203206500159,0.0721311475409836,0.075,1.5,1.1,20.0,20.0,15.25,3.0,14.0,3.0,2.5,10.25,2.5
2025-08-18,Banking,-0.0041115878458714,0.4073812580231065,0.36875,11.8,12.08952380952381,32.0,32.0,29.67619047619048,24.0,2.0,6.0,23.33333333333333,2.0,4.342857142857143
2025-08-18,ConsumerDiscretionary,-0.0128621113311617,0.398329207920792,0.3276595744680851,15.4,15.326190476190474,47.0,47.0,38.47619047619048,25.0,14.0,8.0,23.83333333333333,9.166666666666666,5.476190476190476
2025-08-18,ConsumerStaples,-0.0008698013865483,0.1492563950029744,0.0649999999999999,1.2999999999999998,2.3895238095238094,20.0,20.0,16.00952380952381,6.0,7.0,7.0,6.0,5.833333333333334,4.176190476190476
2025-08-18,Energy,0.0055125819987137,0.1649667405764966,0.1111111111111111,2.0,2.4799999999999995,18.0,18.0,15.033333333333331,7.0,6.0,5.0,6.5,4.833333333333333,3.7
2025-08-18,Healthcare,0.0003622986604499,,,,,,,,,,,,,
2025-08-18,IndustrialLogistics,0.0314216470873736,0.3283544303797467,0.2999999999999999,6.299999999999999,6.176190476190475,21.0,21.0,18.80952380952381,10.0,10.0,1.0,9.333333333333332,9.333333333333332,0.1428571428571428
2025-08-18,RealEstate,-0.0031328556998043,0.3106870229007634,0.2857142857142857,4.0,3.8761904761904766,14.0,14.0,12.476190476190476,8.0,3.0,3.0,7.333333333333333,3.0,2.142857142857143
2025-08-18,SteelMaterials,0.0178682829683639,-0.1328947368421053,-0.2428571428571429,-1.7000000000000004,-0.5771428571428572,7.0,7.0,4.342857142857143,1.0,2.0,4.0,1.0,1.5,1.8428571428571427
2025-08-18,Technology,-0.0209779959813857,0.4014099400775467,0.285,5.7,5.422857142857143,20.0,20.0,13.50952380952381,9.0,8.0,3.0,7.5,5.166666666666666,0.8428571428571427
2025-08-18,Utilities,0.0152273682822499,0.1466216216216216,0.1888888888888888,6.8,3.6166666666666663,36.0,36.0,24.666666666666664,10.0,23.0,3.0,6.166666666666666,16.166666666666664,2.333333333333333
2025-08-19,Banking,0.0064536662529032,0.5870967741935484,0.5352941176470589,9.1,9.1,17.0,17.0,15.5,13.0,4.0,0.0,13.0,2.5,0.0
2025-08-19,ConsumerDiscretionary,-0.0073461546184365,0.2918918918918918,0.2909090909090908,6.399999999999999,5.4,22.0,22.0,18.5,10.0,9.0,3.0,8.5,7.5,2.5
2025-08-19,ConsumerStaples,0.0033015254021141,0.6962962962962963,0.63,6.3,4.7,10.0,10.0,6.75,8.0,1.0,1.0,5.75,0.5,0.5
2025-08-19,Energy,-0.0028901658149872,0.2465909090909091,0.3,3.6000000000000005,1.8083333333333331,12.0,12.0,7.333333333333333,6.0,5.0,1.0,3.083333333333333,3.25,1.0
2025-08-19,Healthcare,-0.0062043150289958,0.4,0.4,0.8,0.8,2.0,2.0,2.0,1.0,1.0,0.0,1.0,1.0,0.0
2025-08-19,IndustrialLogistics,-0.0067053884429653,0.3408163265306122,0.3133333333333333,4.699999999999999,4.175,15.0,15.0,12.25,9.0,4.0,2.0,7.5,2.75,2.0
2025-08-19,RealEstate,0.0,0.6285714285714286,0.5249999999999999,4.199999999999999,3.3,8.0,8.0,5.25,6.0,2.0,0.0,4.5,0.75,0.0
2025-08-19,SteelMaterials,-0.0102086632196939,0.5860759493670886,0.5200000000000001,5.200000000000001,3.858333333333333,10.0,10.0,6.583333333333333,8.0,1.0,1.0,5.333333333333333,0.25,1.0
2025-08-19,Technology,-0.0015358623702295,0.518421052631579,0.5222222222222223,4.7,3.283333333333333,9.0,9.0,6.333333333333333,6.0,3.0,0.0,4.083333333333333,2.25,0.0
2025-08-19,Utilities,-0.0025514341010438,0.1763157894736842,0.1461538461538461,1.9,1.6749999999999998,13.0,13.0,9.5,4.0,8.0,1.0,3.25,5.25,1.0
2025-08-20,Banking,-0.000704914392856,0.6428571428571429,0.6090909090909091,13.4,12.75,22.0,22.0,19.83333333333333,18.0,4.0,0.0,17.0,2.833333333333333,0.0
2025-08-20,ConsumerDiscretionary,-0.0056122344431234,0.1932584269662921,0.2172413793103448,6.3,5.16,29.0,29.0,26.7,9.0,18.0,2.0,7.7,17.0,2.0
2025-08-20,ConsumerStaples,-0.0098899868426483,0.26875,0.375,1.5,0.8600000000000001,5.0,5.0,4.2,3.0,0.0,1.0,2.2,0.0,1.0
2025-08-20,Energy,-0.0302212716216772,0.1777777777777777,0.1599999999999999,0.7999999999999999,0.7999999999999999,6.0,6.0,5.5,2.0,3.0,0.0,2.0,2.5,0.0
2025-08-20,Healthcare,-0.0098709970773122,,,,,,,,,,,,,
2025-08-20,IndustrialLogistics,-0.0242205122790248,0.4935483870967742,0.4625,3.7,3.06,8.0,8.0,6.2,5.0,3.0,0.0,4.2,2.0,0.0
2025-08-20,RealEstate,0.0241062419275606,0.5528735632183908,0.5545454545454546,6.1,4.81,15.0,15.0,12.7,10.0,1.0,0.0,8.2,0.5,0.0
2025-08-20,SteelMaterials,-0.0374982452848541,0.5580645161290322,0.5857142857142857,4.1000000000000005,3.4599999999999995,8.0,8.0,7.2,6.0,1.0,0.0,5.2,1.0,0.0
2025-08-20,Technology,-0.0336595783201286,0.2450704225352112,0.2642857142857143,3.7,2.9,14.0,14.0,11.833333333333332,6.0,7.0,1.0,5.0,5.833333333333333,1.0
2025-08-20,Utilities,-0.0172204018530103,0.3319148936170212,0.3,3.9,2.6,13.0,13.0,7.833333333333333,5.0,8.0,0.0,3.5,4.333333333333333,0.0
2025-08-21,Banking,0.0273982688726763,0.5380434782608696,0.4631578947368421,8.8,8.25,19.0,19.0,15.333333333333332,13.0,5.0,1.0,11.833333333333332,3.0,0.5
2025-08-21,ConsumerDiscretionary,-0.0031146312605391,0.3587939698492462,0.3299999999999999,6.6,5.949999999999999,20.0,20.0,16.583333333333332,10.0,7.0,3.0,8.333333333333332,6.5,1.75
2025-08-21,ConsumerStaples,0.0010967582600478,-0.0303030303030303,0.0272727272727272,0.2999999999999999,-0.25,11.0,11.0,8.25,4.0,3.0,4.0,3.0,2.0,3.25
2025-08-21,Energy,-0.001458773683244,-0.1636363636363636,-0.1999999999999999,-0.6,-0.3,3.0,3.0,1.8333333333333333,0.0,2.0,1.0,0.0,1.3333333333333333,0.5
2025-08-21,Healthcare,0.00888644800968,0.1999999999999999,0.1999999999999999,0.6,0.6,3.0,3.0,3.0,2.0,1.0,0.0,2.0,1.0,0.0
2025-08-21,IndustrialLogistics,-0.0054459179908665,0.6142857142857142,0.618181818181818,6.799999999999999,6.449999999999999,11.0,11.0,10.5,9.0,2.0,0.0,8.5,2.0,0.0
2025-08-21,RealEstate,-0.0059019657880737,0.4089887640449438,0.3399999999999999,3.3999999999999995,3.033333333333333,13.0,13.0,10.416666666666666,6.0,1.0,3.0,4.666666666666667,1.0,1.75
2025-08-21,SteelMaterials,-0.0038714021735725,0.3870967741935484,0.175,0.7,1.0,4.0,4.0,2.583333333333333,2.0,1.0,1.0,2.0,0.3333333333333333,0.25
2025-08-21,Technology,0.0169897142398188,0.4686746987951807,0.5058823529411764,8.6,6.483333333333333,17.0,17.0,13.833333333333334,13.0,3.0,1.0,9.833333333333334,3.0,1.0
2025-08-21,Utilities,0.0033499837376444,0.35,0.32,4.8,3.3833333333333337,16.0,16.0,10.666666666666666,7.0,8.0,0.0,4.833333333333333,4.833333333333333,0.0
2025-08-22,Banking,0.0037370566969111,0.3114285714285715,0.325,5.2,4.541666666666667,16.0,16.0,14.583333333333332,12.0,0.0,4.0,10.583333333333332,0.0,4.0
2025-08-22,ConsumerDiscretionary,-0.0024582222827258,0.5404580152671756,0.5416666666666666,13.0,11.8,26.0,26.0,23.33333333333333,18.0,5.0,1.0,16.333333333333332,4.5,1.0
2025-08-22,ConsumerStaples,-0.0265826837391196,0.4,0.3333333333333333,1.0,1.0,4.0,4.0,3.5,1.0,2.0,0.0,1.0,1.5,0.0
2025-08-22,Energy,-0.0238879574446259,0.0349514563106796,-0.0181818181818181,-0.1999999999999999,0.3,12.0,12.0,9.583333333333332,1.0,9.0,1.0,1.0,7.083333333333333,0.5
2025-08-22,Healthcare,-0.0100377766210676,0.5777777777777777,0.4333333333333333,1.2999999999999998,1.2999999999999998,3.0,3.0,2.25,2.0,1.0,0.0,2.0,0.25,0.0
2025-08-22,IndustrialLogistics,-0.0296991850553892,0.5429752066115703,0.5333333333333333,6.4,5.475,14.0,14.0,12.083333333333332,9.0,1.0,2.0,7.583333333333333,0.5,2.0
2025-08-22,RealEstate,-0.0267385681218666,0.7,0.7,1.4,0.875,8.0,8.0,6.25,2.0,0.0,0.0,1.25,0.0,0.0
2025-08-22,SteelMaterials,-0.0399883247734657,0.1727272727272727,0.2499999999999999,1.0,0.475,4.0,4.0,2.75,2.0,1.0,1.0,1.25,0.5,1.0
2025-08-22,Technology,-0.0285779729587639,0.3758389261744967,0.34,5.1000000000000005,4.666666666666667,15.0,15.0,12.416666666666666,8.0,6.0,1.0,6.833333333333333,4.583333333333334,1.0
2025-08-22,Utilities,-0.000612895819956,0.2640522875816994,0.2294117647058823,3.9,3.366666666666667,19.0,19.0,14.25,9.0,6.0,2.0,7.166666666666666,4.083333333333333,1.5
2025-08-25,Banking,-0.0343136802281316,0.2101175268267757,0.2128205128205128,8.3,6.853333333333334,39.0,39.0,32.61666666666667,21.0,10.0,8.0,17.78333333333333,7.5,7.333333333333333
2025-08-25,ConsumerDiscretionary,-0.0240918968069639,0.259161759612054,0.2245614035087719,12.8,12.47,59.0,59.0,50.11666666666666,23.0,20.0,14.0,21.2,15.583333333333332,11.333333333333332
2025-08-25,ConsumerStaples,-0.0076326935207713,0.3199999999999999,0.2434782608695652,5.6,5.999999999999999,24.0,24.0,19.25,9.0,10.0,4.0,8.5,7.25,3.0
2025-08-25,Energy,-0.0052949325800693,0.2251655629139073,0.2375,3.8,2.833333333333333,21.0,21.0,15.416666666666666,5.0,11.0,0.0,3.833333333333333,8.75,0.0
2025-08-25,Healthcare,-0.0042909457310588,0.2933333333333333,0.34,1.7000000000000002,1.1,5.0,5.0,3.75,3.0,1.0,1.0,2.25,0.5,1.0
2025-08-25,IndustrialLogistics,-0.0295959734950535,0.4085688240656335,0.3458333333333332,8.299999999999999,7.47,26.0,26.0,19.116666666666667,14.0,9.0,1.0,11.95,5.833333333333333,0.5
2025-08-25,RealEstate,0.0226765892687215,0.4137931034482758,0.4266666666666666,6.4,6.0,30.0,30.0,27.33333333333333,10.0,4.0,1.0,9.5,4.0,1.0
2025-08-25,SteelMaterials,-0.0064391016361274,0.5442970822281167,0.4111111111111111,3.7,3.42,9.0,9.0,6.283333333333333,7.0,0.0,2.0,5.45,0.0,0.8333333333333333
2025-08-25,Technology,-0.0055742376822684,0.3968885047536733,0.432,10.8,7.653333333333333,25.0,25.0,19.28333333333333,15.0,9.0,1.0,11.033333333333331,7.25,1.0
2025-08-25,Utilities,-0.0132021585042952,0.2422360248447205,0.1692307692307692,6.6,6.5,41.0,41.0,28.83333333333333,13.0,22.0,4.0,11.5,13.333333333333332,2.0
2025-08-26,Banking,0.0259763066652908,0.0235294117647059,-0.0545454545454545,-0.5999999999999999,0.2000000000000001,11.0,11.0,8.5,3.0,3.0,5.0,3.0,1.8333333333333333,3.6666666666666665
2025-08-26,ConsumerDiscretionary,0.0433316514339355,0.2115384615384615,0.14375,2.3,2.75,17.0,17.0,14.0,7.0,6.0,3.0,6.5,4.333333333333334,2.1666666666666665
2025-08-26,ConsumerStaples,0.0146180843979303,0.8,0.7333333333333334,4.4,4.4,6.0,6.0,5.5,5.0,1.0,0.0,5.0,0.5,0.0
2025-08-26,Energy,0.01896492097724,0.0833333333333333,0.0666666666666666,0.6000000000000001,0.5,10.0,10.0,7.0,2.0,6.0,1.0,1.0,4.833333333333334,0.1666666666666666
2025-08-26,Healthcare,0.0015261649016053,0.0,0.0,0.0,0.0,1.0,1.0,1.0,0.0,1.0,0.0,0.0,1.0,0.0
2025-08-26,IndustrialLogistics,0.0239408016785591,0.4166666666666667,0.4166666666666667,2.5,2.5,7.0,7.0,7.0,4.0,1.0,1.0,4.0,1.0,1.0
2025-08-26,RealEstate,0.0500843577287755,0.5181818181818182,0.22,1.1,1.9,12.0,12.0,10.166666666666666,3.0,0.0,2.0,3.0,0.0,0.6666666666666666
2025-08-26,SteelMaterials,0.0361336251712377,0.631578947368421,0.375,1.5,2.0,4.0,4.0,3.1666666666666665,3.0,0.0,1.0,3.0,0.0,0.1666666666666666
2025-08-26,Technology,0.0127730533358213,0.3249999999999999,0.2249999999999999,1.7999999999999998,1.95,8.0,8.0,6.0,4.0,2.0,2.0,3.5,1.3333333333333333,1.1666666666666663
2025-08-26,Utilities,0.0164840778130036,0.1186813186813186,0.14,2.8000000000000007,1.8,23.0,23.0,17.666666666666664,7.0,10.0,3.0,5.0,7.166666666666666,3.0
2025-08-27,Banking,0.030569943575084,0.5232074016962223,0.488888888888889,13.200000000000005,11.310000000000002,27.0,27.0,21.616666666666664,20.0,5.0,2.0,16.95,3.166666666666667,1.5
2025-08-27,ConsumerDiscretionary,0.0024990421451186,0.2878444084278768,0.2928571428571428,4.1,2.96,15.0,15.0,11.283333333333331,9.0,3.0,2.0,6.95,2.0,1.3333333333333333
2025-08-27,ConsumerStaples,0.0097164799652341,0.4269230769230769,0.3666666666666667,2.2,1.85,6.0,6.0,4.333333333333334,3.0,3.0,0.0,2.5,1.8333333333333333,0.0
2025-08-27,Energy,-0.0024085372167071,0.4900000000000001,0.3666666666666667,4.4,4.083333333333334,12.0,12.0,8.333333333333332,8.0,3.0,1.0,6.333333333333333,1.6666666666666663,0.3333333333333333
2025-08-27,Healthcare,0.0037852049589746,0.2,0.2,0.8,0.8,4.0,4.0,4.0,2.0,2.0,0.0,2.0,2.0,0.0
2025-08-27,IndustrialLogistics,0.0398339527127931,0.5611940298507462,0.55,4.4,3.76,8.0,8.0,6.7,7.0,1.0,0.0,6.2,0.5,0.0
2025-08-27,RealEstate,-0.0105186086411703,0.597979797979798,0.6571428571428571,4.6,2.96,14.0,14.0,11.95,6.0,1.0,0.0,3.95,1.0,0.0
2025-08-27,SteelMaterials,-0.0113139593095759,0.4262626262626262,0.5285714285714287,3.7000000000000006,2.11,7.0,7.0,4.95,6.0,0.0,1.0,3.95,0.0,1.0
2025-08-27,Technology,0.0292269616559493,0.5459459459459459,0.4533333333333332,6.799999999999999,6.7333333333333325,15.0,15.0,12.333333333333332,12.0,2.0,1.0,10.833333333333332,1.0,0.5
2025-08-27,Utilities,0.0172374484420062,0.2222222222222222,0.1428571428571428,2.0,2.333333333333333,17.0,17.0,13.5,6.0,7.0,1.0,5.333333333333334,4.833333333333333,0.3333333333333333
2025-08-28,Banking,0.0003983150717596,0.465625,0.4411764705882352,7.499999999999999,7.45,17.0,17.0,16.0,15.0,1.0,1.0,14.5,0.5,1.0
2025-08-28,ConsumerDiscretionary,0.0158037598165238,0.3826086956521738,0.3684210526315789,7.0,5.866666666666666,20.0,20.0,16.333333333333332,15.0,2.0,2.0,11.833333333333334,1.5,2.0
2025-08-28,ConsumerStaples,0.0103464058011436,0.4666666666666667,0.4833333333333332,2.8999999999999995,2.1,6.0,6.0,4.5,4.0,2.0,0.0,3.0,1.5,0.0
2025-08-28,Energy,-0.0004701720440034,0.2944444444444445,0.2642857142857143,3.7,2.6500000000000004,14.0,14.0,9.0,5.0,9.0,0.0,3.5,5.5,0.0
2025-08-28,Healthcare,0.0006303600704043,0.1,0.1,0.2,0.2,2.0,2.0,2.0,1.0,0.0,1.0,1.0,0.0,1.0
2025-08-28,IndustrialLogistics,0.0155510580445172,0.5365853658536585,0.4875,3.9,3.666666666666666,10.0,10.0,8.833333333333332,6.0,1.0,1.0,5.5,1.0,0.3333333333333333
2025-08-28,RealEstate,-0.0069306306830299,0.7,0.7,0.7,0.7,6.0,6.0,6.0,1.0,0.0,0.0,1.0,0.0,0.0
2025-08-28,SteelMaterials,0.0071397313296466,0.0058823529411764,6.938893903907228e-18,2.775557561562892e-17,0.0166666666666666,4.0,4.0,2.833333333333333,2.0,0.0,2.0,1.5,0.0,1.3333333333333333
2025-08-28,Technology,-0.0023004838158583,0.3767123287671233,0.2647058823529412,4.5,4.583333333333333,17.0,17.0,12.166666666666666,13.0,1.0,3.0,10.333333333333334,0.5,1.3333333333333333
2025-08-28,Utilities,-0.0021667737982911,0.1775,0.12,2.4,2.366666666666668,23.0,23.0,16.333333333333332,9.0,9.0,2.0,6.833333333333333,5.5,1.0
2025-08-29,Banking,-0.0010839162552492,0.5340232858990945,0.4913043478260871,11.300000000000004,10.320000000000002,23.0,23.0,19.325,16.0,6.0,1.0,14.2,4.125,1.0
2025-08-29,ConsumerDiscretionary,0.002210514920949,0.3735573411249087,0.3052631578947368,5.8,4.261666666666667,20.0,20.0,12.408333333333331,12.0,5.0,2.0,8.116666666666667,1.7916666666666663,1.5
2025-08-29,ConsumerStaples,-0.004241368920535,0.2024096385542168,0.1399999999999999,0.7,0.7,7.0,7.0,4.958333333333334,1.0,4.0,0.0,1.0,2.458333333333333,0.0
2025-08-29,Energy,-0.0093072503189882,0.2624472573839662,0.2,3.2,2.591666666666667,18.0,18.0,11.875,7.0,7.0,2.0,4.916666666666666,3.9583333333333335,1.0
2025-08-29,Healthcare,0.0046343925169269,0.0,0.0,0.0,0.0,1.0,1.0,1.0,0.0,1.0,0.0,0.0,1.0,0.0
2025-08-29,IndustrialLogistics,-0.0091887935969517,0.3640718562874252,0.3333333333333333,3.0,2.5333333333333337,11.0,11.0,8.458333333333332,5.0,3.0,1.0,4.333333333333333,1.625,1.0
2025-08-29,RealEstate,-0.0027302140962043,0.1939524838012959,0.2399999999999999,3.6,2.245,25.0,25.0,20.575,9.0,4.0,2.0,6.45,3.125,2.0
2025-08-29,SteelMaterials,0.0061213589568499,0.2719367588932805,0.2555555555555555,2.3,1.7199999999999998,9.0,9.0,6.325,5.0,2.0,2.0,3.7,1.125,1.5
2025-08-29,Technology,-0.0167660183595125,0.5761248852157944,0.4785714285714285,6.699999999999999,5.2283333333333335,14.0,14.0,9.075,10.0,4.0,0.0,7.783333333333333,1.2916666666666663,0.0
2025-08-29,Utilities,-0.0006227644785972,0.0705882352941176,0.1115384615384615,2.9,1.2,28.0,28.0,19.0,9.0,16.0,1.0,5.5,10.5,1.0
2025-09-03,Banking,-0.0071691596333402,0.4615384615384615,0.4385714285714286,30.700000000000003,29.000000000000004,70.0,70.0,62.833333333333336,47.0,17.0,6.0,44.333333333333336,13.333333333333332,5.166666666666666
2025-09-03,ConsumerDiscretionary,0.0024671718775497,0.3629921259842519,0.346875,22.2,19.20833333333333,66.0,66.0,54.91666666666667,42.0,14.0,8.0,35.416666666666664,11.5,6.0
2025-09-03,ConsumerStaples,0.0051979536151098,0.4118181818181818,0.4434782608695652,10.2,7.550000000000001,27.0,27.0,22.33333333333333,17.0,3.0,3.0,13.5,1.8333333333333333,3.0
2025-09-03,Energy,0.0151593673742166,0.2235955056179775,0.1999999999999999,6.199999999999999,4.974999999999999,37.0,37.0,27.75,14.0,13.0,4.0,10.75,8.666666666666666,2.833333333333333
2025-09-03,Healthcare,0.01016497008194,0.5666666666666668,0.5142857142857143,3.6,3.4000000000000004,8.0,8.0,7.0,7.0,0.0,0.0,6.0,0.0,0.0
2025-09-03,IndustrialLogistics,-0.0005348793023133,0.5064,0.4269230769230769,11.1,10.55,30.0,30.0,24.83333333333333,18.0,6.0,2.0,16.333333333333332,3.333333333333333,1.1666666666666663
2025-09-03,RealEstate,-0.0045265774809369,0.2010752688172042,0.2464285714285714,6.9,4.674999999999999,44.0,44.0,38.75,18.0,2.0,8.0,14.583333333333332,1.5,7.166666666666666
2025-09-03,SteelMaterials,0.0539223592340692,0.4171428571428571,0.3846153846153845,4.999999999999999,4.866666666666666,13.0,13.0,11.666666666666666,9.0,2.0,2.0,8.5,2.0,1.1666666666666663
2025-09-03,Technology,0.0220530947574701,0.4536977491961415,0.4371428571428571,15.3,11.758333333333336,36.0,36.0,26.916666666666668,25.0,8.0,2.0,18.916666666666664,6.333333333333333,0.6666666666666666
2025-09-03,Utilities,0.0064317146299725,0.3002645502645502,0.2870588235294117,24.4,18.916666666666668,88.0,88.0,66.0,47.0,35.0,3.0,35.666666666666664,25.5,1.8333333333333333
2025-09-04,Banking,0.0112445475503841,0.5116343490304709,0.431578947368421,8.2,7.695833333333333,19.0,19.0,15.041666666666666,13.0,4.0,2.0,10.958333333333332,3.5,0.5833333333333333
2025-09-04,ConsumerDiscretionary,0.0221115698659759,0.4125925925925925,0.39,7.8,6.9625,21.0,21.0,17.875,15.0,3.0,2.0,13.125,2.5,1.25
2025-09-04,ConsumerStaples,0.014239677630635,0.2490909090909091,0.2333333333333332,2.1,1.7125,9.0,9.0,6.875,4.0,3.0,2.0,3.125,2.5,1.25
2025-09-04,Energy,0.0096704316857243,0.2439024390243903,0.27,2.7,1.666666666666667,12.0,12.0,8.833333333333332,6.0,1.0,3.0,3.833333333333333,0.5,2.5
2025-09-04,Healthcare,0.0026914449784994,0.6499999999999999,0.6499999999999999,1.2999999999999998,1.2999999999999998,2.0,2.0,2.0,2.0,0.0,0.0,2.0,0.0,0.0
2025-09-04,IndustrialLogistics,0.0073671274041188,-0.0609756097560975,0.05,0.3,-0.3124999999999999,8.0,8.0,7.125,2.0,2.0,2.0,1.125,2.0,2.0
2025-09-04,RealEstate,-0.0031452670906803,0.4461928934010152,0.3454545454545454,3.8,3.6625,17.0,17.0,14.208333333333332,7.0,1.0,3.0,6.125,1.0,1.0833333333333333
2025-09-04,SteelMaterials,0.065425502177665,0.5874371859296483,0.5,5.5,4.870833333333334,11.0,11.0,8.291666666666666,9.0,0.0,2.0,7.458333333333334,0.0,0.8333333333333333
2025-09-04,Technology,0.0113036334894709,0.5355828220858897,0.5199999999999999,5.199999999999999,3.6375,10.0,10.0,6.791666666666666,9.0,1.0,0.0,6.291666666666666,0.5,0.0
2025-09-04,Utilities,0.0057207478538457,0.3326375711574953,0.3481481481481482,9.400000000000002,7.304166666666667,28.0,28.0,22.95833333333333,17.0,7.0,3.0,12.958333333333332,6.5,2.5
2025-09-05,Banking,-0.0225054049789128,0.641196938065414,0.6818181818181818,7.499999999999999,4.387619047619047,11.0,11.0,6.842857142857143,10.0,1.0,0.0,5.842857142857143,1.0,0.0
2025-09-05,ConsumerDiscretionary,-0.0220436871088947,0.2570093457943925,0.28125,9.0,6.547619047619048,33.0,33.0,25.80952380952381,20.0,3.0,9.0,15.976190476190476,1.5,8.0
2025-09-05,ConsumerStaples,-0.0104959040003518,0.3778541226215644,0.41875,6.7,3.404285714285714,16.0,16.0,9.00952380952381,10.0,5.0,1.0,5.0095238095238095,3.5,0.5
2025-09-05,Energy,0.0004870819032481,0.0910714285714286,0.1266666666666666,1.9,0.8500000000000001,17.0,17.0,10.666666666666666,6.0,8.0,1.0,3.333333333333333,5.0,1.0
2025-09-05,Healthcare,-0.0053907194705947,0.3,0.3,0.3,0.0999999999999999,1.0,1.0,0.3333333333333333,1.0,0.0,0.0,0.3333333333333333,0.0,0.0
2025-09-05,IndustrialLogistics,-0.0096481600402978,0.4346420323325634,0.4692307692307692,6.1,4.48095238095238,15.0,15.0,11.80952380952381,10.0,2.0,1.0,7.809523809523809,1.5,1.0
2025-09-05,RealEstate,-0.0056361652456354,0.258139534883721,0.5,3.0,0.74,13.0,13.0,9.866666666666667,5.0,0.0,1.0,1.8666666666666665,0.0,1.0
2025-09-05,SteelMaterials,-0.0263710382921939,0.2976591075347476,0.4454545454545454,4.9,1.937619047619048,11.0,11.0,6.509523809523809,9.0,0.0,2.0,4.5095238095238095,0.0,2.0
2025-09-05,Technology,-0.0153349122227577,0.1363543788187372,0.3444444444444444,3.1,0.6376190476190474,10.0,10.0,5.176190476190476,6.0,1.0,2.0,2.176190476190476,1.0,1.5
2025-09-05,Utilities,-0.0099292314857093,0.1644171779141104,0.2055555555555555,3.7,1.914285714285714,19.0,19.0,11.976190476190474,9.0,7.0,2.0,5.142857142857142,5.5,1.0
2025-09-08,Banking,-0.0265150845252607,0.4217391304347825,0.3264705882352941,11.1,11.316666666666666,35.0,35.0,27.833333333333336,21.0,7.0,6.0,19.08333333333333,4.0,3.75
2025-09-08,ConsumerDiscretionary,-0.0275442494232617,0.2659630606860158,0.2674999999999999,10.7,8.399999999999999,41.0,41.0,32.583333333333336,25.0,8.0,7.0,19.666666666666664,6.083333333333333,5.833333333333333
2025-09-08,ConsumerStaples,-0.0131448905416461,0.2570588235294118,0.2105263157894736,4.0,3.6416666666666666,19.0,19.0,14.166666666666666,9.0,7.0,3.0,7.25,5.583333333333333,1.3333333333333333
2025-09-08,Energy,-0.0228222884220714,0.1856557377049179,0.1366666666666666,4.1,3.775,36.0,36.0,25.833333333333336,13.0,11.0,6.0,9.833333333333334,7.083333333333333,3.4166666666666665
2025-09-08,Healthcare,0.0092856004708276,-0.2,-0.2,-0.4,-0.4,2.0,2.0,2.0,0.0,0.0,2.0,0.0,0.0,2.0
2025-09-08,IndustrialLogistics,-0.0132831989744461,0.5320930232558141,0.459090909090909,10.1,9.533333333333337,25.0,25.0,20.416666666666664,16.0,5.0,1.0,14.833333333333332,2.75,0.3333333333333333
2025-09-08,RealEstate,-0.0211311373523927,0.2216867469879518,0.1588235294117647,2.7,3.0666666666666664,33.0,33.0,28.83333333333333,9.0,3.0,5.0,8.5,2.0,3.333333333333333
2025-09-08,SteelMaterials,0.0016000201349656,0.3344827586206897,0.2285714285714286,3.2,3.2333333333333343,14.0,14.0,9.666666666666666,8.0,0.0,6.0,6.333333333333333,0.0,3.333333333333333
2025-09-08,Technology,-0.025596302895704,0.138235294117647,0.1099999999999999,2.2,1.5666666666666664,20.0,20.0,11.333333333333332,11.0,3.0,6.0,7.083333333333333,0.8333333333333333,3.4166666666666665
2025-09-08,Utilities,-0.0346002439437992,0.1540322580645161,0.1532258064516128,9.499999999999998,6.366666666666667,63.0,63.0,42.333333333333336,26.0,25.0,11.0,17.416666666666664,16.666666666666664,7.249999999999999
2025-09-09,Banking,-0.0013241115464174,0.4467153284671534,0.375,6.0,6.120000000000001,16.0,16.0,13.7,11.0,1.0,4.0,10.5,0.5,2.7
2025-09-09,ConsumerDiscretionary,0.0161584566176566,-0.1470238095238094,-0.1,-1.5,-1.6466666666666665,15.0,15.0,11.2,4.0,5.0,6.0,2.833333333333333,3.8333333333333335,4.533333333333333
2025-09-09,ConsumerStaples,-0.0052366084703283,0.4823529411764706,0.3249999999999999,2.6,2.1866666666666665,10.0,10.0,6.533333333333333,4.0,2.0,2.0,3.0,1.0,0.5333333333333333
2025-09-09,Energy,-0.0038852546335654,-0.0350364963503649,-0.0571428571428571,-0.4000000000000001,-0.08,9.0,9.0,4.283333333333333,1.0,3.0,3.0,0.3333333333333333,1.0833333333333333,0.8666666666666667
2025-09-09,Healthcare,-0.0029920009769799,0.6,0.6,0.6,0.6,1.0,1.0,1.0,1.0,0.0,0.0,1.0,0.0,0.0
2025-09-09,IndustrialLogistics,0.0066819602723887,0.4071428571428572,0.2714285714285714,1.9,1.9,8.0,8.0,5.166666666666666,4.0,2.0,1.0,3.5,0.8333333333333333,0.3333333333333333
2025-09-09,RealEstate,0.0169442331540154,0.6,0.5692307692307692,7.4,6.45,20.0,20.0,17.25,11.0,1.0,1.0,9.5,0.25,1.0
2025-09-09,SteelMaterials,-0.0056702813052043,0.2714285714285714,0.2375,1.9,1.9,8.0,8.0,7.0,5.0,0.0,3.0,4.5,0.0,2.5
2025-09-09,Technology,0.0027508852485883,0.3142857142857143,0.2818181818181818,3.1,2.75,11.0,11.0,8.75,5.0,5.0,1.0,4.5,3.25,1.0
2025-09-09,Utilities,-0.0018810004274332,0.2050566695727985,0.1888888888888889,5.1000000000000005,3.92,28.0,28.0,20.116666666666667,12.0,11.0,4.0,9.333333333333332,7.25,2.533333333333333
2025-09-10,Banking,0.0110185806793183,0.4525252525252525,0.3619047619047619,7.6,7.466666666666666,21.0,21.0,16.5,12.0,8.0,1.0,11.333333333333332,4.166666666666666,1.0
2025-09-10,ConsumerDiscretionary,0.0065366568467197,0.2941747572815534,0.315,6.3,5.05,20.0,20.0,17.166666666666664,12.0,2.0,6.0,9.833333333333334,2.0,5.333333333333334
2025-09-10,ConsumerStaples,-0.0031505105095774,-0.0647058823529411,-0.05,-0.3,-0.1833333333333333,8.0,8.0,3.833333333333333,0.0,3.0,3.0,0.0,1.0,1.8333333333333333
2025-09-10,Energy,0.0067234680200057,0.2058823529411764,0.1699999999999999,1.7,1.75,15.0,15.0,12.0,4.0,4.0,2.0,4.0,3.0,1.5
2025-09-10,Healthcare,0.0031975482685986,-0.1,-0.1,-0.1,-0.1,1.0,1.0,1.0,0.0,0.0,1.0,0.0,0.0,1.0
2025-09-10,IndustrialLogistics,0.0053067182635954,0.6000000000000001,0.44,2.2,2.2,7.0,7.0,5.666666666666666,3.0,2.0,0.0,3.0,0.6666666666666666,0.0
2025-09-10,RealEstate,-0.0035077337843675,0.4800000000000001,0.425,3.4,3.2,13.0,13.0,11.166666666666666,6.0,1.0,1.0,5.5,0.1666666666666666,1.0
2025-09-10,SteelMaterials,-0.008641533578378,0.4416666666666666,0.3249999999999999,2.6,2.65,8.0,8.0,6.0,5.0,2.0,1.0,5.0,0.4999999999999999,0.5
2025-09-10,Technology,-0.0047988169979864,0.2148648648648648,0.1833333333333333,3.3,2.65,18.0,18.0,12.333333333333334,8.0,9.0,1.0,6.166666666666666,5.166666666666666,1.0
2025-09-10,Utilities,0.0065513253226216,0.0598360655737704,0.0774193548387096,2.3999999999999995,1.2166666666666666,33.0,33.0,21.33333333333333,8.0,19.0,4.0,5.166666666666666,12.333333333333332,2.833333333333333
2025-09-11,Banking,-0.0001370824788274,0.3877777777777777,0.3388888888888888,6.099999999999999,5.8166666666666655,18.0,18.0,15.0,11.0,5.0,2.0,9.666666666666666,4.0,1.3333333333333333
2025-09-11,ConsumerDiscretionary,0.0235492008551046,0.1213483146067415,0.1555555555555555,2.8,1.7999999999999996,19.0,19.0,15.833333333333334,9.0,3.0,6.0,7.0,1.8333333333333333,6.0
2025-09-11,ConsumerStaples,0.0130743533898636,0.385,0.375,3.0,1.2833333333333332,9.0,9.0,4.333333333333333,5.0,3.0,0.0,2.0,1.3333333333333333,0.0
2025-09-11,Energy,0.0023221946385458,0.1777777777777777,0.1857142857142857,2.6,1.8666666666666667,16.0,16.0,12.0,7.0,4.0,3.0,5.166666666666666,3.0,2.333333333333333
2025-09-11,Healthcare,-0.0114333138842929,,,,,,,,,,,,,
2025-09-11,IndustrialLogistics,-0.0075947415856636,0.45,0.4166666666666667,2.5,2.1,9.0,9.0,7.166666666666666,4.0,1.0,1.0,3.333333333333333,0.3333333333333333,1.0
2025-09-11,RealEstate,0.0241153321237251,0.375,0.3125,2.5,1.7499999999999998,14.0,14.0,10.666666666666666,5.0,2.0,1.0,3.0,1.3333333333333333,0.3333333333333333
2025-09-11,SteelMaterials,0.0360785477028401,0.3347826086956521,0.3333333333333333,2.0,1.2833333333333332,6.0,6.0,3.8333333333333335,4.0,1.0,1.0,2.5,0.3333333333333333,1.0
2025-09-11,Technology,-0.0024922681249294,0.4,0.4,4.0,3.2,10.0,10.0,8.0,8.0,1.0,1.0,6.5,0.5,1.0
2025-09-11,Utilities,-0.0030225645291147,0.2091743119266055,0.2041666666666667,4.9,3.8,24.0,24.0,18.166666666666668,10.0,12.0,2.0,7.833333333333333,8.333333333333334,2.0
2025-09-12,Banking,0.001517784181539,0.2117647058823529,0.15,1.2,1.2,9.0,9.0,6.166666666666666,3.0,4.0,1.0,3.0,1.6666666666666663,1.0
2025-09-12,ConsumerDiscretionary,0.0189059973090524,0.3444283646888568,0.3629629629629629,9.8,7.933333333333334,28.0,28.0,24.03333333333333,19.0,4.0,4.0,15.833333333333332,3.2,4.0
2025-09-12,ConsumerStaples,0.0288556534985239,0.0,0.0,0.0,0.0,6.0,6.0,4.7,1.0,3.0,1.0,1.0,2.2,1.0
2025-09-12,Energy,0.0202403673859225,0.1939058171745152,0.2125,3.4000000000000004,2.333333333333333,21.0,21.0,17.03333333333333,8.0,6.0,2.0,5.833333333333333,4.7,1.5
2025-09-12,Healthcare,-0.0007630781023864,0.5666666666666667,0.5666666666666667,1.7,1.7,3.0,3.0,3.0,3.0,0.0,0.0,3.0,0.0,0.0
2025-09-12,IndustrialLogistics,-0.0002686808180989,0.46,0.4857142857142857,3.4,2.6833333333333336,8.0,8.0,6.833333333333333,5.0,2.0,0.0,3.833333333333333,2.0,0.0
2025-09-12,RealEstate,0.0043112436080935,0.5187499999999999,0.4599999999999999,2.3,1.3833333333333333,12.0,12.0,8.666666666666666,4.0,1.0,0.0,2.333333333333333,0.3333333333333333,0.0
2025-09-12,SteelMaterials,0.0260385308928251,0.3703703703703703,0.3249999999999999,1.2999999999999998,1.0,4.0,4.0,2.7,2.0,2.0,0.0,1.5,1.2,0.0
2025-09-12,Technology,0.0060494372921775,0.4395770392749245,0.3846153846153846,5.0,4.8500000000000005,13.0,13.0,11.033333333333331,9.0,3.0,1.0,8.5,1.5333333333333332,1.0
2025-09-12,Utilities,0.0133344840302143,0.2238938053097344,0.2538461538461539,6.6000000000000005,4.216666666666666,29.0,29.0,21.83333333333333,13.0,8.0,5.0,9.166666666666666,5.166666666666666,4.5
2025-09-15,Banking,0.0181622514358268,0.311377245508982,0.2285714285714285,4.8,5.2,21.0,21.0,16.7,7.0,12.0,2.0,7.0,8.5,1.2
2025-09-15,ConsumerDiscretionary,0.0049898354814464,0.3508946322067594,0.315,12.6,11.766666666666666,43.0,43.0,36.53333333333333,26.0,10.0,4.0,23.58333333333333,7.249999999999999,2.7
2025-09-15,ConsumerStaples,0.0095748158567918,0.1565836298932384,0.18,2.7,1.4666666666666663,16.0,16.0,10.366666666666667,7.0,4.0,4.0,4.166666666666666,2.0,3.2
2025-09-15,Energy,0.0046133356019304,0.1138613861386138,0.1304347826086956,3.0,1.9166666666666667,28.0,28.0,21.33333333333333,9.0,10.0,4.0,6.416666666666666,6.916666666666666,3.5
2025-09-15,Healthcare,0.0066471645686256,0.0,0.0,0.0,0.0,2.0,2.0,2.0,0.0,2.0,0.0,0.0,2.0,0.0
2025-09-15,IndustrialLogistics,0.0424788364534866,0.5847457627118645,0.525,6.300000000000001,5.75,14.0,14.0,11.333333333333332,10.0,2.0,0.0,8.833333333333332,1.0,0.0
2025-09-15,RealEstate,-0.0051973878691784,0.3213296398891966,0.2666666666666666,4.0,3.866666666666666,28.0,28.0,24.53333333333333,7.0,5.0,3.0,6.333333333333333,3.5,2.2
2025-09-15,SteelMaterials,0.0087126796745033,0.5593869731800766,0.4545454545454545,4.999999999999999,4.866666666666666,12.0,12.0,9.7,8.0,2.0,1.0,7.333333333333333,1.1666666666666663,0.2
2025-09-15,Technology,0.011040151363826,0.3726562499999999,0.2935483870967741,9.1,7.949999999999998,31.0,31.0,21.33333333333333,17.0,13.0,1.0,13.75,7.083333333333333,0.5
2025-09-15,Utilities,0.013269768440915,0.2341346153846154,0.2041666666666667,9.8,8.116666666666667,50.0,50.0,36.16666666666666,18.0,28.0,2.0,14.583333333333332,18.58333333333333,1.5
2025-09-16,Banking,0.0036485060178969,0.6027863777089784,0.5947368421052632,11.3,9.735,19.0,19.0,16.15,16.0,3.0,0.0,13.65,2.5,0.0
2025-09-16,ConsumerDiscretionary,0.0042334705439061,0.4036480686695278,0.3789473684210526,7.2,6.27,20.0,20.0,16.53333333333333,14.0,2.0,3.0,11.7,2.0,1.8333333333333333
2025-09-16,ConsumerStaples,0.0098447455540075,0.4517241379310345,0.5399999999999999,2.7,1.31,7.0,7.0,4.9,4.0,1.0,0.0,1.9,1.0,0.0
2025-09-16,Energy,-0.000727478586175,0.5245614035087719,0.5375000000000001,4.300000000000001,2.99,13.0,13.0,10.7,7.0,1.0,0.0,4.7,1.0,0.0
2025-09-16,Healthcare,-0.0079306071871127,0.2285714285714286,0.2,0.8,0.8,4.0,4.0,3.5,1.0,3.0,0.0,1.0,2.5,0.0
2025-09-16,IndustrialLogistics,-0.0059513676587544,0.5571428571428572,0.5636363636363636,6.199999999999999,5.85,11.0,11.0,10.5,8.0,3.0,0.0,7.5,3.0,0.0
2025-09-16,RealEstate,-0.0116204662542065,0.598989898989899,0.6142857142857142,4.3,2.965,11.0,11.0,8.95,7.0,0.0,0.0,4.95,0.0,0.0
2025-09-16,SteelMaterials,-0.0156131648769255,0.5116504854368932,0.5249999999999999,4.199999999999999,2.635,8.0,8.0,5.15,6.0,2.0,0.0,3.65,1.5,0.0
2025-09-16,Technology,0.008148520928347,0.569470827679783,0.5125,8.2,6.995,16.0,16.0,12.283333333333331,13.0,2.0,1.0,10.45,1.5,0.3333333333333333
2025-09-16,Utilities,0.0006975201086834,0.3241935483870968,0.2499999999999999,3.499999999999999,3.35,15.0,15.0,11.333333333333332,8.0,3.0,3.0,6.5,2.0,1.8333333333333333
2025-09-17,Banking,-0.0193492015928422,0.4818750000000001,0.4235294117647059,7.2,6.425000000000001,17.0,17.0,13.333333333333332,11.0,4.0,2.0,9.75,2.333333333333333,1.25
2025-09-17,ConsumerDiscretionary,-0.0181786010087722,0.3905063291139241,0.3842105263157894,7.3,5.141666666666667,20.0,20.0,14.166666666666666,14.0,3.0,2.0,10.583333333333332,1.3333333333333333,1.25
2025-09-17,ConsumerStaples,-0.0114209060458053,0.40625,0.3,2.7,1.625,9.0,9.0,4.0,5.0,2.0,2.0,2.5,1.0,0.5
2025-09-17,Energy,0.0032851838474538,0.2473684210526316,0.3181818181818182,3.5,2.35,13.0,13.0,11.0,8.0,0.0,3.0,6.5,0.0,3.0
2025-09-17,Healthcare,0.0047041000198897,0.0173913043478261,0.2,1.0,0.0666666666666667,5.0,5.0,3.8333333333333335,2.0,2.0,1.0,0.8333333333333333,2.0,1.0
2025-09-17,IndustrialLogistics,-0.0006007418742919,0.6599999999999999,0.6625,5.3,4.949999999999999,10.0,10.0,9.0,8.0,0.0,0.0,7.5,0.0,0.0
2025-09-17,RealEstate,0.0165644925227733,-0.1666666666666666,-0.1166666666666666,-0.7,-0.625,14.0,14.0,11.75,2.0,0.0,4.0,1.25,0.0,2.5
2025-09-17,SteelMaterials,-0.020207614833814,0.3,0.1714285714285714,1.2000000000000002,1.5,7.0,7.0,5.0,3.0,1.0,3.0,3.0,0.5,1.5
2025-09-17,Technology,0.0180015697736326,0.224468085106383,0.2916666666666667,3.5000000000000004,1.7583333333333335,12.0,12.0,7.833333333333333,6.0,6.0,0.0,3.1666666666666665,4.666666666666666,0.0
2025-09-17,Utilities,-0.0104554893546229,0.1936585365853658,0.212,5.3,3.3083333333333327,26.0,26.0,18.08333333333333,10.0,14.0,1.0,6.916666666666666,9.166666666666666,1.0
2025-09-18,Banking,-0.0076820224031886,0.5423076923076923,0.4428571428571428,6.199999999999999,6.042857142857143,14.0,14.0,11.142857142857142,9.0,3.0,2.0,8.0,2.5,0.6428571428571428
2025-09-18,ConsumerDiscretionary,-0.0051223851699014,0.1059612518628912,0.0947368421052631,1.7999999999999998,1.6928571428571426,20.0,20.0,16.976190476190474,8.0,5.0,6.0,7.0,3.8333333333333335,5.142857142857142
2025-09-18,ConsumerStaples,-0.0119429136013802,-0.055440414507772,-0.1999999999999999,-1.2,-0.2038095238095237,6.0,6.0,3.676190476190476,1.0,1.0,4.0,1.0,1.0,1.676190476190476
2025-09-18,Energy,-0.0168630723918711,0.1578947368421052,0.1625,1.3,1.0,9.0,9.0,7.333333333333333,2.0,4.0,2.0,1.5,3.333333333333333,1.5
2025-09-18,Healthcare,-0.0087868146816911,,,,,1.0,1.0,1.0,0.0,0.0,0.0,0.0,0.0,0.0
2025-09-18,IndustrialLogistics,-0.0129601561124715,0.4048128342245989,0.2142857142857142,1.5,2.162857142857143,8.0,8.0,6.342857142857143,4.0,0.0,3.0,4.0,0.0,1.3428571428571427
2025-09-18,RealEstate,-0.0021762349246125,0.5185082872928176,0.3846153846153846,5.0,5.362857142857143,16.0,16.0,13.342857142857142,8.0,1.0,4.0,7.5,1.0,1.8428571428571427
2025-09-18,SteelMaterials,0.0097181939262518,-0.1642487046632124,-0.3,-2.1,-0.6038095238095238,8.0,8.0,4.676190476190476,1.0,0.0,6.0,1.0,0.0,2.676190476190476
2025-09-18,Technology,-0.0209463920146585,0.5755501222493887,0.3875,3.1000000000000005,3.362857142857143,8.0,8.0,5.842857142857143,5.0,0.0,3.0,4.5,0.0,1.3428571428571427
2025-09-18,Utilities,0.0071344239286429,0.1328947368421052,0.1058823529411764,1.8000000000000005,1.6833333333333331,17.0,17.0,12.666666666666666,6.0,9.0,2.0,4.5,7.333333333333333,0.8333333333333333
2025-09-19,Banking,-0.0127884712326072,0.4407766990291263,0.3947368421052632,7.500000000000001,7.566666666666667,20.0,20.0,18.166666666666664,12.0,5.0,2.0,11.5,5.0,0.6666666666666666
2025-09-19,ConsumerDiscretionary,-0.0003305388489461,0.3920353982300885,0.3416666666666666,8.2,7.383333333333334,24.0,24.0,18.83333333333333,14.0,8.0,2.0,12.333333333333334,5.333333333333333,1.1666666666666663
2025-09-19,ConsumerStaples,-0.0144416109411008,0.5680000000000001,0.4166666666666667,2.5,2.3666666666666667,6.0,6.0,4.166666666666666,4.0,1.0,1.0,3.5,0.5,0.1666666666666666
2025-09-19,Energy,-0.0086503350938038,0.1,0.0499999999999999,0.5999999999999999,0.7,12.0,12.0,6.999999999999999,2.0,7.0,3.0,1.3333333333333333,4.833333333333334,0.8333333333333333
2025-09-19,Healthcare,0.0015852280281877,0.8,0.8,0.8,0.4,1.0,1.0,0.5,1.0,0.0,0.0,0.5,0.0,0.0
2025-09-19,IndustrialLogistics,-0.0068748619976924,0.4064516129032258,0.3499999999999999,4.199999999999999,4.2,13.0,13.0,11.333333333333332,6.0,5.0,1.0,6.0,3.333333333333333,1.0
2025-09-19,RealEstate,0.0317745411323515,0.2148936170212766,0.1083333333333333,1.2999999999999998,1.6833333333333331,14.0,14.0,9.833333333333332,4.0,3.0,5.0,3.5,2.0,2.333333333333333
2025-09-19,SteelMaterials,-0.0104228251820099,0.3108108108108108,0.2125,1.7000000000000002,1.9166666666666667,9.0,9.0,7.166666666666666,3.0,2.0,3.0,3.0,1.5,1.6666666666666663
2025-09-19,Technology,-0.0078457442188306,0.6289473684210526,0.5272727272727272,5.8,3.983333333333333,12.0,12.0,7.333333333333333,8.0,2.0,1.0,5.333333333333333,0.8333333333333333,0.1666666666666666
2025-09-19,Utilities,0.0143943740238129,0.3257142857142857,0.3166666666666666,5.7,3.8,18.0,18.0,11.666666666666666,11.0,6.0,1.0,8.0,2.6666666666666665,1.0
2025-09-22,Banking,-0.0075908167484367,0.3352564102564103,0.2611111111111111,4.7,4.358333333333333,18.0,18.0,13.0,9.0,6.0,3.0,7.75,3.583333333333333,1.6666666666666663
2025-09-22,ConsumerDiscretionary,-0.0223977395743418,0.3426456984273821,0.3068181818181818,13.5,12.346666666666666,46.0,46.0,37.53333333333333,28.0,9.0,7.0,23.83333333333333,8.0,4.199999999999999
2025-09-22,ConsumerStaples,-0.0133810677506699,0.1609819121447028,0.0916666666666666,1.1,1.038333333333333,14.0,14.0,7.949999999999999,4.0,4.0,4.0,2.25,3.0,1.2
2025-09-22,Energy,-0.0187699395630934,0.1990521327014217,0.1541666666666666,3.7,3.5,28.0,28.0,20.08333333333333,10.0,11.0,3.0,8.166666666666666,7.083333333333333,2.333333333333333
2025-09-22,Healthcare,-0.0024073262818698,0.06,0.05,0.2,0.2,4.0,4.0,3.333333333333333,1.0,2.0,1.0,1.0,1.3333333333333333,1.0
2025-09-22,IndustrialLogistics,-0.0282353771417521,0.471875,0.3916666666666666,4.7,5.033333333333333,12.0,12.0,10.666666666666666,8.0,3.0,1.0,8.0,2.5,0.1666666666666666
2025-09-22,RealEstate,-0.0242012430179588,0.2915857605177994,0.215,4.3,4.505,27.0,27.0,21.45,11.0,3.0,6.0,9.75,2.5,3.2
2025-09-22,SteelMaterials,-0.0387710029354354,0.081046676096181,0.0294117647058823,0.4999999999999996,0.955,20.0,20.0,14.283333333333331,7.0,1.0,9.0,5.25,1.0,5.533333333333333
2025-09-22,Technology,-0.0270209344642476,0.409049773755656,0.2892857142857142,8.1,7.533333333333332,28.0,28.0,18.416666666666668,16.0,8.0,4.0,12.666666666666666,3.75,2.0
2025-09-22,Utilities,-0.0169252893957432,0.1892129884424876,0.1333333333333333,5.999999999999999,5.73,46.0,46.0,31.28333333333333,18.0,20.0,7.0,14.333333333333334,12.25,3.7
2025-09-23,Banking,0.0045531036014399,0.38,0.22,3.3,4.433333333333334,15.0,15.0,11.666666666666666,7.0,5.0,3.0,7.0,3.833333333333333,0.8333333333333333
2025-09-23,ConsumerDiscretionary,0.0068906602683011,0.4048,0.3357142857142857,4.7,4.216666666666667,14.0,14.0,10.416666666666666,9.0,2.0,3.0,7.083333333333333,2.0,1.333333333333333
2025-09-23,ConsumerStaples,0.0018467487110866,-0.0666666666666666,-0.1666666666666666,-1.0,-0.1666666666666666,6.0,6.0,2.5,0.0,4.0,2.0,0.0,2.1666666666666665,0.3333333333333332
2025-09-23,Energy,0.0047061497448586,0.2095238095238095,0.3285714285714285,2.3,1.1,7.0,7.0,5.25,4.0,1.0,2.0,2.25,1.0,2.0
2025-09-23,Healthcare,0.0024329978295697,,,,,,,,,,,,,
2025-09-23,IndustrialLogistics,-0.0050883553791652,0.4687499999999999,0.4166666666666667,2.5,2.5,8.0,8.0,6.833333333333333,4.0,2.0,0.0,4.0,1.3333333333333333,0.0
2025-09-23,RealEstate,-0.0006687305234544,0.5021276595744681,0.2799999999999999,2.8,3.9333333333333336,14.0,14.0,11.333333333333332,6.0,1.0,3.0,6.0,1.0,0.8333333333333333
2025-09-23,SteelMaterials,-0.001506805168435,0.5363636363636364,0.125,0.5,0.9833333333333334,4.0,4.0,1.8333333333333333,2.0,0.0,2.0,1.5,0.0,0.3333333333333332
2025-09-23,Technology,-0.0025810424869098,0.3898305084745763,0.2499999999999999,2.0,1.9166666666666667,8.0,8.0,4.916666666666666,5.0,0.0,3.0,3.583333333333333,0.0,1.3333333333333333
2025-09-23,Utilities,-0.0023691668522068,0.3765765765765765,0.3933333333333333,5.9,3.4833333333333334,15.0,15.0,9.25,9.0,5.0,1.0,5.583333333333333,2.666666666666667,1.0
2025-09-24,Banking,0.008876713928519,0.4948849104859335,0.3941176470588235,6.7,6.45,17.0,17.0,13.033333333333331,12.0,2.0,3.0,10.75,0.5333333333333333,1.75
2025-09-24,ConsumerDiscretionary,0.0132061992795345,0.4120294599018003,0.3615384615384615,9.4,8.391666666666667,31.0,31.0,24.7,18.0,5.0,3.0,15.583333333333332,2.533333333333333,2.25
2025-09-24,ConsumerStaples,0.0084242872564039,0.253623188405797,0.22,1.1,0.875,5.0,5.0,3.45,2.0,3.0,0.0,1.25,2.2,0.0
2025-09-24,Energy,0.0061781274522885,0.1260504201680672,0.1374999999999999,2.2,1.25,18.0,18.0,11.916666666666666,6.0,8.0,2.0,3.75,4.666666666666666,1.5
2025-09-24,Healthcare,-0.0022466625155127,0.0,0.0,0.0,0.0,1.0,1.0,0.5,0.0,1.0,0.0,0.0,0.5,0.0
2025-09-24,IndustrialLogistics,0.0113271461293203,0.4209677419354838,0.375,4.5,4.35,16.0,16.0,13.666666666666666,7.0,4.0,1.0,6.5,3.333333333333333,0.5
2025-09-24,RealEstate,0.0077694931917451,0.0675675675675675,0.0714285714285714,0.4999999999999999,0.25,10.0,10.0,6.7,3.0,1.0,3.0,1.75,0.2,1.75
2025-09-24,SteelMaterials,0.020585069277506,0.6277533039647577,0.4333333333333333,2.6,2.375,7.0,7.0,4.783333333333333,4.0,2.0,0.0,3.25,0.5333333333333333,0.0
2025-09-24,Technology,0.0103218078623671,0.4740506329113924,0.3999999999999999,7.6,6.241666666666666,20.0,20.0,14.166666666666666,14.0,3.0,2.0,10.583333333333332,1.3333333333333333,1.25
2025-09-24,Utilities,0.0079935859506707,0.2169312169312169,0.2608695652173912,5.999999999999999,3.416666666666667,24.0,24.0,16.083333333333332,13.0,8.0,2.0,8.583333333333332,5.166666666666666,2.0
2025-09-25,Banking,-0.0021354327635685,0.3085714285714285,0.295,5.9,5.4,21.0,21.0,18.0,13.0,3.0,4.0,12.0,1.4999999999999998,4.0
2025-09-25,ConsumerDiscretionary,-0.010398235238486,0.3695238095238095,0.3761904761904762,7.899999999999999,6.466666666666667,25.0,25.0,21.5,14.0,4.0,3.0,11.333333333333332,3.1666666666666665,3.0
2025-09-25,ConsumerStaples,-0.0073995948764427,0.4607142857142856,0.4166666666666667,2.5,2.1499999999999995,6.0,6.0,4.666666666666666,4.0,1.0,1.0,3.5,0.1666666666666666,1.0
2025-09-25,Energy,0.0058590594736231,0.1414634146341463,0.1333333333333333,1.2,0.9666666666666666,11.0,11.0,8.333333333333332,4.0,3.0,2.0,2.833333333333333,2.5,1.5
2025-09-25,Healthcare,-0.0015866377351687,,,,,,,,,,,,,
2025-09-25,IndustrialLogistics,0.0106695013526915,0.2818181818181818,0.2749999999999999,2.2,2.0666666666666664,11.0,11.0,10.333333333333332,4.0,2.0,2.0,3.333333333333333,2.0,2.0
2025-09-25,RealEstate,0.0221130829690984,0.6562500000000001,0.5750000000000001,6.900000000000001,7.000000000000001,22.0,22.0,20.166666666666664,10.0,1.0,1.0,10.0,0.1666666666666666,0.5
2025-09-25,SteelMaterials,-0.0028281270086129,0.35625,0.3,1.2,0.95,4.0,4.0,2.6666666666666665,3.0,1.0,0.0,2.5,0.1666666666666666,0.0
2025-09-25,Technology,-0.0090381231038578,0.5553191489361702,0.51,5.1,4.35,10.0,10.0,7.833333333333333,9.0,1.0,0.0,7.5,0.3333333333333333,0.0
2025-09-25,Utilities,0.0223022490392206,0.3687500000000001,0.35,4.2,2.95,14.0,14.0,9.5,8.0,4.0,0.0,6.0,2.0,0.0
2025-09-26,Banking,-0.0002003674775715,0.5971830985915494,0.6076923076923078,7.9,7.066666666666667,13.0,13.0,11.833333333333332,11.0,2.0,0.0,9.833333333333332,2.0,0.0
2025-09-26,ConsumerDiscretionary,-0.0121298570783597,0.5140625000000001,0.4875,11.7,10.966666666666669,29.0,29.0,26.33333333333333,19.0,1.0,4.0,17.5,1.0,2.833333333333333
2025-09-26,ConsumerStaples,-0.0036267421615692,0.06,0.0399999999999999,0.1999999999999999,0.2,5.0,5.0,3.333333333333333,2.0,1.0,2.0,1.5,0.3333333333333333,1.5
2025-09-26,Energy,-0.0096627910270062,0.3411764705882353,0.3375,2.7,1.933333333333333,13.0,13.0,10.666666666666666,4.0,2.0,2.0,2.833333333333333,2.0,0.8333333333333333
2025-09-26,Healthcare,-0.0015349164616126,0.5599999999999999,0.4666666666666666,1.4,1.4,3.0,3.0,2.5,2.0,1.0,0.0,2.0,0.5,0.0
2025-09-26,IndustrialLogistics,-0.0107540981421063,0.3176470588235294,0.3142857142857142,2.2,1.7999999999999998,7.0,7.0,5.666666666666666,4.0,3.0,0.0,3.333333333333333,2.333333333333333,0.0
2025-09-26,RealEstate,0.0026998998451028,0.4988235294117647,0.5187499999999999,8.299999999999999,7.066666666666666,26.0,26.0,24.166666666666664,13.0,0.0,3.0,11.166666666666666,0.0,3.0
2025-09-26,SteelMaterials,-0.0063299616170415,0.1999999999999999,0.3,0.6,0.3,2.0,2.0,1.5,1.0,1.0,0.0,0.5,1.0,0.0
2025-09-26,Technology,-0.006921706985004,0.5594594594594595,0.5111111111111111,4.6,3.45,9.0,9.0,6.166666666666666,8.0,1.0,0.0,5.833333333333333,0.3333333333333333,0.0
2025-09-26,Utilities,-0.0218688912099629,0.1861538461538461,0.2,2.8000000000000003,2.0166666666666666,14.0,14.0,10.833333333333332,5.0,6.0,3.0,3.5,5.5,1.8333333333333333
2025-09-29,Banking,-0.0021710351492502,0.416891891891892,0.3344827586206897,9.700000000000005,10.283333333333337,29.0,29.0,24.666666666666664,17.0,6.0,6.0,15.833333333333332,5.5,3.333333333333333
2025-09-29,ConsumerDiscretionary,-0.0126065768199629,0.3269102990033222,0.2709677419354838,8.399999999999999,8.199999999999998,35.0,35.0,29.08333333333333,16.0,10.0,5.0,15.0,6.333333333333332,3.75
2025-09-29,ConsumerStaples,-0.0070450118674785,0.2590909090909091,0.2111111111111111,1.9,1.9,10.0,10.0,8.333333333333332,3.0,4.0,2.0,3.0,2.333333333333333,2.0
2025-09-29,Energy,-0.0004960317460317,0.0282608695652173,0.0363636363636363,0.8,0.4333333333333333,24.0,24.0,17.333333333333332,6.0,14.0,2.0,4.166666666666666,9.166666666666666,2.0
2025-09-29,Healthcare,-0.0015875616948816,0.0,0.0,0.0,0.0,1.0,1.0,1.0,0.0,1.0,0.0,0.0,1.0,0.0
2025-09-29,IndustrialLogistics,-0.0063113630222545,0.4527659574468086,0.3782608695652174,8.7,8.866666666666667,25.0,25.0,21.58333333333333,14.0,8.0,1.0,13.333333333333332,6.0,0.25
2025-09-29,RealEstate,0.0276057788897587,0.4390624999999999,0.3719999999999999,9.3,9.366666666666664,41.0,41.0,37.33333333333333,16.0,3.0,6.0,15.0,2.5,3.833333333333333
2025-09-29,SteelMaterials,-0.0074337359818146,0.384251968503937,0.2916666666666667,3.5000000000000004,4.066666666666666,12.0,12.0,10.583333333333332,8.0,0.0,4.0,8.0,0.0,2.583333333333333
2025-09-29,Technology,-0.009667779428804,0.5008403361344538,0.3785714285714285,5.3,4.966666666666667,14.0,14.0,9.916666666666666,9.0,4.0,1.0,7.833333333333333,1.8333333333333333,0.25
2025-09-29,Utilities,-0.0090669186441111,0.2650887573964497,0.2141025641025641,8.35,7.466666666666666,40.0,40.0,29.166666666666664,17.0,19.0,3.0,13.833333333333332,12.333333333333334,2.0
2025-09-30,Banking,-0.0070764371110294,0.618867924528302,0.55,5.5,5.466666666666667,10.0,10.0,8.833333333333332,9.0,0.0,1.0,8.5,0.0,0.3333333333333333
2025-09-30,ConsumerDiscretionary,0.0029834381962226,0.1795555555555555,0.1416666666666666,3.3999999999999995,3.3666666666666663,26.0,26.0,20.25,14.0,3.0,7.0,11.666666666666666,1.75,5.333333333333333
2025-09-30,ConsumerStaples,-0.0070780161169948,0.2457142857142857,0.1875,1.5,1.4333333333333331,8.0,8.0,5.833333333333333,4.0,1.0,3.0,3.333333333333333,0.5,2.0
2025-09-30,Energy,-0.0127402506520836,0.3047619047619047,0.2999999999999999,2.3999999999999995,1.6,9.0,9.0,5.75,5.0,2.0,1.0,3.5,0.75,1.0
2025-09-30,Healthcare,-2.312536707493873e-05,0.8,0.8,1.6,1.6,2.0,2.0,2.0,2.0,0.0,0.0,2.0,0.0,0.0
2025-09-30,IndustrialLogistics,-0.0225837329701726,0.4846153846153846,0.4875,3.9,3.15,9.0,9.0,7.5,7.0,1.0,0.0,5.5,1.0,0.0
2025-09-30,RealEstate,0.0003007066648327,0.4956521739130435,0.4666666666666667,4.2,3.8,22.0,22.0,19.666666666666664,7.0,1.0,1.0,6.333333333333334,1.0,0.3333333333333333
2025-09-30,SteelMaterials,-0.0162337491614833,0.575,0.4499999999999999,0.8999999999999999,0.7666666666666666,2.0,2.0,1.3333333333333333,2.0,0.0,0.0,1.3333333333333333,0.0,0.0
2025-09-30,Technology,-0.0170317793017179,0.3908045977011495,0.3166666666666667,3.8000000000000007,2.833333333333333,12.0,12.0,7.249999999999999,8.0,3.0,1.0,5.5,1.25,0.5
2025-09-30,Utilities,-0.0120072346423132,0.3525179856115108,0.3235294117647059,5.5,4.083333333333333,18.0,18.0,12.583333333333332,11.0,5.0,1.0,7.333333333333333,3.75,0.5
2025-10-01,Banking,0.007303096839607,0.3820603907637656,0.3636363636363637,8.000000000000002,7.17,22.0,22.0,18.766666666666666,14.0,4.0,4.0,12.6,2.6666666666666665,3.5
2025-10-01,ConsumerDiscretionary,0.004861603323752,0.1126159554730983,0.0692307692307692,1.8,2.023333333333333,26.0,26.0,17.966666666666665,9.0,10.0,7.0,6.933333333333334,5.999999999999999,5.033333333333333
2025-10-01,ConsumerStaples,0.0136258645233003,0.3262390670553936,0.2454545454545454,2.7,1.865,11.0,11.0,5.716666666666666,5.0,5.0,1.0,3.35,2.1666666666666665,0.2
2025-10-01,Energy,-0.003967825800515,0.2023696682464455,0.3,2.4,0.7116666666666667,9.0,9.0,4.016666666666667,4.0,4.0,0.0,1.1833333333333331,2.333333333333333,0.0
2025-10-01,Healthcare,0.0032881214078666,0.6999999999999998,0.7,0.7,0.0699999999999999,1.0,1.0,0.1,1.0,0.0,0.0,0.1,0.0,0.0
2025-10-01,IndustrialLogistics,-0.009934639402202,0.082716049382716,0.1666666666666666,2.0,0.67,15.0,15.0,10.1,6.0,2.0,4.0,3.35,1.5,3.25
2025-10-01,RealEstate,-0.006427838248239,0.4918294849023091,0.3461538461538461,4.5,4.615,22.0,22.0,16.383333333333333,8.0,2.0,3.0,7.1,1.3333333333333333,0.95
2025-10-01,SteelMaterials,0.0027660332935403,0.1518518518518518,0.0999999999999999,0.7,0.615,7.0,7.0,4.050000000000001,3.0,1.0,3.0,2.1,0.5,1.45
2025-10-01,Technology,0.0029351051923884,0.0904191616766467,0.0894736842105263,1.7000000000000002,1.0066666666666668,19.0,19.0,11.133333333333336,6.0,8.0,5.0,3.35,5.0,2.783333333333333
2025-10-01,Utilities,0.0011987952255803,0.052803738317757,0.0681818181818181,1.5,0.7533333333333334,27.0,27.0,17.766666666666666,6.0,12.0,4.0,2.933333333333333,8.5,2.833333333333333
2025-10-02,Banking,-0.0012638024386084,0.450909090909091,0.3384615384615384,4.4,4.133333333333334,13.0,13.0,9.166666666666666,6.0,5.0,2.0,5.5,3.0,0.6666666666666666
2025-10-02,ConsumerDiscretionary,-0.0101755414645401,0.4330188679245284,0.3708333333333333,8.9,7.65,26.0,26.0,19.666666666666664,19.0,2.0,3.0,14.75,1.5,1.4166666666666663
2025-10-02,ConsumerStaples,-0.0032586046612554,-0.2312499999999999,-0.175,-0.7,-0.6166666666666666,4.0,4.0,2.6666666666666665,0.0,2.0,2.0,0.0,1.5,1.1666666666666663
2025-10-02,Energy,-0.0077627668918129,0.2368421052631579,0.2666666666666667,2.4000000000000004,1.5,10.0,10.0,7.333333333333333,7.0,0.0,2.0,4.833333333333334,0.0,1.5
2025-10-02,Healthcare,-0.0031910141042823,0.0666666666666666,0.0666666666666666,0.2,0.2,3.0,3.0,3.0,2.0,0.0,1.0,2.0,0.0,1.0
2025-10-02,IndustrialLogistics,-0.004274574769154,0.505357142857143,0.4333333333333333,5.2,4.716666666666667,12.0,12.0,9.333333333333332,9.0,1.0,2.0,7.583333333333333,1.0,0.75
2025-10-02,RealEstate,-0.0097948603425963,0.0966666666666666,0.05,0.4,0.4833333333333333,18.0,18.0,15.0,3.0,1.0,4.0,2.25,0.3333333333333333,2.4166666666666665
2025-10-02,SteelMaterials,-0.021297412790163,0.5480000000000002,0.4399999999999999,2.2,2.2833333333333337,5.0,5.0,4.166666666666666,4.0,0.0,1.0,4.0,0.0,0.1666666666666666
2025-10-02,Technology,-0.0022550120199343,0.5122807017543859,0.3941176470588234,6.699999999999999,4.866666666666666,17.0,17.0,9.5,12.0,3.0,2.0,7.749999999999999,1.3333333333333333,0.4166666666666666
2025-10-02,Utilities,-0.00321402453013,0.2463917525773196,0.2346153846153846,6.1000000000000005,3.983333333333333,26.0,26.0,16.166666666666664,12.0,13.0,1.0,7.333333333333333,8.333333333333332,0.5
2025-10-03,Banking,-0.006779408764081,0.4483685220729366,0.38,7.6,7.786666666666667,21.0,21.0,17.866666666666667,12.0,5.0,3.0,11.333333333333332,4.5,1.5333333333333332
2025-10-03,ConsumerDiscretionary,-0.007801785317042,0.4218527315914488,0.4399999999999999,8.799999999999999,5.92,21.0,21.0,15.033333333333337,15.0,2.0,3.0,10.333333333333334,1.5,2.2
2025-10-03,ConsumerStaples,-0.00454137191591,0.2826923076923077,0.1714285714285714,1.2,1.47,7.0,7.0,5.2,3.0,2.0,2.0,2.5,2.0,0.7
2025-10-03,Energy,-0.0165804017316401,0.473469387755102,0.4636363636363636,5.1,3.866666666666666,12.0,12.0,9.166666666666666,8.0,2.0,1.0,6.166666666666666,1.0,1.0
2025-10-03,Healthcare,0.0016563856522732,0.0333333333333333,0.05,0.1,0.05,2.0,2.0,1.5,1.0,1.0,0.0,0.5,1.0,0.0
2025-10-03,IndustrialLogistics,0.0001320098389859,0.2125,0.375,1.5,0.5666666666666667,6.0,6.0,4.666666666666666,3.0,1.0,0.0,1.6666666666666663,1.0,0.0
2025-10-03,RealEstate,0.0068720467318764,0.2224489795918367,0.0999999999999999,0.7999999999999999,1.4533333333333331,15.0,15.0,13.033333333333331,4.0,0.0,4.0,4.0,0.0,2.533333333333333
2025-10-03,SteelMaterials,-0.0215771027014138,0.5006211180124224,0.35,2.8,2.6866666666666665,8.0,8.0,5.366666666666666,6.0,0.0,2.0,4.833333333333334,0.0,0.5333333333333333
2025-10-03,Technology,-0.0030281985017588,0.5361702127659574,0.5083333333333334,6.1000000000000005,4.2,12.0,12.0,7.833333333333333,10.0,2.0,0.0,6.833333333333333,1.0,0.0
2025-10-03,Utilities,-0.0129670828283174,0.3545454545454545,0.3851851851851851,10.4,6.5,29.0,29.0,20.33333333333333,18.0,8.0,1.0,11.833333333333334,6.0,0.5
2025-10-06,Banking,0.0308755557640861,0.3578181420286683,0.2866666666666667,8.6,7.78595238095238,31.0,31.0,22.25952380952381,15.0,11.0,4.0,12.416666666666666,7.0,2.3428571428571425
2025-10-06,ConsumerDiscretionary,0.0220567136405314,0.4421206392851005,0.3804878048780487,15.599999999999998,12.25095238095238,44.0,44.0,30.70952380952381,27.0,9.0,5.0,20.166666666666664,5.5,2.0428571428571427
2025-10-06,ConsumerStaples,0.0229006811290067,0.1445098616426258,0.1238095238095237,2.6,2.3376190476190475,22.0,22.0,16.676190476190477,9.0,7.0,5.0,6.833333333333333,6.5,2.8428571428571425
2025-10-06,Energy,0.0205311498163797,0.2876662636033857,0.26,5.2,3.965,24.0,24.0,17.28333333333333,8.0,10.0,2.0,5.75,7.333333333333333,0.7
2025-10-06,Healthcare,-0.0010701301110557,-0.1166666666666666,-0.1399999999999999,-1.4,-1.0499999999999998,10.0,10.0,9.0,2.0,4.0,4.0,2.0,3.5,3.5
2025-10-06,IndustrialLogistics,0.0333597157378346,0.5942735447231425,0.4699999999999999,9.4,8.969285714285714,22.0,22.0,17.09285714285714,15.0,2.0,3.0,12.75,1.5,0.8428571428571427
2025-10-06,RealEstate,0.0304642061296204,0.4531433880458345,0.3473684210526315,6.6,6.967619047619047,36.0,36.0,30.37619047619048,12.0,3.0,4.0,10.833333333333332,3.0,1.5428571428571427
2025-10-06,SteelMaterials,0.0518066346992603,0.2308943089430894,0.1071428571428571,1.5,2.4342857142857146,14.0,14.0,10.542857142857144,7.0,1.0,6.0,6.5,0.5,3.5428571428571427
2025-10-06,Technology,0.0233198817753088,0.312121212121212,0.3,7.199999999999999,5.272619047619047,24.0,24.0,16.892857142857146,13.0,9.0,2.0,9.583333333333334,6.166666666666666,1.1428571428571428
2025-10-06,Utilities,0.0156346836149554,0.2014084507042253,0.2257142857142857,7.899999999999999,4.766666666666667,40.0,40.0,27.166666666666668,15.0,18.0,2.0,10.166666666666666,12.0,1.5
2025-10-07,Banking,-0.0087176878483673,0.6785932721712539,0.623529411764706,10.6,7.396666666666666,17.0,17.0,10.9,14.0,2.0,1.0,9.65,0.75,0.5
2025-10-07,ConsumerDiscretionary,-0.0010582414601632,0.3720183486238532,0.3588235294117647,6.1,4.055,17.0,17.0,10.9,12.0,2.0,3.0,8.15,0.75,2.0
2025-10-07,ConsumerStaples,-0.0084252336072948,0.4778481012658227,0.4461538461538461,5.8,3.775,13.0,13.0,7.9,9.0,3.0,1.0,5.4,2.0,0.5
2025-10-07,Energy,-0.0073789665765939,0.2692307692307692,0.2454545454545454,2.7,2.625,13.0,13.0,11.75,6.0,3.0,2.0,5.25,2.5,2.0
2025-10-07,Healthcare,0.0012701269751024,0.0499999999999999,0.0499999999999999,0.0999999999999999,0.0999999999999999,2.0,2.0,2.0,1.0,0.0,1.0,1.0,0.0,1.0
2025-10-07,IndustrialLogistics,-0.0155661613679719,0.5318840579710145,0.6,3.0,1.835,8.0,8.0,5.95,5.0,0.0,0.0,3.45,0.0,0.0
2025-10-07,RealEstate,-0.0065527846771177,0.3242424242424242,0.4374999999999999,6.999999999999999,3.0316666666666663,20.0,20.0,12.85,12.0,1.0,3.0,6.1,0.25,3.0
2025-10-07,SteelMaterials,-0.014249376687471,0.5730659025787965,0.6,7.199999999999999,3.333333333333333,12.0,12.0,5.816666666666666,11.0,1.0,0.0,5.316666666666666,0.5,0.0
2025-10-07,Technology,-0.0053797640335682,0.3102564102564102,0.4545454545454545,5.0,1.815,11.0,11.0,5.8500000000000005,9.0,2.0,0.0,4.35,1.5,0.0
2025-10-07,Utilities,-0.0066806054277509,0.3289940828402368,0.33,6.6000000000000005,4.633333333333335,20.0,20.0,14.083333333333332,12.0,5.0,3.0,8.333333333333332,3.75,2.0
2025-10-08,Banking,0.012663626267672,0.4594059405940595,0.475,7.6,5.413333333333334,16.0,16.0,11.783333333333331,10.0,4.0,2.0,7.083333333333333,3.5,1.2
2025-10-08,ConsumerDiscretionary,0.0100062369086484,0.3692118226600985,0.3105263157894736,5.9,4.996666666666666,19.0,19.0,13.533333333333331,13.0,1.0,5.0,10.5,0.5,2.533333333333333
2025-10-08,ConsumerStaples,0.0108590128920998,0.444943820224719,0.4142857142857142,2.9,1.98,7.0,7.0,4.45,4.0,1.0,2.0,2.75,0.5,1.2
2025-10-08,Energy,0.0052673452939925,0.1554054054054054,0.1055555555555555,1.9,1.9166666666666667,22.0,22.0,15.333333333333332,8.0,3.0,7.0,5.833333333333333,2.333333333333333,4.166666666666666
2025-10-08,Healthcare,-0.0015455702650199,-0.1666666666666666,-0.1666666666666666,-0.5,-0.5,3.0,3.0,3.0,0.0,2.0,1.0,0.0,2.0,1.0
2025-10-08,IndustrialLogistics,0.0038611325081019,0.223076923076923,0.1499999999999999,1.1999999999999995,1.45,9.0,9.0,7.0,4.0,2.0,2.0,3.5,2.0,1.0
2025-10-08,RealEstate,0.0083911904462745,0.4262582056892778,0.3181818181818182,3.5,3.246666666666666,19.0,19.0,15.116666666666667,6.0,3.0,2.0,5.25,1.8333333333333333,0.5333333333333333
2025-10-08,SteelMaterials,0.0153339106178491,0.1052631578947368,0.15,0.6000000000000002,0.1666666666666667,4.0,4.0,1.5833333333333333,2.0,0.0,2.0,0.75,0.0,0.8333333333333333
2025-10-08,Technology,-0.001336116535675,-0.0605809128630705,-0.0416666666666666,-0.5,-0.4866666666666666,12.0,12.0,8.033333333333333,4.0,1.0,7.0,2.833333333333333,1.0,4.199999999999999
2025-10-08,Utilities,-0.0011466319875825,0.3845360824742268,0.2799999999999999,5.6,6.216666666666666,23.0,23.0,18.166666666666664,11.0,5.0,4.0,10.5,3.333333333333333,2.333333333333333
2025-10-09,Banking,0.0120188788428525,0.5279746057751382,0.5647058823529413,9.6,6.138333333333334,17.0,17.0,11.626190476190477,14.0,2.0,1.0,9.126190476190477,1.5,1.0
2025-10-09,ConsumerDiscretionary,0.0040426711942018,0.3155774111675127,0.34,6.800000000000001,4.736666666666667,22.0,22.0,17.00952380952381,14.0,3.0,3.0,10.00952380952381,2.5,2.5
2025-10-09,ConsumerStaples,-0.0031033343295343,0.6505300353356892,0.6714285714285714,4.699999999999999,2.6300000000000003,7.0,7.0,4.042857142857143,7.0,0.0,0.0,4.042857142857143,0.0,0.0
2025-10-09,Energy,0.0092422405838403,0.308,0.3888888888888888,3.5,1.9250000000000005,11.0,11.0,8.25,6.0,2.0,1.0,3.75,1.5,1.0
2025-10-09,Healthcare,-0.0046356508916926,0.3142857142857143,0.3,1.2000000000000002,1.1,4.0,4.0,3.5,3.0,0.0,1.0,2.5,0.0,1.0
2025-10-09,IndustrialLogistics,-0.0051680988340131,0.5261992619926199,0.5181818181818182,5.7,4.753333333333333,12.0,12.0,10.033333333333331,10.0,1.0,0.0,8.533333333333333,0.5,0.0
2025-10-09,RealEstate,0.0258685764007913,0.1974358974358974,0.3166666666666667,1.9,0.66,18.0,18.0,14.842857142857142,4.0,0.0,2.0,1.8428571428571427,0.0,1.5
2025-10-09,SteelMaterials,-0.0009828764332253,0.5021201413427562,0.5857142857142856,4.1,2.03,7.0,7.0,4.042857142857143,6.0,1.0,0.0,3.0428571428571427,1.0,0.0
2025-10-09,Technology,-0.0036906240753676,0.5941830307521305,0.5750000000000001,6.9,3.818333333333333,12.0,12.0,6.426190476190476,10.0,2.0,0.0,5.426190476190476,1.0,0.0
2025-10-09,Utilities,0.0073908384251245,0.4139863803038239,0.4387096774193549,13.6,9.408333333333331,33.0,33.0,24.226190476190474,21.0,9.0,1.0,14.726190476190476,7.0,1.0
2025-10-10,Banking,0.0065776792958975,0.572108843537415,0.5941176470588235,10.1,8.41,17.0,17.0,14.7,14.0,1.0,2.0,11.7,1.0,2.0
2025-10-10,ConsumerDiscretionary,0.0037464316447865,0.341159627773801,0.3806451612903225,11.8,7.943333333333333,33.0,33.0,25.28333333333333,21.0,8.0,2.0,14.783333333333331,6.5,2.0
2025-10-10,ConsumerStaples,0.0031678471173838,0.475,0.4599999999999999,2.3,1.9,5.0,5.0,4.0,3.0,2.0,0.0,2.5,1.5,0.0
2025-10-10,Energy,-0.0043259875473441,0.1282051282051282,0.1999999999999999,2.3999999999999995,1.2499999999999998,12.0,12.0,9.75,6.0,2.0,4.0,4.25,1.5,4.0
2025-10-10,Healthcare,-0.0008993573697091,0.6,0.6,0.6,0.3,1.0,1.0,0.5,1.0,0.0,0.0,0.5,0.0,0.0
2025-10-10,IndustrialLogistics,0.0040986394541831,0.5237354085603114,0.5857142857142856,4.1,2.2433333333333336,8.0,8.0,4.783333333333333,6.0,1.0,0.0,3.283333333333333,1.0,0.0
2025-10-10,RealEstate,0.0529489533217972,0.7437086092715234,0.7428571428571428,5.199999999999999,3.743333333333334,11.0,11.0,8.533333333333333,7.0,0.0,0.0,5.033333333333333,0.0,0.0
2025-10-10,SteelMaterials,0.0126955167514665,0.4824644549763033,0.5444444444444444,4.9,3.393333333333333,9.0,9.0,7.033333333333333,8.0,0.0,1.0,6.033333333333333,0.0,1.0
2025-10-10,Technology,0.0110336982409631,0.6836363636363636,0.6749999999999999,5.4,3.133333333333333,8.0,8.0,4.583333333333333,8.0,0.0,0.0,4.583333333333333,0.0,0.0
2025-10-10,Utilities,0.0066832241799591,0.2728,0.3185185185185186,8.600000000000001,5.683333333333335,28.0,28.0,21.83333333333333,14.0,12.0,1.0,9.333333333333332,10.5,1.0
2025-10-13,Banking,-0.0032654492369474,0.5561284131553694,0.5457142857142857,19.1,15.178333333333333,35.0,35.0,27.29285714285714,29.0,5.0,1.0,23.45952380952381,2.833333333333333,1.0
2025-10-13,ConsumerDiscretionary,-0.0049258218760149,0.2230470016207455,0.2043478260869564,9.4,8.191666666666666,47.0,47.0,37.72619047619048,24.0,11.0,11.0,20.226190476190474,7.666666666666666,8.833333333333332
2025-10-13,ConsumerStaples,0.0127856577222941,0.3908349197715529,0.344,8.6,6.843333333333334,25.0,25.0,17.50952380952381,15.0,6.0,4.0,11.50952380952381,3.0,3.0
2025-10-13,Energy,-0.0093614099894157,0.306896551724138,0.2307692307692307,3.0,2.9666666666666672,14.0,14.0,10.666666666666666,5.0,7.0,1.0,4.5,4.833333333333333,0.3333333333333333
2025-10-13,Healthcare,-0.0063874249512391,-0.1893617021276595,-0.0999999999999999,-0.5999999999999999,-0.89,7.0,7.0,5.7,1.0,1.0,4.0,0.2,1.0,3.5
2025-10-13,IndustrialLogistics,-0.0111726986079273,0.5421568627450981,0.53125,8.5,6.583333333333334,19.0,19.0,15.142857142857142,12.0,4.0,0.0,9.30952380952381,2.833333333333333,0.0
2025-10-13,RealEstate,0.0350284368647072,0.622613721103654,0.609090909090909,20.1,15.903333333333334,43.0,43.0,35.542857142857144,28.0,4.0,1.0,22.20952380952381,2.333333333333333,1.0
2025-10-13,SteelMaterials,-0.0211538229854357,0.6365928975810602,0.6090909090909091,6.7,2.9450000000000003,11.0,11.0,4.626190476190477,9.0,1.0,1.0,3.959523809523809,0.3333333333333333,0.3333333333333333
2025-10-13,Technology,-0.016971098369265,0.42831577611372,0.4366666666666666,13.1,8.035,31.0,31.0,19.25952380952381,21.0,8.0,1.0,12.592857142857143,5.833333333333333,0.3333333333333333
2025-10-13,Utilities,-0.0141796115537493,0.3352045670789723,0.2937499999999999,14.099999999999998,11.743333333333332,50.0,50.0,36.53333333333333,25.0,18.0,5.0,20.03333333333333,12.333333333333332,2.6666666666666665
2025-10-14,Banking,-0.0139100243717174,0.6076923076923078,0.58125,9.3,7.9,16.0,16.0,13.0,13.0,1.0,2.0,10.666666666666666,0.3333333333333333,2.0
2025-10-14,ConsumerDiscretionary,0.0036133555255796,0.2989988876529476,0.3238095238095237,6.799999999999999,4.479999999999999,22.0,22.0,15.483333333333334,12.0,6.0,3.0,8.4,3.583333333333333,3.0
2025-10-14,ConsumerStaples,-0.0163559659428157,0.2850202429149798,0.3636363636363636,4.0,2.346666666666667,11.0,11.0,8.233333333333333,7.0,3.0,1.0,4.733333333333333,2.5,1.0
2025-10-14,Energy,-0.0123904048823227,0.3733333333333333,0.2799999999999999,1.4,1.4,8.0,8.0,5.75,2.0,3.0,0.0,2.0,1.75,0.0
2025-10-14,Healthcare,-0.0036597758919226,0.2,0.2,0.2,0.2,1.0,1.0,1.0,1.0,0.0,0.0,1.0,0.0,0.0
2025-10-14,IndustrialLogistics,0.0020823882070997,0.5360248447204969,0.5,4.0,2.8766666666666665,10.0,10.0,6.866666666666666,6.0,2.0,0.0,4.033333333333333,1.3333333333333333,0.0
2025-10-14,RealEstate,0.0077689473205832,0.4996987951807229,0.525,8.4,5.53,25.0,25.0,18.566666666666663,13.0,3.0,0.0,8.566666666666666,2.5,0.0
2025-10-14,SteelMaterials,-0.0215222220637777,0.6970930232558139,0.6666666666666666,6.0,3.9966666666666666,9.0,9.0,5.733333333333333,8.0,1.0,0.0,5.233333333333333,0.5,0.0
2025-10-14,Technology,-0.0144093074425026,0.4033573141486811,0.375,4.5,2.803333333333333,13.0,13.0,7.949999999999999,8.0,3.0,1.0,4.866666666666666,1.0833333333333333,1.0
2025-10-14,Utilities,-0.006530296651294,0.5293413173652695,0.438095238095238,9.2,7.366666666666666,22.0,22.0,14.416666666666666,15.0,6.0,0.0,11.5,2.4166666666666665,0.0
2025-10-15,Banking,-0.0028585344794333,0.6369565217391304,0.5461538461538462,7.1000000000000005,7.325,13.0,13.0,11.5,11.0,1.0,1.0,11.0,0.25,0.25
2025-10-15,ConsumerDiscretionary,0.0094568084684003,0.1881081081081081,0.215,4.300000000000001,2.9,22.0,22.0,17.416666666666664,11.0,4.0,5.0,8.166666666666666,2.75,4.5
2025-10-15,ConsumerStaples,-0.0006346631808951,-0.3999999999999999,-0.26,-1.3,-1.4333333333333331,7.0,7.0,5.583333333333333,1.0,1.0,3.0,0.3333333333333333,0.25,3.0
2025-10-15,Energy,-0.0094357002657016,0.1959183673469388,0.26,2.6000000000000005,1.6000000000000003,11.0,11.0,9.166666666666666,6.0,2.0,2.0,4.166666666666667,2.0,2.0
2025-10-15,Healthcare,0.0096095607473755,0.1,0.1,0.1,0.1,1.0,1.0,1.0,1.0,0.0,0.0,1.0,0.0,0.0
2025-10-15,IndustrialLogistics,0.0048941095729237,0.3742268041237114,0.2799999999999999,2.8,3.0250000000000004,11.0,11.0,8.583333333333332,5.0,3.0,2.0,5.0,1.8333333333333333,1.25
2025-10-15,RealEstate,-0.0095444721967207,0.0519999999999999,0.0624999999999999,0.4999999999999999,0.3249999999999999,16.0,16.0,13.75,3.0,2.0,3.0,2.5,1.5,2.25
2025-10-15,SteelMaterials,0.0007046103394683,0.0499999999999999,0.0571428571428571,0.4000000000000001,0.3,7.0,7.0,6.0,4.0,0.0,3.0,3.5,0.0,2.5
2025-10-15,Technology,-0.0221216831590392,-0.1693877551020408,-0.13125,-2.1000000000000005,-2.075,17.0,17.0,12.75,5.0,3.0,8.0,3.6666666666666665,1.8333333333333333,6.75
2025-10-15,Utilities,-0.0014781985194034,0.2188034188034188,0.18,2.7,2.1333333333333333,16.0,16.0,10.25,7.0,6.0,2.0,4.666666666666666,3.583333333333333,1.5
2025-10-16,Banking,-0.0005366462091171,0.3685185185185184,0.2818181818181818,3.1,3.3166666666666664,11.0,11.0,9.0,6.0,2.0,3.0,6.0,1.3333333333333333,1.6666666666666663
2025-10-16,ConsumerDiscretionary,0.0271791968397448,0.3144654088050315,0.2647058823529412,4.5,4.166666666666667,17.0,17.0,13.25,10.0,4.0,3.0,8.833333333333332,2.25,2.1666666666666665
2025-10-16,ConsumerStaples,0.0251953787476539,0.4266666666666666,0.3166666666666666,1.9,1.6,6.0,6.0,3.75,3.0,2.0,1.0,2.333333333333333,1.25,0.1666666666666666
2025-10-16,Energy,-0.0017439832577607,0.1945205479452054,0.2222222222222222,2.0,1.1833333333333331,9.0,9.0,6.083333333333333,4.0,4.0,1.0,2.833333333333333,2.25,1.0
2025-10-16,Healthcare,-0.0029805615206533,0.7,0.7,1.4,1.4,2.0,2.0,2.0,2.0,0.0,0.0,2.0,0.0,0.0
2025-10-16,IndustrialLogistics,-0.0078292832970198,0.3999999999999999,0.3999999999999999,2.8,2.333333333333333,8.0,8.0,6.833333333333333,4.0,3.0,0.0,3.333333333333333,2.5,0.0
2025-10-16,RealEstate,0.0143261860849103,0.4491803278688525,0.3916666666666666,4.7,4.566666666666666,19.0,19.0,17.166666666666664,8.0,2.0,2.0,7.5,2.0,0.6666666666666666
2025-10-16,SteelMaterials,0.0097853677894319,0.4774193548387097,0.3833333333333333,2.3,2.466666666666667,6.0,6.0,5.166666666666666,4.0,1.0,1.0,4.0,1.0,0.1666666666666666
2025-10-16,Technology,-0.0040394353098088,0.2692307692307692,0.2499999999999999,3.5,2.916666666666667,14.0,14.0,10.833333333333334,8.0,2.0,4.0,6.833333333333333,0.8333333333333333,3.1666666666666665
2025-10-16,Utilities,-0.0019867696614975,0.2702290076335877,0.2533333333333333,3.8,2.95,17.0,17.0,12.916666666666666,8.0,6.0,1.0,6.333333333333333,3.583333333333333,1.0
2025-10-17,Banking,-0.0211000497467643,0.3907335907335907,0.3461538461538461,4.5,4.216666666666667,13.0,13.0,10.791666666666666,9.0,1.0,3.0,8.166666666666666,0.125,2.5
2025-10-17,ConsumerDiscretionary,-0.0120896147056167,0.4783599088838269,0.4291666666666667,10.300000000000002,8.75,29.0,29.0,22.291666666666664,17.0,3.0,4.0,13.833333333333332,1.4583333333333333,3.0
2025-10-17,ConsumerStaples,-0.0134769636777922,0.4748538011695907,0.4454545454545455,4.9,3.3833333333333337,11.0,11.0,7.125,9.0,1.0,1.0,6.5,0.125,0.5
2025-10-17,Energy,-0.010103842394106,0.0404761904761904,0.1222222222222222,1.1,0.2833333333333334,9.0,9.0,7.0,5.0,1.0,3.0,3.0,1.0,3.0
2025-10-17,Healthcare,-0.0090094486289011,0.0,0.0,0.0,0.0,2.0,2.0,2.0,0.0,2.0,0.0,0.0,2.0,0.0
2025-10-17,IndustrialLogistics,-0.0012535532113901,0.4691358024691358,0.457142857142857,6.399999999999999,4.75,14.0,14.0,10.125,10.0,4.0,0.0,7.0,3.125,0.0
2025-10-17,RealEstate,-0.0235795996670337,0.5185185185185185,0.4,1.6,0.5833333333333333,10.0,10.0,6.625,3.0,1.0,0.0,1.0,0.125,0.0
2025-10-17,SteelMaterials,-0.0014736106471735,0.3252747252747253,0.35,2.1,1.2333333333333334,6.0,6.0,3.7916666666666665,3.0,3.0,0.0,1.6666666666666663,2.125,0.0
2025-10-17,Technology,-0.010942565948758,0.5252525252525252,0.3874999999999999,3.1,2.1666666666666665,9.0,9.0,5.125,5.0,3.0,0.0,3.1666666666666665,0.9583333333333331,0.0
2025-10-17,Utilities,-0.0138687683814526,0.276078431372549,0.28125,4.5,2.933333333333333,17.0,17.0,11.125,7.0,6.0,3.0,4.666666666666666,3.9583333333333335,2.0
2025-10-20,Banking,-0.0562482374568552,0.4063439065108514,0.3,8.100000000000001,8.692857142857143,27.0,27.0,21.392857142857142,14.0,9.0,4.0,13.5,5.75,2.142857142857143
2025-10-20,ConsumerDiscretionary,-0.0604077030811787,0.3248953059566223,0.2979591836734694,14.6,12.376190476190477,52.0,52.0,39.92619047619048,29.0,12.0,8.0,24.166666666666664,7.95,5.976190476190476
2025-10-20,ConsumerStaples,-0.0538446077357272,0.1891940730032526,0.1333333333333333,2.4,2.4928571428571438,19.0,19.0,14.176190476190476,8.0,4.0,6.0,6.5,3.2,3.4761904761904763
2025-10-20,Energy,-0.0359335749709406,0.0472589792060491,0.037037037037037,1.0,0.8928571428571429,33.0,33.0,23.55952380952381,6.0,13.0,8.0,4.666666666666667,8.583333333333332,5.642857142857142
2025-10-20,Healthcare,-0.0189488526424958,0.1542857142857142,0.1714285714285714,1.2,0.9,8.0,8.0,6.333333333333333,2.0,4.0,1.0,1.3333333333333333,4.0,0.5
2025-10-20,IndustrialLogistics,-0.048871656773122,0.3238636363636363,0.1875,1.5,1.9,11.0,11.0,8.866666666666667,3.0,4.0,1.0,3.0,2.533333333333333,0.3333333333333333
2025-10-20,RealEstate,-0.0609476692153955,0.1316037735849056,0.0699999999999999,1.3999999999999997,1.9928571428571429,32.0,32.0,24.80952380952381,9.0,2.0,9.0,7.833333333333333,1.3333333333333333,5.976190476190476
2025-10-20,SteelMaterials,-0.0685033817346084,0.5574912891986062,0.3142857142857142,2.2,2.6666666666666665,8.0,8.0,5.783333333333333,4.0,2.0,1.0,4.0,0.45,0.3333333333333333
2025-10-20,Technology,0.0089955492739789,0.4157480314960629,0.3307692307692307,8.6,7.542857142857142,27.0,27.0,19.142857142857142,15.0,8.0,3.0,12.166666666666666,4.833333333333333,1.1428571428571428
2025-10-20,Utilities,-0.0480292675775691,0.2400174876129408,0.2106382978723404,9.9,7.8428571428571425,49.0,49.0,34.009523809523806,19.0,20.0,8.0,14.833333333333332,11.366666666666664,6.476190476190476
2025-10-21,Banking,0.0115753261117165,0.401840490797546,0.26875,4.3,5.458333333333333,16.0,16.0,13.583333333333332,11.0,0.0,5.0,10.5,0.0,3.083333333333333
2025-10-21,ConsumerDiscretionary,0.0219446579162724,0.1548717948717948,0.1473684210526315,2.8,2.5166666666666666,20.0,20.0,17.25,7.0,9.0,3.0,6.25,7.666666666666666,2.333333333333333
2025-10-21,ConsumerStaples,-0.00333636942285,0.197560975609756,-0.0833333333333333,-0.5000000000000002,0.6749999999999999,7.0,7.0,4.416666666666666,2.0,1.0,3.0,1.5,1.0,0.9166666666666664
2025-10-21,Energy,0.0149487648806333,-0.2466165413533834,-0.1785714285714285,-2.5,-2.7333333333333334,15.0,15.0,12.083333333333332,3.0,5.0,6.0,1.75,4.5,4.833333333333333
2025-10-21,Healthcare,0.0107595143034642,,,,,,,,,,,,,
2025-10-21,IndustrialLogistics,0.0263347347330926,0.3635593220338983,0.3166666666666666,3.8,3.575,13.0,13.0,10.833333333333332,6.0,3.0,3.0,5.25,2.333333333333333,2.25
2025-10-21,RealEstate,0.0007791839123895,-0.1489795918367346,-0.3333333333333333,-2.0,-0.6083333333333332,15.0,15.0,13.083333333333332,1.0,1.0,4.0,1.0,1.0,2.083333333333333
2025-10-21,SteelMaterials,-0.0124734692068811,0.18,-0.2333333333333333,-0.7,0.3000000000000001,3.0,3.0,1.6666666666666663,1.0,0.0,2.0,1.0,0.0,0.6666666666666666
2025-10-21,Technology,0.0458374303043792,0.516083916083916,0.4812499999999999,7.699999999999999,6.15,16.0,16.0,11.916666666666666,11.0,4.0,1.0,8.75,2.1666666666666665,1.0
2025-10-21,Utilities,0.0167259455482715,0.2253164556962025,0.1529411764705882,2.6,2.966666666666667,18.0,18.0,14.166666666666666,7.0,7.0,3.0,6.0,5.333333333333333,1.8333333333333333
2025-10-22,Banking,0.0066881134874747,0.6265957446808511,0.6470588235294117,10.999999999999998,9.816666666666666,17.0,17.0,15.666666666666666,15.0,1.0,1.0,13.666666666666666,1.0,1.0
2025-10-22,ConsumerDiscretionary,0.022026462961581,0.1195230998509686,0.1736842105263157,3.3,1.9095238095238092,20.0,20.0,16.976190476190474,7.0,9.0,3.0,4.976190476190476,8.5,2.5
2025-10-22,ConsumerStaples,0.0057063424032559,0.3289940828402366,0.4357142857142856,6.1,3.3095238095238093,14.0,14.0,10.05952380952381,7.0,6.0,1.0,4.059523809523809,5.0,1.0
2025-10-22,Energy,0.028483188047016,-0.0326732673267326,0.0249999999999999,0.1999999999999999,-0.1571428571428572,9.0,9.0,5.809523809523809,1.0,5.0,2.0,0.1428571428571428,3.833333333333333,0.8333333333333333
2025-10-22,Healthcare,0.0148123544901749,0.8,0.8,0.8,0.8,1.0,1.0,1.0,1.0,0.0,0.0,1.0,0.0,0.0
2025-10-22,IndustrialLogistics,0.0210423913224728,0.2622222222222222,0.19,1.9,1.9666666666666668,15.0,15.0,12.0,5.0,2.0,3.0,4.166666666666666,1.5,1.8333333333333333
2025-10-22,RealEstate,-0.0035617574244971,0.2847651775486827,0.3857142857142857,5.4,2.9595238095238097,24.0,24.0,19.892857142857142,8.0,3.0,3.0,5.559523809523809,1.8333333333333333,3.0
2025-10-22,SteelMaterials,0.0030226090596563,0.7274939172749393,0.7000000000000001,5.6000000000000005,3.5595238095238098,9.0,9.0,5.892857142857142,7.0,0.0,1.0,4.559523809523809,0.0,0.3333333333333333
2025-10-22,Technology,0.0071281460563717,0.2175886524822695,0.4416666666666667,5.300000000000001,1.826190476190476,12.0,12.0,8.392857142857142,7.0,4.0,1.0,3.392857142857143,4.0,1.0
2025-10-22,Utilities,0.0286421433429926,0.3038674033149171,0.4,3.6,1.309523809523809,11.0,11.0,6.309523809523809,4.0,4.0,1.0,1.476190476190476,2.333333333333333,0.5
2025-10-23,Banking,-0.0068757551647086,0.2811428571428571,0.2428571428571428,5.1,4.1,23.0,23.0,15.416666666666668,11.0,6.0,4.0,9.0,2.583333333333333,3.0
2025-10-23,ConsumerDiscretionary,0.0222254130379928,0.2901098901098901,0.2888888888888888,5.199999999999999,4.4,18.0,18.0,15.166666666666666,10.0,6.0,2.0,8.5,4.666666666666666,2.0
2025-10-23,ConsumerStaples,0.0032068091180688,-0.1,-0.0307692307692307,-0.4,-0.8500000000000001,13.0,13.0,8.5,3.0,7.0,3.0,2.0,4.0,2.5
2025-10-23,Energy,0.0095352456173474,0.232258064516129,0.3,2.7,1.2,11.0,11.0,7.166666666666666,3.0,6.0,0.0,1.5,3.6666666666666665,0.0
2025-10-23,Healthcare,-0.0009984072186556,0.9,0.9,1.8,1.8,3.0,3.0,3.0,2.0,0.0,0.0,2.0,0.0,0.0
2025-10-23,IndustrialLogistics,0.0239466519571189,0.0131868131868131,0.0111111111111111,0.0999999999999999,0.0999999999999999,11.0,11.0,9.583333333333332,1.0,7.0,1.0,1.0,5.583333333333334,1.0
2025-10-23,RealEstate,0.0304500166384933,0.16875,0.2416666666666667,2.9000000000000004,1.35,20.0,20.0,14.833333333333332,6.0,3.0,3.0,4.0,1.4999999999999998,2.5
2025-10-23,SteelMaterials,-0.007890220488242,0.3910112359550562,0.3222222222222222,2.9000000000000004,2.9000000000000004,9.0,9.0,7.416666666666666,5.0,3.0,1.0,5.0,1.4166666666666663,1.0
2025-10-23,Technology,-0.0210032097693227,-0.0382978723404255,0.2125,1.7,-0.15,8.0,8.0,3.9166666666666665,3.0,4.0,1.0,1.0,1.9166666666666663,1.0
2025-10-23,Utilities,0.0015755971513203,0.0042857142857142,-0.0294117647058823,-0.5,0.0499999999999999,19.0,19.0,13.0,1.0,13.0,3.0,1.0,8.666666666666666,2.0
2025-10-24,Banking,-0.0009406099795752,0.2909090909090909,0.2666666666666667,2.4000000000000004,2.4000000000000004,9.0,9.0,8.25,4.0,3.0,2.0,4.0,2.25,2.0
2025-10-24,ConsumerDiscretionary,0.0148117860762024,0.3469387755102041,0.34,8.5,8.5,26.0,26.0,25.5,12.0,11.0,2.0,12.0,10.5,2.0
2025-10-24,ConsumerStaples,0.0113002100080999,0.0476190476190476,0.1666666666666666,1.0,0.25,6.0,6.0,5.25,2.0,3.0,1.0,1.25,3.0,1.0
2025-10-24,Energy,0.0002448116860892,-0.0545454545454545,-0.05,-0.3,-0.3,7.0,7.0,6.0,2.0,2.0,2.0,2.0,1.5,2.0
2025-10-24,Healthcare,-0.004681456314282,0.75,0.75,1.5,1.5,2.0,2.0,2.0,2.0,0.0,0.0,2.0,0.0,0.0
2025-10-24,IndustrialLogistics,-0.0060298939948552,0.6533333333333334,0.5333333333333333,3.2,2.45,7.0,7.0,4.75,4.0,2.0,0.0,3.0,0.75,0.0
2025-10-24,RealEstate,0.0070277314827195,0.2812499999999999,0.3399999999999999,3.3999999999999995,2.25,15.0,15.0,12.5,7.0,1.0,2.0,5.75,0.25,2.0
2025-10-24,SteelMaterials,-0.0135125713994095,0.2235294117647059,0.34,1.7000000000000002,0.95,5.0,5.0,4.25,3.0,1.0,1.0,2.25,1.0,1.0
2025-10-24,Technology,0.0365315341853136,-0.1363636363636363,0.0,0.0,-0.75,7.0,7.0,5.5,2.0,3.0,2.0,1.25,2.25,2.0
2025-10-24,Utilities,0.0008241758241758,0.3625,0.3357142857142857,4.699999999999999,4.35,14.0,14.0,12.0,7.0,7.0,0.0,6.5,5.5,0.0
2025-10-27,Banking,-0.0133677561407027,0.4290171606864275,0.2857142857142857,8.0,9.166666666666668,28.0,28.0,21.366666666666667,15.0,8.0,5.0,13.75,5.333333333333333,2.283333333333333
2025-10-27,ConsumerDiscretionary,-0.0282047228155386,0.2244718309859155,0.2083333333333333,10.0,8.5,50.0,50.0,39.36666666666666,21.0,19.0,8.0,16.166666666666664,15.833333333333332,5.866666666666667
2025-10-27,ConsumerStaples,-0.0074806974985991,-0.020322354590049,-0.1413793103448276,-4.1000000000000005,-0.4833333333333331,30.0,30.0,24.28333333333333,9.0,7.0,13.0,8.5,6.5,8.783333333333333
2025-10-27,Energy,-0.0047354127908582,0.275,0.24375,3.9,3.4833333333333334,18.0,18.0,14.166666666666666,8.0,6.0,2.0,6.833333333333333,3.833333333333333,2.0
2025-10-27,Healthcare,0.0092079206056285,0.2799999999999999,0.2333333333333333,0.7,0.7,3.0,3.0,2.5,1.0,2.0,0.0,1.0,1.5,0.0
2025-10-27,IndustrialLogistics,-0.0140127147269064,0.4491803278688524,0.4049999999999999,8.1,6.85,21.0,21.0,16.25,12.0,7.0,1.0,9.833333333333332,5.083333333333333,0.3333333333333333
2025-10-27,RealEstate,-0.0424174840001572,0.4617834394904459,0.3,6.3,7.250000000000001,33.0,33.0,27.2,14.0,3.0,4.0,11.75,3.0,0.95
2025-10-27,SteelMaterials,0.0083921905445306,0.5545454545454546,0.4583333333333333,5.5,5.083333333333333,12.0,12.0,9.166666666666666,8.0,2.0,2.0,6.75,1.25,1.1666666666666663
2025-10-27,Technology,0.0083628696998753,0.3743961352657005,0.2214285714285714,6.199999999999999,7.749999999999999,28.0,28.0,20.7,15.0,7.0,6.0,12.75,5.5,2.45
2025-10-27,Utilities,0.0102131159048267,0.2962962962962963,0.3,12.3,8.0,42.0,42.0,28.0,19.0,19.0,3.0,12.666666666666666,12.166666666666666,2.1666666666666665
2025-10-28,Banking,0.0127327668712618,0.5028571428571429,0.3714285714285714,5.2,5.866666666666666,14.0,14.0,11.666666666666666,8.0,5.0,1.0,8.0,3.333333333333333,0.3333333333333333
2025-10-28,ConsumerDiscretionary,0.0267009895425813,0.4270742358078602,0.4130434782608695,9.5,8.149999999999999,23.0,23.0,19.08333333333333,15.0,4.0,4.0,12.5,3.333333333333333,3.25
2025-10-28,ConsumerStaples,0.0044786414351657,0.171830985915493,0.0684210526315789,1.3000000000000005,2.440000000000001,19.0,19.0,14.2,8.0,6.0,5.0,6.2,5.0,3.0
2025-10-28,Energy,0.0045873954914206,0.4399999999999999,0.3999999999999999,1.6,1.4666666666666666,4.0,4.0,3.333333333333333,3.0,1.0,0.0,2.333333333333333,1.0,0.0
2025-10-28,Healthcare,0.0050368208975962,,,,,,,,,,,,,
2025-10-28,IndustrialLogistics,0.0326018160511853,0.5713692946058091,0.51,5.1,4.59,14.0,14.0,11.033333333333331,8.0,2.0,0.0,6.7,1.3333333333333333,0.0
2025-10-28,RealEstate,0.0011966148427869,-0.0736486486486486,-0.2066666666666666,-3.1,-0.7266666666666668,16.0,16.0,10.366666666666667,5.0,4.0,6.0,3.5333333333333337,3.0,3.333333333333333
2025-10-28,SteelMaterials,0.022818080986637,-0.2571428571428572,-0.35,-2.1,-1.35,6.0,6.0,5.25,1.0,1.0,4.0,1.0,1.0,3.25
2025-10-28,Technology,0.0131863377661917,0.405078125,0.1928571428571428,2.7,3.456666666666667,14.0,14.0,8.533333333333333,8.0,2.0,4.0,5.7,1.0,1.8333333333333333
2025-10-28,Utilities,0.012101180397949,0.4324723247232472,0.4384615384615384,5.7,3.9066666666666663,14.0,14.0,9.533333333333331,8.0,4.0,1.0,5.033333333333333,3.0,1.0
2025-10-29,Banking,0.014632167058115,0.5871559633027523,0.5750000000000001,9.2,8.533333333333333,16.0,16.0,14.533333333333331,13.0,2.0,1.0,12.333333333333332,1.2,1.0
2025-10-29,ConsumerDiscretionary,-0.0003201922355795,0.2141802067946824,0.25,5.500000000000001,4.142857142857143,27.0,27.0,23.84285714285714,11.0,7.0,4.0,9.642857142857142,5.7,4.0
2025-10-29,ConsumerStaples,0.0036505821707852,0.6785185185185185,0.6636363636363636,7.3,6.542857142857143,11.0,11.0,9.642857142857142,8.0,2.0,1.0,7.142857142857142,2.0,0.5
2025-10-29,Energy,0.010519173338005,0.1777777777777777,0.16,0.8,0.8,6.0,6.0,5.5,1.0,4.0,0.0,1.0,3.5,0.0
2025-10-29,Healthcare,-0.0056927844460383,-0.25,-0.25,-1.0,-1.0,4.0,4.0,4.0,1.0,1.0,2.0,1.0,1.0,2.0
2025-10-29,IndustrialLogistics,0.025268495685103,0.7277777777777779,0.7285714285714286,5.1000000000000005,3.742857142857143,11.0,11.0,8.642857142857142,6.0,1.0,0.0,4.642857142857142,0.5,0.0
2025-10-29,RealEstate,-0.0184856010587481,0.5204981837052414,0.6,7.8,4.776190476190476,21.0,21.0,17.176190476190477,9.0,3.0,1.0,5.976190476190476,2.2,1.0
2025-10-29,SteelMaterials,0.0095634085793066,0.8502673796791445,0.7714285714285714,5.4,4.542857142857143,7.0,7.0,5.342857142857143,6.0,1.0,0.0,5.142857142857142,0.2,0.0
2025-10-29,Technology,-0.0027043333683081,0.3084522502744237,0.4384615384615384,5.7,2.676190476190476,13.0,13.0,8.676190476190476,7.0,5.0,1.0,3.976190476190476,3.7,1.0
2025-10-29,Utilities,0.0389367391205062,0.3075268817204301,0.3111111111111111,2.8000000000000003,2.0428571428571427,12.0,12.0,9.642857142857142,4.0,4.0,1.0,3.142857142857143,3.0,0.5
2025-10-30,Banking,-0.0026568068585759,0.5864406779661017,0.5875,9.4,8.65,16.0,16.0,14.75,12.0,3.0,1.0,11.25,2.5,1.0
2025-10-30,ConsumerDiscretionary,0.0031831889587552,0.289568345323741,0.295,5.9,5.366666666666667,21.0,21.0,19.53333333333333,11.0,6.0,3.0,10.333333333333332,5.2,3.0
2025-10-30,ConsumerStaples,-0.0022387018398242,0.527027027027027,0.5166666666666667,6.2,5.2,12.0,12.0,9.866666666666667,8.0,3.0,1.0,6.666666666666666,2.2,1.0
2025-10-30,Energy,-0.0056000686613543,0.4888888888888889,0.44,2.2,2.2,11.0,11.0,9.5,3.0,2.0,0.0,3.0,1.5,0.0
2025-10-30,Healthcare,-0.0091653869982958,0.8,0.8,0.8,0.8,2.0,2.0,2.0,1.0,0.0,0.0,1.0,0.0,0.0
2025-10-30,IndustrialLogistics,0.0099950733299878,0.5570698466780238,0.5166666666666666,6.199999999999999,5.449999999999999,14.0,14.0,11.283333333333331,8.0,3.0,1.0,7.25,1.5333333333333332,1.0
2025-10-30,RealEstate,-0.0054052438585497,0.5360501567398118,0.5166666666666666,9.3,8.549999999999999,31.0,31.0,27.45,12.0,4.0,2.0,11.25,2.7,2.0
2025-10-30,SteelMaterials,-0.0173583287926729,0.6356275303643725,0.5571428571428572,3.9,2.6166666666666663,7.0,7.0,4.116666666666666,5.0,2.0,0.0,3.583333333333333,0.5333333333333333,0.0
2025-10-30,Technology,0.041142659487465,0.3534883720930232,0.3888888888888889,3.5,2.533333333333333,9.0,9.0,7.166666666666666,4.0,5.0,0.0,2.833333333333333,4.333333333333333,0.0
2025-10-30,Utilities,0.0048397112321868,0.1857142857142857,0.225,2.7,1.7333333333333334,12.0,12.0,9.333333333333334,5.0,6.0,1.0,3.8333333333333335,4.5,1.0
2025-10-31,Banking,-0.0113511393758231,0.6382978723404256,0.5066666666666667,7.6,8.0,15.0,15.0,12.533333333333331,12.0,2.0,1.0,11.5,0.8333333333333333,0.2
2025-10-31,ConsumerDiscretionary,-0.0117149740554658,0.4467005076142132,0.3999999999999999,9.2,8.8,24.0,24.0,20.7,13.0,6.0,4.0,11.5,5.5,2.7
2025-10-31,ConsumerStaples,0.0052115194162608,0.1172069825436409,-0.0062499999999999,-0.0999999999999998,1.5666666666666669,16.0,16.0,13.366666666666667,5.0,5.0,6.0,5.0,4.333333333333333,4.033333333333333
2025-10-31,Energy,0.0336543320811473,0.125,0.125,0.5,0.5,4.0,4.0,4.0,2.0,1.0,1.0,2.0,1.0,1.0
2025-10-31,Healthcare,0.0106605351170567,0.0,0.0,0.0,0.0,1.0,1.0,1.0,0.0,1.0,0.0,0.0,1.0,0.0
2025-10-31,IndustrialLogistics,-0.0152186475645711,0.6346153846153846,0.3571428571428571,2.5,3.3,8.0,8.0,5.7,5.0,0.0,2.0,4.5,0.0,0.7
2025-10-31,RealEstate,-0.0404711762684728,0.796137339055794,0.6411764705882353,10.9,12.366666666666667,24.0,24.0,22.03333333333333,14.0,1.0,2.0,14.0,1.0,0.5333333333333333
2025-10-31,SteelMaterials,0.0006107911875694,0.55,0.55,4.4,4.4,8.0,8.0,8.0,6.0,0.0,2.0,6.0,0.0,2.0
2025-10-31,Technology,0.0263324837705808,0.4661290322580645,0.3333333333333333,4.0,4.816666666666666,12.0,12.0,10.333333333333332,7.0,3.0,2.0,6.5,3.0,0.8333333333333333
2025-10-31,Utilities,-0.0071972931798638,0.41625,0.4235294117647058,7.199999999999999,5.550000000000001,17.0,17.0,13.333333333333332,10.0,7.0,0.0,8.0,5.333333333333333,0.0
2025-11-03,Banking,-0.0076901993669541,0.2539007092198581,0.1928571428571428,5.4,5.966666666666667,28.0,28.0,23.5,15.0,7.0,6.0,13.333333333333332,5.833333333333334,4.333333333333333
2025-11-03,ConsumerDiscretionary,-0.0103960110948331,0.1763440860215054,0.1135135135135135,4.2,5.466666666666667,41.0,41.0,34.5,12.0,20.0,5.0,11.0,17.166666666666664,2.833333333333333
2025-11-03,ConsumerStaples,-0.009299091666916,0.275098814229249,0.2538461538461538,6.6,5.8,26.0,26.0,21.08333333333333,11.0,11.0,4.0,9.75,7.833333333333332,3.5
2025-11-03,Energy,0.0048101302363472,0.1221719457013574,0.1347826086956521,3.1,2.25,27.0,27.0,21.916666666666664,8.0,11.0,4.0,6.25,9.166666666666666,3.0
2025-11-03,Healthcare,-0.0068211505608253,0.8,0.8,0.8,0.8,1.0,1.0,1.0,1.0,0.0,0.0,1.0,0.0,0.0
2025-11-03,IndustrialLogistics,0.0072603485655796,0.6128205128205128,0.3941176470588234,6.699999999999999,7.966666666666666,21.0,21.0,17.0,11.0,4.0,2.0,10.5,2.1666666666666665,0.3333333333333332
2025-11-03,RealEstate,-0.0129970029200847,0.417557251908397,0.325,9.1,9.116666666666667,45.0,45.0,38.33333333333333,17.0,5.0,6.0,14.5,3.5,3.833333333333333
2025-11-03,SteelMaterials,-0.0039859083465946,0.2839506172839506,0.1545454545454545,1.7000000000000002,1.916666666666667,12.0,12.0,7.25,6.0,2.0,3.0,4.25,1.1666666666666663,1.3333333333333333
2025-11-03,Technology,-0.018012604199787,0.3441048034934498,0.237037037037037,6.4,6.566666666666666,29.0,29.0,20.58333333333333,11.0,13.0,3.0,9.083333333333332,8.666666666666668,1.3333333333333333
2025-11-03,Utilities,-0.0148879868343606,0.2121428571428571,0.2117647058823529,7.200000000000001,4.95,38.0,38.0,26.83333333333333,13.0,17.0,4.0,9.333333333333332,10.5,3.5
2025-11-04,Banking,0.0216568032097966,0.3724719101123596,0.23,2.3000000000000003,3.157142857142857,10.0,10.0,8.476190476190476,6.0,2.0,2.0,6.0,1.3333333333333333,1.1428571428571428
2025-11-04,ConsumerDiscretionary,-0.0033314602056571,0.4143051771117166,0.3523809523809523,7.399999999999999,7.2404761904761905,21.0,21.0,17.476190476190474,13.0,5.0,3.0,10.833333333333334,4.5,2.142857142857143
2025-11-04,ConsumerStaples,0.0125858898422075,0.3356756756756757,0.2461538461538461,3.2,2.9571428571428573,14.0,14.0,9.80952380952381,6.0,5.0,2.0,4.5,3.1666666666666665,1.1428571428571428
2025-11-04,Energy,0.0049322267402905,0.1018867924528302,-0.0428571428571428,-0.3,0.4499999999999999,9.0,9.0,6.416666666666666,1.0,5.0,1.0,1.0,3.1666666666666665,0.25
2025-11-04,Healthcare,-0.0121966227001127,0.54,0.5666666666666667,1.7,1.35,3.0,3.0,2.5,2.0,1.0,0.0,1.5,1.0,0.0
2025-11-04,IndustrialLogistics,-0.0120376388781396,0.3250361794500724,-0.0090909090909091,-0.1,2.673809523809524,11.0,11.0,8.226190476190476,5.0,2.0,4.0,5.0,2.0,1.226190476190476
2025-11-04,RealEstate,0.0280937099712676,0.2059405940594059,0.0499999999999999,0.7999999999999998,2.723809523809524,22.0,22.0,18.726190476190474,7.0,4.0,5.0,6.5,4.0,2.7261904761904763
2025-11-04,SteelMaterials,0.0291278009484673,0.731400966183575,0.4222222222222222,3.8,5.4071428571428575,9.0,9.0,7.392857142857142,7.0,0.0,2.0,7.0,0.0,0.3928571428571428
2025-11-04,Technology,-0.014635159180106,0.1614349775784753,-0.1375,-1.1,0.8571428571428574,8.0,8.0,5.309523809523809,3.0,2.0,3.0,2.333333333333333,2.0,0.976190476190476
2025-11-04,Utilities,0.0092198581560283,0.2525773195876289,0.2349999999999999,4.699999999999999,4.083333333333333,21.0,21.0,16.666666666666664,8.0,12.0,0.0,6.333333333333333,9.833333333333334,0.0
2025-11-05,Banking,0.0194902565591656,0.3594771241830065,0.51,5.1,2.75,10.0,10.0,7.65,8.0,1.0,1.0,5.65,1.0,1.0
2025-11-05,ConsumerDiscretionary,-0.0075245828379004,0.2768924302788845,0.3350000000000001,6.700000000000001,4.633333333333335,22.0,22.0,18.73333333333333,11.0,7.0,2.0,8.233333333333334,6.5,2.0
2025-11-05,ConsumerStaples,0.004597604549416,0.2468619246861924,0.3466666666666667,5.2,2.95,15.0,15.0,11.95,7.0,6.0,2.0,4.45,5.5,2.0
2025-11-05,Energy,0.0431482499732392,0.180722891566265,0.2,1.8,1.0,11.0,11.0,7.033333333333333,2.0,7.0,0.0,1.2,4.333333333333334,0.0
2025-11-05,Healthcare,0.0072919200917016,1.0,1.0,2.0,2.0,2.0,2.0,2.0,2.0,0.0,0.0,2.0,0.0,0.0
2025-11-05,IndustrialLogistics,-0.0061917076499012,0.44,0.49,4.9,3.850000000000001,10.0,10.0,8.75,6.0,4.0,0.0,4.75,4.0,0.0
2025-11-05,RealEstate,0.0159458575297178,0.3004484304932735,0.4428571428571428,6.199999999999999,3.35,19.0,19.0,16.15,10.0,1.0,3.0,7.15,1.0,3.0
2025-11-05,SteelMaterials,-0.0035382384505245,1.0,1.0,2.0,1.5,3.0,3.0,2.5,2.0,0.0,0.0,1.5,0.0,0.0
2025-11-05,Technology,-0.0071612667992184,0.7060439560439561,0.6,6.0,4.283333333333333,10.0,10.0,6.066666666666666,8.0,2.0,0.0,5.2333333333333325,0.8333333333333333,0.0
2025-11-05,Utilities,0.0107982265979786,0.0557692307692307,0.05,0.6000000000000001,0.4833333333333334,14.0,14.0,10.166666666666666,5.0,5.0,2.0,3.833333333333333,2.833333333333333,2.0
2025-11-06,Banking,-0.0054049596032991,0.5643265031911319,0.4705882352941176,7.999999999999999,7.999999999999999,17.0,17.0,14.176190476190476,11.0,6.0,0.0,11.0,3.176190476190476,0.0
2025-11-06,ConsumerDiscretionary,-0.0130656126264033,0.2305882352941176,0.2214285714285714,3.1,2.8,15.0,15.0,12.642857142857142,4.0,10.0,0.0,3.5,8.642857142857142,0.0
2025-11-06,ConsumerStaples,-0.0062207802571077,0.0357446808510638,0.0545454545454545,0.6000000000000001,0.3,11.0,11.0,8.392857142857142,2.0,8.0,1.0,1.5,5.892857142857142,1.0
2025-11-06,Energy,-0.0027611003859487,0.2789373814041746,0.1923076923076923,2.5,2.45,18.0,18.0,13.783333333333331,5.0,7.0,1.0,4.5,3.283333333333333,1.0
2025-11-06,Healthcare,0.0040853067442182,-0.7444444444444446,-0.66,-3.3000000000000003,-3.3500000000000005,5.0,5.0,4.5,1.0,0.0,4.0,0.5,0.0,4.0
2025-11-06,IndustrialLogistics,0.0139412164900934,0.4,0.3625,2.9,2.5,9.0,9.0,7.25,4.0,3.0,1.0,3.5,1.75,1.0
2025-11-06,RealEstate,-0.0062588801934078,0.6551794453507341,0.56,8.4,7.65,21.0,21.0,17.676190476190477,10.0,5.0,0.0,9.0,2.676190476190476,0.0
2025-11-06,SteelMaterials,-0.0082233398415414,0.3165829145728643,0.2799999999999999,1.4,0.9,5.0,5.0,2.8428571428571425,2.0,2.0,1.0,1.5,0.3428571428571428,1.0
2025-11-06,Technology,-0.0006874163825929,0.6981465136804944,0.5363636363636364,5.9,5.65,11.0,11.0,8.092857142857142,7.0,4.0,0.0,6.5,1.5928571428571427,0.0
2025-11-06,Utilities,-0.0086707560041488,0.028,0.06,0.6000000000000001,0.2,12.0,12.0,8.642857142857142,2.0,7.0,1.0,1.5,4.642857142857142,1.0
2025-11-07,Banking,-0.027829045269486,0.5323076923076924,0.3692307692307692,4.8,5.766666666666667,13.0,13.0,10.833333333333332,9.0,1.0,3.0,8.333333333333332,1.0,1.5
2025-11-07,ConsumerDiscretionary,-0.0275731238591838,0.3894878706199461,0.1470588235294117,2.5,4.816666666666667,18.0,18.0,12.866666666666667,8.0,4.0,5.0,7.5,2.833333333333333,2.033333333333333
2025-11-07,ConsumerStaples,-0.0110970351193015,-0.114516129032258,-0.1928571428571428,-2.7,-1.183333333333333,14.0,14.0,10.333333333333332,4.0,2.0,8.0,3.5,1.0,5.833333333333333
2025-11-07,Energy,-0.0029446542790831,0.1574074074074074,0.0428571428571428,0.6000000000000002,1.1333333333333333,15.0,15.0,8.2,6.0,4.0,4.0,3.0,3.0,1.2
2025-11-07,Healthcare,-0.0098644191754041,0.6666666666666666,0.6666666666666666,2.0,2.0,3.0,3.0,3.0,2.0,1.0,0.0,2.0,1.0,0.0
2025-11-07,IndustrialLogistics,-0.0321023216717358,0.6685714285714287,0.55,4.4,3.9,10.0,10.0,7.833333333333333,6.0,1.0,1.0,4.666666666666666,1.0,0.1666666666666666
2025-11-07,RealEstate,-0.048706258683811,0.4621513944223107,0.1615384615384615,2.1,3.8666666666666663,21.0,21.0,16.366666666666667,7.0,2.0,4.0,5.5,2.0,0.8666666666666665
2025-11-07,SteelMaterials,-0.0047246814048803,0.0566037735849056,-0.0999999999999999,-0.6,0.2,7.0,7.0,4.533333333333333,2.0,1.0,3.0,1.1666666666666663,1.0,1.3666666666666667
2025-11-07,Technology,0.0102388467405896,0.4312796208530806,0.175,2.1,3.033333333333333,13.0,13.0,8.033333333333333,7.0,2.0,3.0,5.166666666666666,1.3333333333333333,0.5333333333333332
2025-11-07,Utilities,-0.0204328757758379,0.3191919191919192,0.319047619047619,6.699999999999999,5.266666666666667,23.0,23.0,18.0,11.0,8.0,2.0,8.166666666666666,6.833333333333333,1.5
2025-11-10,Banking,-0.0105891642919068,0.363851203501094,0.1166666666666666,2.099999999999999,4.948809523809523,19.0,19.0,14.601190476190476,12.0,1.0,5.0,11.5,0.5,1.601190476190476
2025-11-10,ConsumerDiscretionary,0.0010643149498088,0.3204152249134948,0.2627906976744186,11.3,11.575,44.0,44.0,37.125,18.0,21.0,4.0,16.333333333333332,17.833333333333332,1.9583333333333333
2025-11-10,ConsumerStaples,-0.0076640042351678,0.2134852359916298,0.11875,3.8,5.465476190476191,38.0,38.0,31.101190476190474,16.0,5.0,11.0,13.833333333333332,3.833333333333333,7.934523809523809
2025-11-10,Energy,-0.0099658244240878,-0.0225250501002003,-0.1708333333333333,-4.1,-0.3345238095238092,26.0,26.0,16.851190476190474,5.0,11.0,8.0,3.8333333333333335,7.333333333333333,3.684523809523809
2025-11-10,Healthcare,0.003481223314815,-0.08,-0.08,-0.4000000000000001,-0.4000000000000001,6.0,6.0,5.5,2.0,0.0,3.0,2.0,0.0,3.0
2025-11-10,IndustrialLogistics,-0.0155335642666743,0.521239744758432,0.325,5.2,6.807142857142857,17.0,17.0,14.059523809523808,11.0,2.0,3.0,10.333333333333332,2.0,0.726190476190476
2025-11-10,RealEstate,-0.037599724262559,0.1895330938943047,-0.0466666666666666,-0.7000000000000002,2.198809523809524,27.0,27.0,22.601190476190474,6.0,3.0,6.0,6.0,2.5,3.1011904761904763
2025-11-10,SteelMaterials,-0.0020110258063079,0.3266247379454927,0.0272727272727272,0.3,2.782142857142857,11.0,11.0,8.517857142857142,6.0,0.0,5.0,6.0,0.0,2.517857142857143
2025-11-10,Technology,-0.0244847287589348,0.039847836424156,-0.11,-2.2,0.4988095238095243,20.0,20.0,12.517857142857142,6.0,6.0,8.0,4.166666666666667,4.0,4.351190476190476
2025-11-10,Utilities,-0.0103926775107979,0.3151873767258382,0.2724137931034482,7.9,6.658333333333333,30.0,30.0,22.125,17.0,11.0,1.0,13.0,8.0,0.125
2025-11-11,Banking,0.0094346198566328,0.59070796460177,0.3727272727272728,4.1000000000000005,4.45,11.0,11.0,7.533333333333332,8.0,1.0,2.0,6.7,0.3333333333333333,0.4999999999999999
2025-11-11,ConsumerDiscretionary,0.0197815161553947,0.3864734299516907,0.2583333333333333,6.2,8.0,24.0,24.0,20.700000000000003,11.0,10.0,3.0,10.5,9.5,0.7
2025-11-11,ConsumerStaples,0.026576200653667,0.2560240963855422,0.1428571428571428,2.0,2.833333333333333,15.0,15.0,11.566666666666666,5.0,6.0,3.0,4.2,5.5,1.3666666666666667
2025-11-11,Energy,-0.0047348092045238,0.3263888888888888,0.3888888888888889,3.5,2.35,11.0,11.0,8.7,4.0,5.0,0.0,2.7,4.5,0.0
2025-11-11,Healthcare,-0.0053285839583295,0.8,0.8,0.8,0.8,1.0,1.0,1.0,1.0,0.0,0.0,1.0,0.0,0.0
2025-11-11,IndustrialLogistics,0.0009161002814508,0.5913043478260869,0.32,1.6,2.2666666666666666,6.0,6.0,4.833333333333334,3.0,1.0,1.0,3.0,0.5,0.3333333333333333
2025-11-11,RealEstate,0.0126779929365995,0.4385964912280702,0.29375,4.7,5.0,21.0,21.0,16.4,11.0,2.0,3.0,8.7,2.0,0.7
2025-11-11,SteelMaterials,0.0050242127176378,0.1578947368421053,-0.24,-1.2000000000000002,0.3000000000000001,5.0,5.0,1.9,2.0,0.0,3.0,1.2,0.0,0.7
2025-11-11,Technology,-0.0107358542192013,0.328125,0.0416666666666666,0.5,2.8,12.0,12.0,8.533333333333333,4.0,5.0,3.0,4.0,3.8333333333333335,0.7
2025-11-11,Utilities,0.0009411415329643,0.2896551724137931,0.2333333333333333,1.4,1.4,7.0,7.0,5.833333333333333,2.0,4.0,0.0,2.0,2.833333333333333,0.0
2025-11-12,Banking,0.0104501275265205,0.5175438596491228,0.5769230769230769,7.499999999999999,5.9,14.0,14.0,12.4,11.0,1.0,1.0,9.4,1.0,1.0
2025-11-12,ConsumerDiscretionary,0.0189047828771407,0.2054433713784021,0.2391304347826087,5.5,3.9,23.0,23.0,18.98333333333333,8.0,14.0,1.0,6.4,11.583333333333334,1.0
2025-11-12,ConsumerStaples,0.0103793635866472,0.3342981186685962,0.4176470588235293,7.1,3.85,17.0,17.0,11.516666666666666,9.0,6.0,2.0,5.6,3.9166666666666665,2.0
2025-11-12,Energy,0.0066082995655034,0.3495145631067962,0.2916666666666667,3.5,3.0,14.0,14.0,10.083333333333334,4.0,8.0,0.0,3.5,5.083333333333333,0.0
2025-11-12,Healthcare,0.0052886390955544,-0.4,-0.4,-0.4,-0.2,1.0,1.0,0.5,0.0,0.0,1.0,0.0,0.0,0.5
2025-11-12,IndustrialLogistics,0.0155115560480305,0.3981693363844393,0.3699999999999999,3.6999999999999993,2.8999999999999995,11.0,11.0,8.283333333333333,6.0,3.0,1.0,5.2,1.0833333333333333,1.0
2025-11-12,RealEstate,0.0548835565579925,0.5677083333333331,0.6692307692307692,8.7,5.449999999999999,20.0,20.0,16.1,11.0,1.0,1.0,7.6,1.0,1.0
2025-11-12,SteelMaterials,0.0221363609693129,0.1704545454545454,0.4833333333333333,2.9,0.5000000000000001,6.0,6.0,2.9333333333333336,3.0,2.0,1.0,0.6000000000000001,1.3333333333333333,1.0
2025-11-12,Technology,0.028291817657645,0.7252747252747253,0.6,3.0,2.2,5.0,5.0,3.0333333333333337,3.0,2.0,0.0,2.2,0.8333333333333333,0.0
2025-11-12,Utilities,0.018240036918626,0.0246575342465753,0.0375,0.6000000000000001,0.3,17.0,17.0,13.166666666666666,4.0,10.0,2.0,3.5,7.166666666666666,1.5
2025-11-13,Banking,-0.0002789764457758,0.5243243243243243,0.509090909090909,5.6,4.85,11.0,11.0,9.25,8.0,2.0,1.0,7.25,1.0,1.0
2025-11-13,ConsumerDiscretionary,-0.0056655392390005,0.3103448275862069,0.3555555555555555,9.6,6.75,28.0,28.0,22.75,13.0,11.0,3.0,9.75,9.5,2.5
2025-11-13,ConsumerStaples,0.013491738135605,0.3751568381430363,0.4764705882352941,8.1,4.9833333333333325,17.0,17.0,13.283333333333331,10.0,6.0,1.0,6.783333333333333,5.5,1.0
2025-11-13,Energy,0.033101080509825,0.2489361702127659,0.1999999999999999,1.7999999999999998,1.95,9.0,9.0,7.833333333333333,4.0,3.0,2.0,4.0,2.333333333333333,1.5
2025-11-13,Healthcare,-0.002783256634059,0.0,0.0,0.0,0.0,1.0,1.0,0.3333333333333333,0.0,1.0,0.0,0.0,0.3333333333333333,0.0
2025-11-13,IndustrialLogistics,0.0247797718546961,0.4896907216494846,0.525,6.3,4.75,15.0,15.0,12.2,9.0,2.0,1.0,7.2,1.5,1.0
2025-11-13,RealEstate,0.0027128631134336,0.6824966078697422,0.725,11.6,8.383333333333333,24.0,24.0,19.78333333333333,14.0,1.0,1.0,10.783333333333331,0.5,1.0
2025-11-13,SteelMaterials,-0.0095475169675282,0.4080459770114943,0.4636363636363636,5.1,3.5500000000000003,11.0,11.0,8.7,7.0,2.0,2.0,5.2,2.0,1.5
2025-11-13,Technology,0.0069962851872497,0.40234375,0.4153846153846153,5.4,3.4333333333333336,14.0,14.0,9.533333333333331,6.0,7.0,0.0,4.033333333333333,4.5,0.0
2025-11-13,Utilities,0.018585050623087,0.3412500000000001,0.3099999999999999,6.199999999999999,4.550000000000001,20.0,20.0,13.333333333333332,8.0,11.0,1.0,6.0,6.833333333333333,0.5
2025-11-14,Banking,-0.0005039598836174,0.3454545454545455,0.3454545454545455,3.8000000000000007,3.8000000000000007,11.0,11.0,11.0,6.0,3.0,2.0,6.0,3.0,2.0
2025-11-14,ConsumerDiscretionary,0.0088840635395616,0.3061224489795918,0.1649999999999999,3.3,5.0,21.0,21.0,17.333333333333332,8.0,7.0,5.0,7.5,5.833333333333333,3.0
2025-11-14,ConsumerStaples,-0.0009322649035414,0.1413333333333333,-0.0444444444444444,-0.4,0.8833333333333334,9.0,9.0,6.25,3.0,3.0,3.0,2.5,2.333333333333333,1.4166666666666663
2025-11-14,Energy,0.0064744970223799,0.3758620689655172,0.0571428571428571,0.3999999999999999,1.8166666666666669,7.0,7.0,4.833333333333333,3.0,2.0,2.0,3.0,1.25,0.5833333333333333
2025-11-14,Healthcare,-0.0007613247823178,0.08,0.2,0.6000000000000001,0.2,3.0,3.0,2.5,2.0,0.0,1.0,1.5,0.0,1.0
2025-11-14,IndustrialLogistics,-0.0040112085673237,0.6425531914893617,0.5461538461538461,7.1,7.55,14.0,14.0,12.75,9.0,3.0,1.0,8.5,3.0,0.25
2025-11-14,RealEstate,0.0242748142048845,0.5977011494252874,0.4,4.0,4.333333333333334,18.0,18.0,15.25,6.0,2.0,2.0,5.5,0.5833333333333333,1.1666666666666663
2025-11-14,SteelMaterials,0.0063068440589202,0.5126760563380282,0.275,2.2,3.033333333333333,8.0,8.0,5.916666666666666,4.0,3.0,1.0,4.0,1.75,0.1666666666666666
2025-11-14,Technology,-0.0025824061507323,0.710810810810811,0.3666666666666666,3.3,4.383333333333334,9.0,9.0,6.166666666666666,6.0,1.0,2.0,5.5,0.25,0.4166666666666666
2025-11-14,Utilities,0.0151441603983678,-0.2333333333333333,-0.2615384615384615,-3.4,-2.1,14.0,14.0,10.0,3.0,4.0,6.0,2.0,3.0,4.0
2025-11-17,Banking,0.0036067319860817,0.6375384615384616,0.5789473684210527,11.0,9.866666666666667,19.0,19.0,15.476190476190474,15.0,4.0,0.0,13.666666666666666,1.809523809523809,0.0
2025-11-17,ConsumerDiscretionary,0.0263234955569116,0.2686422152052465,0.3042553191489361,14.3,10.533333333333331,49.0,49.0,40.70952380952381,21.0,20.0,6.0,17.03333333333333,16.676190476190477,5.5
2025-11-17,ConsumerStaples,0.0046417752803808,-0.0771306498763211,-0.0310344827586207,-0.9000000000000004,-1.6333333333333329,30.0,30.0,21.676190476190477,9.0,11.0,9.0,7.166666666666666,6.009523809523809,8.0
2025-11-17,Energy,0.0029390719333453,0.4384133611691023,0.3166666666666666,3.8,3.0,17.0,17.0,10.842857142857142,4.0,8.0,0.0,3.2,3.6428571428571423,0.0
2025-11-17,Healthcare,-0.0027783566020698,0.3365853658536585,0.2875,2.3,2.3,8.0,8.0,6.833333333333333,3.0,4.0,1.0,3.0,2.833333333333333,1.0
2025-11-17,IndustrialLogistics,0.0073868344494237,0.592896174863388,0.6133333333333333,9.2,7.233333333333333,20.0,20.0,16.2,11.0,3.0,1.0,9.033333333333331,2.1666666666666665,1.0
2025-11-17,RealEstate,0.0359294228019612,0.5288667141838918,0.5153846153846154,13.4,10.6,40.0,40.0,32.042857142857144,17.0,6.0,3.0,14.2,2.8428571428571425,3.0
2025-11-17,SteelMaterials,0.0119199913022305,0.3163841807909605,0.2941176470588235,5.0,4.0,17.0,17.0,12.642857142857142,9.0,5.0,3.0,7.5,2.642857142857143,2.5
2025-11-17,Technology,0.0052079339080102,0.4078104993597951,0.3727272727272727,8.2,6.066666666666666,22.0,22.0,14.876190476190477,10.0,11.0,1.0,7.866666666666667,6.0095238095238095,1.0
2025-11-17,Utilities,0.0073627183326204,0.1844331641285956,0.2178571428571428,6.1,3.633333333333333,31.0,31.0,22.7,11.0,12.0,5.0,8.333333333333332,6.366666666666666,5.0
2025-11-18,Banking,0.0021333365565047,0.5249999999999999,0.5249999999999999,2.1,2.1,4.0,4.0,4.0,3.0,1.0,0.0,3.0,1.0,0.0
2025-11-18,ConsumerDiscretionary,0.0177526498091056,0.3052631578947368,0.3947368421052631,7.5,4.35,20.0,20.0,15.25,11.0,5.0,3.0,7.75,3.5,3.0
2025-11-18,ConsumerStaples,-0.010804512229899,0.1146616541353383,0.2923076923076922,3.8,1.0166666666666666,14.0,14.0,9.866666666666667,7.0,3.0,3.0,4.116666666666667,1.75,3.0
2025-11-18,Energy,-0.011525546678564,0.4,0.375,3.0,3.0,13.0,13.0,11.0,3.0,5.0,0.0,3.0,4.5,0.0
2025-11-18,Healthcare,5.830397295773319e-05,0.5142857142857143,0.45,1.8,1.8,4.0,4.0,3.5,2.0,2.0,0.0,2.0,1.5,0.0
2025-11-18,IndustrialLogistics,0.0033820558189813,0.5982142857142857,0.625,7.5,6.699999999999999,13.0,13.0,12.2,9.0,2.0,1.0,8.2,2.0,1.0
2025-11-18,RealEstate,0.0280473420801399,0.3237410071942446,0.53,5.3,2.25,21.0,21.0,16.95,8.0,0.0,2.0,4.949999999999999,0.0,2.0
2025-11-18,SteelMaterials,0.0044776645593419,0.546875,0.6857142857142857,4.8,1.75,7.0,7.0,3.2,5.0,2.0,0.0,1.95,1.25,0.0
2025-11-18,Technology,-0.0032627391456041,0.3812824956672443,0.3785714285714285,5.3,3.6666666666666665,14.0,14.0,9.616666666666667,7.0,5.0,2.0,4.866666666666667,3.25,1.5
2025-11-18,Utilities,0.0003525557861889,0.0336842105263157,0.123076923076923,1.6,0.2666666666666666,14.0,14.0,8.416666666666666,3.0,8.0,2.0,1.1666666666666663,5.25,1.5
2025-11-19,Banking,-0.0057729610395548,0.5979557069846678,0.5076923076923077,6.6,5.85,13.0,13.0,9.783333333333331,9.0,4.0,0.0,8.25,1.5333333333333332,0.0
2025-11-19,ConsumerDiscretionary,-0.0128495325482261,0.3254552499031383,0.3142857142857143,11.0,10.0,36.0,36.0,31.726190476190474,17.0,14.0,4.0,16.0,10.726190476190474,4.0
2025-11-19,ConsumerStaples,-0.0011831829196494,0.5762897914379802,0.4545454545454545,5.0,5.0,11.0,11.0,8.676190476190477,5.0,6.0,0.0,5.0,3.676190476190477,0.0
2025-11-19,Energy,-0.0008214889390593,0.0,0.0,0.0,0.0,12.0,12.0,6.092857142857143,0.0,11.0,0.0,0.0,5.092857142857143,0.0
2025-11-19,Healthcare,-0.0126931249717869,,,,,,,,,,,,,
2025-11-19,IndustrialLogistics,-0.0031734122411526,0.6528301886792451,0.6714285714285714,9.4,8.649999999999999,17.0,17.0,15.25,11.0,3.0,0.0,10.25,3.0,0.0
2025-11-19,RealEstate,-0.0036697920839352,0.3450400492914356,0.2857142857142857,4.0,4.0,19.0,19.0,16.09285714285714,7.0,4.0,3.0,7.0,1.5928571428571427,3.0
2025-11-19,SteelMaterials,0.0003716557906258,0.7000000000000001,0.52,2.6,1.85,5.0,5.0,2.642857142857143,3.0,2.0,0.0,2.25,0.3928571428571428,0.0
2025-11-19,Technology,-0.0212637519862172,0.2072552680714857,0.2769230769230769,3.6,1.85,13.0,13.0,8.926190476190477,5.0,7.0,1.0,3.25,4.676190476190476,1.0
2025-11-19,Utilities,-0.000210177003121,0.2888252148997134,0.2833333333333334,3.4000000000000004,2.4000000000000004,17.0,17.0,12.809523809523808,4.0,7.0,1.0,3.0,4.30952380952381,1.0
2025-11-20,Banking,-0.0030103850050658,0.5954545454545455,0.4153846153846153,5.4,6.55,13.0,13.0,11.0,10.0,1.0,2.0,9.5,1.0,0.5
2025-11-20,ConsumerDiscretionary,-0.0043593924319804,0.3792298716452742,0.2210526315789474,4.2,5.416666666666667,19.0,19.0,14.283333333333331,9.0,7.0,3.0,7.5,6.0,0.7833333333333332
2025-11-20,ConsumerStaples,-0.0019478022846622,0.1003584229390681,0.0411764705882352,0.7,1.4,17.0,17.0,13.95,6.0,7.0,4.0,4.5,7.0,2.45
2025-11-20,Energy,-0.0034369920455621,0.3777777777777777,0.3666666666666667,2.2,1.7,7.0,7.0,5.5,3.0,3.0,0.0,2.5,2.0,0.0
2025-11-20,Healthcare,-0.0003241841365895,-0.0999999999999999,-0.0999999999999999,-0.1999999999999999,-0.1999999999999999,2.0,2.0,2.0,1.0,0.0,1.0,1.0,0.0,1.0
2025-11-20,IndustrialLogistics,-0.008362752784592,0.7489361702127659,0.5777777777777777,5.199999999999999,5.866666666666666,9.0,9.0,7.833333333333333,7.0,1.0,1.0,7.0,0.5,0.3333333333333333
2025-11-20,RealEstate,0.0027339117145314,0.6478260869565218,0.4857142857142857,6.8,7.45,22.0,22.0,19.5,11.0,0.0,3.0,10.0,0.0,1.5
2025-11-20,SteelMaterials,-0.0160864982160505,0.1016597510373444,-0.15,-1.7999999999999998,0.8166666666666669,12.0,12.0,8.033333333333333,4.0,1.0,7.0,3.5,0.5,4.033333333333333
2025-11-20,Technology,-0.0051265177374118,0.3348214285714286,0.2923076923076922,3.8,3.75,13.0,13.0,11.2,7.0,4.0,2.0,6.0,4.0,1.2
2025-11-20,Utilities,-0.0038641034084544,0.2476635514018691,0.1692307692307692,2.2,2.65,14.0,14.0,11.7,5.0,6.0,2.0,4.5,5.0,1.2
2025-11-21,Banking,-0.0053014103825432,0.6507042253521128,0.6473684210526317,12.300000000000002,11.550000000000002,21.0,21.0,19.25,17.0,1.0,1.0,16.25,0.5,1.0
2025-11-21,ConsumerDiscretionary,-0.0029728848597722,0.5382103200522536,0.5416666666666666,13.0,9.80952380952381,24.0,24.0,18.226190476190474,17.0,5.0,2.0,11.976190476190474,5.0,1.25
2025-11-21,ConsumerStaples,-0.0111170549599426,0.264406779661017,0.3,3.6,2.042857142857143,12.0,12.0,7.726190476190476,8.0,1.0,3.0,5.142857142857142,0.3333333333333333,2.25
2025-11-21,Energy,-0.0092643262469617,0.3136186770428015,0.2,1.2000000000000002,0.9595238095238094,7.0,7.0,4.05952380952381,3.0,2.0,1.0,1.476190476190476,1.3333333333333333,0.25
2025-11-21,Healthcare,-0.0108542913556735,,,,,,,,,,,,,
2025-11-21,IndustrialLogistics,-0.0050924850162425,0.4399999999999999,0.4599999999999999,4.6,3.85,10.0,10.0,8.75,7.0,2.0,1.0,6.25,1.5,1.0
2025-11-21,RealEstate,0.0142249454781574,0.9656441717791412,0.9714285714285714,13.6,11.242857142857144,23.0,23.0,20.142857142857142,14.0,0.0,0.0,11.642857142857142,0.0,0.0
2025-11-21,SteelMaterials,-0.0041128437272807,0.4851385390428211,0.5571428571428572,3.9,2.2928571428571427,7.0,7.0,4.726190476190476,5.0,1.0,1.0,3.392857142857143,0.3333333333333333,1.0
2025-11-21,Technology,-0.0026381427940945,0.3908990011098779,0.42,6.3,4.192857142857143,15.0,15.0,10.726190476190476,8.0,6.0,1.0,5.892857142857142,3.833333333333333,1.0
2025-11-21,Utilities,-0.0038127116035703,0.2052590873936581,0.1857142857142857,3.9,3.1595238095238094,22.0,22.0,16.392857142857142,7.0,12.0,2.0,4.976190476190476,9.166666666666666,1.25
2025-11-24,Banking,-0.0026545582752618,0.1825633383010432,0.095,1.9,2.916666666666667,20.0,20.0,15.976190476190476,9.0,7.0,4.0,9.0,4.142857142857142,2.833333333333333
2025-11-24,ConsumerDiscretionary,-0.0088059156940992,0.2536470588235294,0.2227272727272727,9.8,10.266666666666667,51.0,51.0,46.05952380952381,18.0,21.0,5.0,17.5,18.642857142857142,4.333333333333333
2025-11-24,ConsumerStaples,0.014554926260671,0.1143056524773203,0.0863636363636363,1.9,1.95,22.0,22.0,17.05952380952381,8.0,9.0,5.0,7.0,5.559523809523809,4.5
2025-11-24,Energy,-0.0058381603445119,0.0,0.0,0.0,0.0,19.0,19.0,16.5,3.0,10.0,4.0,3.0,8.166666666666666,4.0
2025-11-24,Healthcare,0.008334139501148,0.3,0.3,0.9,0.9,3.0,3.0,3.0,2.0,1.0,0.0,2.0,1.0,0.0
2025-11-24,IndustrialLogistics,-0.0195887706006867,0.591304347826087,0.591304347826087,13.6,13.6,27.0,27.0,25.75,15.0,7.0,1.0,15.0,7.0,1.0
2025-11-24,RealEstate,0.0342622500380468,0.5092556634304207,0.3954545454545455,8.700000000000001,9.366666666666667,42.0,42.0,36.47619047619048,11.0,8.0,3.0,11.0,5.059523809523809,2.333333333333333
2025-11-24,SteelMaterials,-0.0094817580654688,0.5121540312876054,0.3142857142857143,4.4,5.066666666666667,14.0,14.0,9.892857142857142,8.0,5.0,1.0,8.0,1.559523809523809,0.3333333333333333
2025-11-24,Technology,0.0019724489867244,0.3035789473684211,0.188235294117647,3.2,3.4333333333333336,17.0,17.0,11.309523809523808,8.0,6.0,3.0,6.5,3.1428571428571423,1.6666666666666663
2025-11-24,Utilities,0.0004456295089061,0.270785762256548,0.2416666666666666,5.8,4.8,27.0,27.0,19.976190476190474,6.0,18.0,0.0,5.0,12.726190476190474,0.0
2025-11-25,Banking,-0.0137229746593755,0.3199999999999999,0.39,3.9,2.7999999999999994,10.0,10.0,8.75,7.0,1.0,2.0,5.75,1.0,2.0
2025-11-25,ConsumerDiscretionary,-0.0064425392280269,0.3766233766233766,0.4388888888888889,7.9,5.316666666666666,19.0,19.0,15.116666666666667,10.0,6.0,2.0,7.416666666666666,4.7,2.0
2025-11-25,ConsumerStaples,-0.0080929998808251,0.31055900621118,0.4444444444444444,4.0,1.6666666666666663,9.0,9.0,5.366666666666667,4.0,5.0,0.0,1.6666666666666663,3.7,0.0
2025-11-25,Energy,-0.0051844364645849,0.208,0.2833333333333333,1.7,0.8666666666666666,8.0,8.0,6.166666666666666,2.0,4.0,0.0,1.1666666666666663,3.0,0.0
2025-11-25,Healthcare,-0.0027938306203149,0.675,0.675,2.7,2.7,4.0,4.0,4.0,3.0,1.0,0.0,3.0,1.0,0.0
2025-11-25,IndustrialLogistics,-0.0144331699021343,0.4090909090909091,0.3933333333333333,5.9,5.4,20.0,20.0,17.7,7.0,7.0,1.0,6.5,5.7,1.0
2025-11-25,RealEstate,-0.006123377585271,0.4101123595505618,0.45,7.2,4.866666666666667,24.0,24.0,19.366666666666667,8.0,8.0,0.0,5.666666666666666,6.2,0.0
2025-11-25,SteelMaterials,-0.0123627349366655,1.0,1.0,3.0,0.6666666666666666,3.0,3.0,0.6666666666666666,3.0,0.0,0.0,0.6666666666666666,0.0,0.0
2025-11-25,Technology,-0.0224189326117567,0.396414342629482,0.375,4.5,3.3166666666666664,12.0,12.0,8.366666666666667,5.0,7.0,0.0,3.6666666666666665,4.7,0.0
2025-11-25,Utilities,-0.0208531597508612,0.123076923076923,0.1625,1.3,0.8,8.0,8.0,6.5,2.0,5.0,1.0,1.5,4.0,1.0
2025-11-26,Banking,0.0079238318831517,0.3559718969555034,0.0818181818181818,0.8999999999999999,2.533333333333333,11.0,11.0,7.116666666666667,4.0,5.0,2.0,4.0,2.75,0.3666666666666666
2025-11-26,ConsumerDiscretionary,0.0056923326791751,0.5964912280701754,0.55625,8.9,8.5,17.0,17.0,15.25,11.0,5.0,0.0,10.5,3.75,0.0
2025-11-26,ConsumerStaples,0.0132086217525448,0.2334047109207709,0.1272727272727272,2.8,3.6333333333333337,22.0,22.0,15.566666666666666,9.0,7.0,6.0,7.0,5.5,3.0666666666666664
2025-11-26,Energy,0.0158922783357663,0.2452173913043478,0.2846153846153846,3.7,2.35,13.0,13.0,9.583333333333332,6.0,5.0,2.0,4.5,3.083333333333333,2.0
2025-11-26,Healthcare,0.0038535955851653,-0.25,-0.3333333333333333,-2.0,-1.3333333333333333,6.0,6.0,5.333333333333333,1.0,2.0,3.0,1.0,2.0,2.333333333333333
2025-11-26,IndustrialLogistics,0.0141368194488898,0.6722454672245467,0.45625,7.300000000000001,8.033333333333333,17.0,17.0,12.95,10.0,4.0,2.0,8.833333333333332,2.75,0.3666666666666666
2025-11-26,RealEstate,0.0055747420549289,0.562429696287964,0.3105263157894737,5.9,8.333333333333334,33.0,33.0,28.816666666666663,11.0,4.0,4.0,11.0,2.25,1.5666666666666669
2025-11-26,SteelMaterials,0.0155982975012068,-0.021505376344086,-0.2428571428571428,-1.7,-0.0999999999999999,7.0,7.0,4.65,2.0,1.0,4.0,2.0,0.25,2.4
2025-11-26,Technology,0.0091744327187247,0.0456852791878172,-0.2181818181818181,-2.4,0.3,11.0,11.0,6.5666666666666655,3.0,3.0,5.0,2.333333333333333,2.333333333333333,1.9
2025-11-26,Utilities,0.0118432792185859,0.5655737704918034,0.4187499999999999,6.699999999999999,5.75,18.0,18.0,12.166666666666666,10.0,3.0,3.0,6.833333333333333,2.333333333333333,1.0
2025-11-27,Banking,0.0001787050413829,0.776978417266187,0.8062499999999999,12.9,10.8,16.0,16.0,13.9,16.0,0.0,0.0,13.9,0.0,0.0
2025-11-27,ConsumerDiscretionary,0.0160037124674778,0.2547770700636942,0.2894736842105262,5.499999999999999,4.0,19.0,19.0,15.7,9.0,8.0,2.0,7.2,7.0,1.5
2025-11-27,ConsumerStaples,-0.005418608035034,0.0419161676646706,0.2666666666666666,3.2,0.3500000000000001,13.0,13.0,9.35,6.0,3.0,3.0,2.85,3.0,2.5
2025-11-27,Energy,0.0036037064643133,0.2844036697247706,0.3444444444444444,3.1,1.55,12.0,12.0,8.45,5.0,2.0,2.0,2.95,1.0,1.5
2025-11-27,Healthcare,6.588475057622833e-05,0.0,0.0,0.0,0.0,2.0,2.0,2.0,1.0,0.0,1.0,1.0,0.0,1.0
2025-11-27,IndustrialLogistics,-0.0054899516575469,0.6679536679536678,0.6799999999999999,10.2,8.649999999999999,17.0,17.0,14.95,11.0,4.0,0.0,9.45,3.5,0.0
2025-11-27,RealEstate,-0.0087308430130249,0.0993788819875776,0.2368421052631578,4.5,1.6,26.0,26.0,23.1,10.0,2.0,7.0,7.1,2.0,7.0
2025-11-27,SteelMaterials,-0.0075609911337176,0.7297297297297297,0.8,4.0,2.7,6.0,6.0,4.7,4.0,1.0,0.0,2.7,1.0,0.0
2025-11-27,Technology,-0.0032110056817469,0.3412698412698412,0.3875,6.2,4.3,16.0,16.0,12.6,9.0,5.0,2.0,6.6,4.5,1.5
2025-11-27,Utilities,0.0019174581349773,0.3279999999999999,0.2799999999999999,2.8,2.05,10.0,10.0,6.25,5.0,3.0,2.0,3.25,2.0,1.0
2025-11-28,Banking,-0.0058343700580849,0.7214285714285715,0.6312500000000001,10.1,10.1,16.0,16.0,14.0,13.0,3.0,0.0,13.0,1.0,0.0
2025-11-28,ConsumerDiscretionary,-0.0008598615842831,0.0954545454545454,0.0875,1.4,1.4,18.0,18.0,16.666666666666664,3.0,11.0,2.0,3.0,9.666666666666666,2.0
2025-11-28,ConsumerStaples,0.006101478630819,0.6799999999999999,0.5230769230769231,6.8,6.8,14.0,14.0,11.0,7.0,6.0,0.0,7.0,3.0,0.0
2025-11-28,Energy,0.0115186906239298,0.2736842105263158,0.225,1.8,1.3,9.0,9.0,5.75,2.0,5.0,1.0,1.5,2.25,1.0
2025-11-28,Healthcare,0.009274353281518,,,,,,,,,,,,,
2025-11-28,IndustrialLogistics,0.0019879135847792,0.4787878787878787,0.4714285714285714,3.3,2.6333333333333333,7.0,7.0,5.5,4.0,3.0,0.0,3.333333333333333,2.1666666666666665,0.0
2025-11-28,RealEstate,0.0170520776857534,0.3111111111111111,0.2333333333333333,1.4,1.4,19.0,19.0,17.5,2.0,3.0,1.0,2.0,1.5,1.0
2025-11-28,SteelMaterials,-0.0100490863053258,0.2133333333333333,0.1333333333333333,0.7999999999999999,0.7999999999999999,7.0,7.0,4.75,2.0,3.0,1.0,2.0,0.7499999999999999,1.0
2025-11-28,Technology,-0.0121075619141455,0.163265306122449,0.2083333333333333,2.5,1.3333333333333333,12.0,12.0,8.166666666666666,4.0,7.0,1.0,2.833333333333333,4.333333333333334,1.0
2025-11-28,Utilities,-0.0040132200188857,0.2937499999999999,0.2823529411764706,4.8,3.133333333333333,17.0,17.0,10.666666666666666,5.0,12.0,0.0,3.333333333333333,7.333333333333333,0.0
2025-12-01,Banking,-0.0047705405945934,0.4992967651195499,0.5142857142857142,14.4,11.833333333333332,28.0,28.0,23.7,20.0,6.0,2.0,17.03333333333333,5.333333333333333,1.3333333333333333
2025-12-01,ConsumerDiscretionary,0.0018838436612019,0.3388489208633093,0.3142857142857143,15.4,15.7,51.0,51.0,48.33333333333333,23.0,21.0,5.0,22.0,20.33333333333333,4.0
2025-12-01,ConsumerStaples,0.029360906056814,0.2558581380620646,0.3393939393939394,11.2,6.7333333333333325,34.0,34.0,27.316666666666663,15.0,15.0,3.0,10.233333333333334,13.083333333333334,3.0
2025-12-01,Energy,0.0071979336913571,0.1926605504587155,0.1777777777777777,3.2,2.8,24.0,24.0,19.03333333333333,6.0,9.0,3.0,4.7,8.0,1.8333333333333333
2025-12-01,Healthcare,0.0147871926561404,0.1,0.1,0.3,0.3,3.0,3.0,3.0,1.0,1.0,1.0,1.0,1.0,1.0
2025-12-01,IndustrialLogistics,0.0005993280089205,0.4939024390243902,0.4833333333333333,11.6,10.8,30.0,30.0,26.866666666666667,13.0,10.0,1.0,12.2,8.666666666666666,1.0
2025-12-01,RealEstate,0.0199648811072029,0.5099285146942019,0.55,14.3,10.7,38.0,38.0,32.483333333333334,15.0,11.0,0.0,11.4,9.583333333333334,0.0
2025-12-01,SteelMaterials,-0.0087863616158622,0.5487804878048781,0.5888888888888889,5.3,4.5,10.0,10.0,8.7,7.0,2.0,0.0,6.2,2.0,0.0
2025-12-01,Technology,0.0030268970509372,0.4102844638949671,0.455,9.1,6.25,20.0,20.0,15.233333333333334,13.0,5.0,2.0,10.15,3.083333333333333,2.0
2025-12-01,Utilities,-0.0064864443169855,0.3735999999999999,0.35,9.8,7.783333333333333,29.0,29.0,21.333333333333336,15.0,9.0,4.0,12.083333333333332,5.916666666666666,2.833333333333333
2025-12-02,Banking,0.004059484449247,0.3526927138331573,0.3299999999999999,6.6,5.566666666666666,21.0,21.0,16.116666666666667,12.0,4.0,4.0,10.083333333333332,2.2,3.5
2025-12-02,ConsumerDiscretionary,-0.0038368177903061,0.3614035087719298,0.4136363636363637,9.1,6.866666666666666,22.0,22.0,19.0,13.0,7.0,2.0,10.666666666666666,6.333333333333334,2.0
2025-12-02,ConsumerStaples,0.0228062494962681,0.6599690880989181,0.6866666666666668,10.3,7.116666666666666,16.0,16.0,11.783333333333331,11.0,4.0,0.0,7.583333333333333,3.2,0.0
2025-12-02,Energy,0.012509350805463,0.1831325301204819,0.3222222222222222,2.9,1.2666666666666666,12.0,12.0,9.25,5.0,3.0,1.0,2.9166666666666665,3.0,1.0
2025-12-02,Healthcare,0.0058020503729905,0.45,0.45,1.8,1.8,4.0,4.0,4.0,2.0,2.0,0.0,2.0,2.0,0.0
2025-12-02,IndustrialLogistics,0.0013060330463148,0.8421052631578947,0.7571428571428572,5.300000000000001,4.8,9.0,9.0,7.7,6.0,1.0,0.0,5.5,0.2,0.0
2025-12-02,RealEstate,0.0119567579658889,0.587516960651289,0.625,10.0,7.216666666666667,22.0,22.0,17.616666666666667,13.0,1.0,2.0,10.083333333333332,0.2,2.0
2025-12-02,SteelMaterials,-0.0011454753722795,0.0210526315789473,0.225,0.9,0.0666666666666665,4.0,4.0,3.1666666666666665,2.0,0.0,2.0,1.1666666666666663,0.0,2.0
2025-12-02,Technology,-0.0088746166277347,0.3444108761329305,0.3625,5.8,3.8,16.0,16.0,11.033333333333331,6.0,10.0,0.0,4.0,7.033333333333333,0.0
2025-12-02,Utilities,-0.0070120679928377,-0.0473684210526315,0.0444444444444444,0.4,-0.3,9.0,9.0,6.333333333333333,2.0,5.0,2.0,1.0,3.833333333333333,1.5
2025-12-03,Banking,0.041668266920682,0.6253333333333333,0.63125,10.1,7.816666666666666,17.0,17.0,13.5,13.0,2.0,1.0,10.25,1.25,1.0
2025-12-03,ConsumerDiscretionary,0.0311890328058651,0.6117936117936118,0.6499999999999999,11.7,8.3,21.0,21.0,15.566666666666666,13.0,5.0,0.0,9.366666666666667,4.2,0.0
2025-12-03,ConsumerStaples,0.0032261731807104,-0.0138339920948616,0.2714285714285714,3.8,-0.1166666666666667,14.0,14.0,8.433333333333334,6.0,6.0,2.0,1.9833333333333327,4.45,2.0
2025-12-03,Energy,-0.0148975451261938,0.1470588235294117,0.26,1.3,0.5,6.0,6.0,3.9,2.0,3.0,0.0,1.2,2.2,0.0
2025-12-03,Healthcare,-0.0040826966449266,1.0,1.0,1.0,1.0,1.0,1.0,1.0,1.0,0.0,0.0,1.0,0.0,0.0
2025-12-03,IndustrialLogistics,0.0071482745544178,0.7695312500000001,0.6900000000000001,6.9,6.566666666666667,11.0,11.0,9.533333333333331,8.0,2.0,0.0,7.333333333333333,1.2,0.0
2025-12-03,RealEstate,-0.0034086849669761,0.6185344827586207,0.6916666666666668,8.3,4.783333333333333,19.0,19.0,14.733333333333334,10.0,1.0,1.0,6.4833333333333325,0.25,1.0
2025-12-03,SteelMaterials,0.0100756382811427,0.0754716981132075,0.36,1.8,0.1999999999999999,5.0,5.0,2.65,3.0,1.0,1.0,1.4,0.25,1.0
2025-12-03,Technology,0.0118800784581816,0.384393063583815,0.4538461538461538,5.9,4.433333333333333,14.0,14.0,12.533333333333331,7.0,6.0,0.0,5.533333333333333,6.0,0.0
2025-12-03,Utilities,0.0096523903340696,0.4992846924177396,0.5823529411764706,9.9,5.816666666666667,18.0,18.0,12.15,11.0,6.0,0.0,6.449999999999999,5.2,0.0
2025-12-04,Banking,-0.0017825311942958,0.5965996908809892,0.6428571428571429,9.0,6.433333333333334,14.0,14.0,10.783333333333331,11.0,3.0,0.0,8.283333333333333,2.5,0.0
2025-12-04,ConsumerDiscretionary,-0.0048142988103751,0.2099827882960412,0.2791666666666666,6.699999999999999,4.066666666666666,27.0,27.0,20.866666666666667,10.0,11.0,3.0,7.366666666666666,9.0,3.0
2025-12-04,ConsumerStaples,-0.0155185911936703,0.7058823529411765,0.6,6.0,5.2,10.0,10.0,7.366666666666666,6.0,4.0,0.0,5.2,2.1666666666666665,0.0
2025-12-04,Energy,0.0124051920238797,0.3999999999999999,0.3,0.6,0.6,3.0,3.0,2.5,1.0,1.0,0.0,1.0,0.5,0.0
2025-12-04,Healthcare,0.0016130766749113,,,,,,,,,,,,,
2025-12-04,IndustrialLogistics,-0.0020407937238503,0.5272727272727272,0.5666666666666667,5.1,4.35,9.0,9.0,8.25,7.0,1.0,1.0,6.25,1.0,1.0
2025-12-04,RealEstate,-0.0079611346591255,0.4708276797829037,0.5333333333333333,8.0,5.783333333333333,24.0,24.0,21.28333333333333,11.0,2.0,2.0,8.783333333333333,1.5,2.0
2025-12-04,SteelMaterials,0.0142371651087924,0.2599999999999999,0.2875,2.3,1.95,9.0,9.0,8.5,4.0,3.0,1.0,3.5,3.0,1.0
2025-12-04,Technology,0.000930367501839,0.1991614255765198,0.3166666666666666,3.8,1.583333333333333,12.0,12.0,7.95,6.0,4.0,2.0,3.7833333333333337,2.1666666666666665,2.0
2025-12-04,Utilities,0.0037352762248748,0.1848484848484848,0.188235294117647,3.2,2.033333333333333,20.0,20.0,12.5,5.0,11.0,1.0,3.8333333333333335,6.166666666666666,1.0
2025-12-05,Banking,-0.0100575133979604,0.3939393939393939,0.3888888888888889,7.0,6.5,18.0,18.0,16.5,11.0,4.0,3.0,10.5,3.0,3.0
2025-12-05,ConsumerDiscretionary,-0.0013847209180513,0.5486348122866894,0.5416666666666666,13.0,10.716666666666663,26.0,26.0,21.03333333333333,15.0,8.0,1.0,11.7,7.5,0.3333333333333333
2025-12-05,ConsumerStaples,-0.0142449611536353,0.2679425837320575,0.3923076923076923,5.1,2.8000000000000003,14.0,14.0,11.45,8.0,3.0,2.0,5.45,3.0,2.0
2025-12-05,Energy,-0.0166399378721926,0.256,0.0666666666666666,0.4,1.0666666666666669,8.0,8.0,6.166666666666666,2.0,3.0,1.0,2.0,1.8333333333333333,0.3333333333333333
2025-12-05,Healthcare,0.0004116452988356,0.0,0.0,0.0,0.0,1.0,1.0,1.0,0.0,1.0,0.0,0.0,1.0,0.0
2025-12-05,IndustrialLogistics,-0.0206703986078593,0.8434782608695653,0.8571428571428571,6.0,4.8500000000000005,7.0,7.0,5.75,7.0,0.0,0.0,5.75,0.0,0.0
2025-12-05,RealEstate,0.0256012606390639,0.785234899328859,0.8400000000000001,8.4,5.85,14.0,14.0,11.45,9.0,1.0,0.0,6.45,1.0,0.0
2025-12-05,SteelMaterials,-0.011599672931462,0.6610169491525423,0.8,4.0,1.95,5.0,5.0,2.95,4.0,1.0,0.0,1.95,1.0,0.0
2025-12-05,Technology,-0.0099227525159519,-0.2637362637362637,0.0,0.0,-0.8,5.0,5.0,3.033333333333333,1.0,3.0,1.0,0.2,1.8333333333333333,1.0
2025-12-05,Utilities,-0.0011870234986548,0.386046511627907,0.2818181818181818,3.1,2.7666666666666666,13.0,13.0,8.666666666666666,5.0,5.0,1.0,4.0,2.833333333333333,0.3333333333333333
2025-12-08,Banking,-0.0075409856712261,0.4648,0.4826086956521739,11.1,9.683333333333334,23.0,23.0,20.83333333333333,17.0,2.0,4.0,15.583333333333332,1.25,4.0
2025-12-08,ConsumerDiscretionary,-0.0168617990691846,0.3788617886178861,0.3893617021276596,18.3,15.533333333333331,48.0,48.0,42.0,26.0,16.0,5.0,23.08333333333333,12.916666666666666,5.0
2025-12-08,ConsumerStaples,0.0220135142811,0.2263736263736263,0.256,6.4,5.15,26.0,26.0,23.75,10.0,12.0,3.0,8.75,11.0,3.0
2025-12-08,Energy,0.0206849057739734,-0.0371134020618556,-0.03,-0.3,-0.3,14.0,14.0,11.083333333333332,1.0,8.0,1.0,1.0,6.083333333333333,1.0
2025-12-08,Healthcare,-0.0060292041215846,0.2799999999999999,0.2333333333333333,0.7,0.7,3.0,3.0,2.5,1.0,2.0,0.0,1.0,1.5,0.0
2025-12-08,IndustrialLogistics,-0.0151831304759245,0.5045454545454546,0.4833333333333334,11.6,11.1,28.0,28.0,26.0,14.0,9.0,1.0,13.5,7.5,1.0
2025-12-08,RealEstate,0.0290468200629115,0.4674698795180723,0.459375,14.7,12.933333333333334,44.0,44.0,39.16666666666667,17.0,13.0,2.0,15.083333333333332,10.583333333333334,2.0
2025-12-08,SteelMaterials,-0.013451411900497,0.3809523809523809,0.2857142857142857,2.0,2.0,7.0,7.0,5.25,3.0,3.0,1.0,3.0,1.25,1.0
2025-12-08,Technology,-0.009181144704887,0.4697674418604652,0.4625000000000001,11.1,10.1,24.0,24.0,21.5,13.0,10.0,1.0,12.0,8.5,1.0
2025-12-08,Utilities,-0.0097527225452222,0.5047210300429186,0.472,11.8,9.8,26.0,26.0,19.916666666666664,13.0,12.0,0.0,11.0,8.416666666666666,0.0
2025-12-09,Banking,-0.0064150717440425,0.4412213740458016,0.4571428571428572,6.4,4.816666666666667,15.0,15.0,11.916666666666666,9.0,3.0,2.0,7.416666666666666,1.5,2.0
2025-12-09,ConsumerDiscretionary,-0.0146733261177813,0.3397966101694915,0.3399999999999999,6.8,5.966666666666667,22.0,22.0,19.05952380952381,10.0,9.0,1.0,9.166666666666666,7.392857142857142,1.0
2025-12-09,ConsumerStaples,-0.008480994872169,0.5090909090909091,0.5,5.0,3.0,12.0,12.0,7.892857142857142,5.0,5.0,0.0,3.0,2.892857142857143,0.0
2025-12-09,Energy,-0.0348828760472348,0.6929765886287627,0.5571428571428572,3.9,2.466666666666667,7.0,7.0,3.5595238095238093,5.0,2.0,0.0,3.1666666666666665,0.3928571428571428,0.0
2025-12-09,Healthcare,-0.0086597622929561,0.7,0.7,0.7,0.7,1.0,1.0,1.0,1.0,0.0,0.0,1.0,0.0,0.0
2025-12-09,IndustrialLogistics,-0.0052374244775601,0.8454106280193238,0.7777777777777778,7.0,6.25,11.0,11.0,9.392857142857142,7.0,2.0,0.0,6.25,1.1428571428571428,0.0
2025-12-09,RealEstate,0.0027741269984202,0.6583700440528634,0.6,9.0,7.116666666666666,20.0,20.0,15.309523809523808,11.0,3.0,1.0,8.916666666666666,1.3928571428571428,0.5
2025-12-09,SteelMaterials,-0.0064221635801602,0.3992327365728899,0.4076923076923077,5.300000000000001,3.7166666666666655,13.0,13.0,9.30952380952381,8.0,3.0,2.0,6.416666666666666,0.8928571428571428,2.0
2025-12-09,Technology,-0.0002566698125873,0.4055469953775039,0.3545454545454545,3.9,3.1333333333333337,11.0,11.0,7.726190476190475,6.0,4.0,1.0,4.833333333333333,1.8928571428571428,1.0
2025-12-09,Utilities,-0.0139938623380794,0.3489361702127659,0.37,3.7,2.7333333333333334,12.0,12.0,8.833333333333332,5.0,4.0,1.0,3.8333333333333335,3.5,0.5
2025-12-10,Banking,0.0060101417934967,0.4076555023923446,0.2863636363636364,6.3,7.1000000000000005,22.0,22.0,17.416666666666664,12.0,6.0,4.0,10.666666666666666,4.75,2.0
2025-12-10,ConsumerDiscretionary,-0.0043378890098553,0.1947368421052631,0.1368421052631579,2.6,3.083333333333333,21.0,21.0,17.333333333333332,6.0,10.0,3.0,5.5,8.166666666666666,2.1666666666666665
2025-12-10,ConsumerStaples,-0.0080954491233709,0.263448275862069,0.16875,2.7,3.1833333333333336,17.0,17.0,13.083333333333332,5.0,9.0,2.0,4.5,6.416666666666666,1.1666666666666663
2025-12-10,Energy,-0.0037428545065738,0.2127659574468085,0.0,0.0,0.8333333333333334,7.0,7.0,4.916666666666666,1.0,4.0,1.0,1.0,2.75,0.1666666666666666
2025-12-10,Healthcare,-0.007423825032568,-0.3333333333333333,-0.3333333333333333,-1.0,-1.0,3.0,3.0,3.0,0.0,2.0,1.0,0.0,2.0,1.0
2025-12-10,IndustrialLogistics,-0.0033060657012098,0.724731182795699,0.611764705882353,10.4,11.233333333333334,19.0,19.0,17.5,12.0,4.0,1.0,12.0,3.333333333333333,0.1666666666666666
2025-12-10,RealEstate,-0.0356980937660998,0.4410256410256409,0.0699999999999999,0.7,2.8666666666666663,23.0,23.0,19.0,5.0,1.0,4.0,4.333333333333333,1.0,1.1666666666666663
2025-12-10,SteelMaterials,0.0008893691074275,0.5608695652173913,0.3299999999999999,3.3,4.3,11.0,11.0,8.666666666666666,7.0,1.0,2.0,6.333333333333333,1.0,0.3333333333333332
2025-12-10,Technology,-0.006780898286576,0.4324675324675325,0.2388888888888888,4.3,5.55,18.0,18.0,12.833333333333332,10.0,4.0,4.0,8.333333333333332,2.833333333333333,1.6666666666666663
2025-12-10,Utilities,0.0120718238518623,0.3142857142857143,0.19,1.9,1.65,10.0,10.0,5.25,4.0,5.0,1.0,2.333333333333333,2.75,0.1666666666666666
2025-12-11,Banking,-0.0069428962552432,0.5248380129589634,0.3142857142857143,4.4,6.075,14.0,14.0,11.575,9.0,2.0,3.0,9.0,1.25,1.325
2025-12-11,ConsumerDiscretionary,-0.0063552094215996,0.328440366972477,0.225,3.6000000000000005,4.475,17.0,17.0,14.125,7.0,7.0,2.0,6.5,6.5,0.625
2025-12-11,ConsumerStaples,-0.007158505798848,0.2287723093564088,0.135,2.7,3.5249999999999995,21.0,21.0,16.40833333333333,6.0,11.0,3.0,5.0,9.083333333333332,1.325
2025-12-11,Energy,-0.0059725760325397,0.032258064516129,-0.0714285714285714,-0.5,0.1666666666666666,7.0,7.0,5.166666666666666,1.0,5.0,1.0,1.0,3.833333333333333,0.3333333333333333
2025-12-11,Healthcare,0.0065171215820002,0.0,0.0,0.0,0.0,1.0,1.0,0.25,0.0,1.0,0.0,0.0,0.25,0.0
2025-12-11,IndustrialLogistics,-0.0001685349340528,0.5010141987829615,0.3214285714285714,4.5,6.175,15.0,15.0,13.325,8.0,4.0,2.0,8.0,4.0,0.325
2025-12-11,RealEstate,-0.0162627037343873,0.4844192634560907,0.2363636363636363,2.6,4.275,16.0,16.0,13.825,5.0,3.0,3.0,5.0,2.5,1.325
2025-12-11,SteelMaterials,-0.0023150524932421,0.397497593840231,0.0999999999999999,1.0999999999999996,3.4416666666666664,11.0,11.0,8.658333333333333,6.0,0.0,5.0,6.0,0.0,2.6583333333333337
2025-12-11,Technology,0.0027952014315835,0.4525139664804469,0.25,2.5,3.375,10.0,10.0,7.458333333333333,5.0,3.0,2.0,5.0,1.3333333333333333,1.125
2025-12-11,Utilities,-0.0085583226147935,0.0508108108108108,-0.1083333333333333,-1.3,0.3916666666666667,14.0,14.0,9.208333333333332,2.0,7.0,3.0,1.5,5.25,0.9583333333333331
2025-12-12,Banking,-0.0139823490641771,0.4008810572687225,0.06,0.6,3.0333333333333337,10.0,10.0,7.566666666666666,5.0,2.0,3.0,5.0,2.0,0.5666666666666667
2025-12-12,ConsumerDiscretionary,-0.0251694988669233,0.4642201834862386,0.4095238095238095,8.6,8.433333333333334,23.0,23.0,19.166666666666664,12.0,8.0,1.0,11.0,7.0,0.1666666666666666
2025-12-12,ConsumerStaples,-0.033073141600451,0.1029411764705882,-0.0833333333333333,-1.0,0.9333333333333332,14.0,14.0,10.566666666666666,3.0,5.0,4.0,2.5,5.0,1.5666666666666669
2025-12-12,Energy,-0.0285946062197305,0.2162162162162162,0.0,0.0,0.8,7.0,7.0,5.7,1.0,3.0,1.0,1.0,2.5,0.2
2025-12-12,Healthcare,-0.0087791215559533,,,,,,,,,,,,,
2025-12-12,IndustrialLogistics,-0.0250373372484633,0.4393063583815029,0.2928571428571428,4.1,5.066666666666666,16.0,16.0,13.033333333333331,7.0,5.0,2.0,6.5,4.5,0.5333333333333333
2025-12-12,RealEstate,-0.0508630534531939,0.1014492753623188,-0.24,-2.4,0.7000000000000002,17.0,17.0,12.9,2.0,3.0,5.0,2.0,3.0,1.9
2025-12-12,SteelMaterials,-0.0483732089941253,0.32,0.1,0.5,1.3333333333333333,6.0,6.0,5.166666666666666,3.0,0.0,2.0,3.0,0.0,1.1666666666666663
2025-12-12,Technology,-0.0228017746593632,0.3095238095238096,0.0357142857142857,0.4999999999999998,2.6,14.0,14.0,8.399999999999999,5.0,5.0,4.0,4.0,3.5,0.8999999999999999
2025-12-12,Utilities,-0.0321562067544302,0.4,0.4,4.0,3.0,13.0,13.0,9.5,4.0,6.0,0.0,3.0,4.5,0.0
2025-12-15,Banking,0.0013847675568744,0.4706413730803975,0.2739130434782608,6.3,8.683333333333334,23.0,23.0,18.45,15.0,3.0,5.0,14.5,1.8333333333333333,2.1166666666666663
2025-12-15,ConsumerDiscretionary,-0.0060963530959906,0.3764007910349374,0.332258064516129,10.3,9.516666666666667,32.0,32.0,25.78333333333333,15.0,14.0,2.0,13.166666666666666,10.916666666666666,1.2
2025-12-15,ConsumerStaples,0.0132932396187105,0.0762910798122065,0.0388888888888888,0.7,1.0833333333333333,19.0,19.0,15.2,6.0,7.0,5.0,4.5,6.333333333333334,3.3666666666666667
2025-12-15,Energy,0.0149005663086575,0.2408759124087591,0.2647058823529412,4.5,2.75,20.0,20.0,14.416666666666666,6.0,10.0,1.0,4.0,6.416666666666666,1.0
2025-12-15,Healthcare,-0.0006744260345231,-0.5,-0.5,-0.5,-0.5,2.0,2.0,2.0,0.0,0.0,1.0,0.0,0.0,1.0
2025-12-15,IndustrialLogistics,0.0056544080042673,0.4922558922558923,0.4142857142857143,11.6,12.183333333333335,31.0,31.0,27.75,17.0,8.0,3.0,16.0,7.333333333333333,1.4166666666666663
2025-12-15,RealEstate,-0.0095528982782532,0.2735042735042735,0.1074074074074073,2.8999999999999995,5.866666666666666,39.0,39.0,32.95,13.0,5.0,9.0,12.166666666666666,3.833333333333333,5.45
2025-12-15,SteelMaterials,0.0031595576619272,0.186219739292365,-0.0571428571428571,-0.8,1.6666666666666667,14.0,14.0,8.949999999999998,5.0,3.0,6.0,4.166666666666667,1.8333333333333333,2.95
2025-12-15,Technology,-0.0072021887952175,0.2908296943231441,0.2423076923076923,6.3,5.55,26.0,26.0,19.08333333333333,10.0,13.0,3.0,7.5,10.083333333333332,1.4999999999999998
2025-12-15,Utilities,0.0144652095871607,0.3574468085106383,0.3657142857142857,12.8,9.8,37.0,37.0,29.416666666666664,15.0,18.0,2.0,12.0,13.416666666666666,2.0
2025-12-16,Banking,0.0129615736827651,0.1673306772908366,0.1166666666666666,1.4,1.4,12.0,12.0,8.366666666666667,2.0,10.0,0.0,2.0,6.366666666666666,0.0
2025-12-16,ConsumerDiscretionary,0.0404195289007557,0.4847908745247148,0.4863636363636363,10.7,8.5,24.0,24.0,19.53333333333333,14.0,7.0,1.0,11.5,5.033333333333333,1.0
2025-12-16,ConsumerStaples,0.0242325287692686,0.3383297644539614,0.3272727272727272,3.6,2.6333333333333333,11.0,11.0,7.783333333333333,4.0,7.0,0.0,2.833333333333333,4.95,0.0
2025-12-16,Energy,0.0394670414483874,0.5609756097560975,0.55,5.5,3.833333333333333,11.0,11.0,7.833333333333333,6.0,4.0,0.0,4.333333333333333,2.5,0.0
2025-12-16,Healthcare,0.0066597630427619,1.0,1.0,1.0,1.0,1.0,1.0,1.0,1.0,0.0,0.0,1.0,0.0,0.0
2025-12-16,IndustrialLogistics,0.0129744842491185,0.4072727272727273,0.3733333333333333,5.6000000000000005,5.6000000000000005,19.0,19.0,17.25,8.0,5.0,2.0,8.0,3.75,2.0
2025-12-16,RealEstate,0.0151784818662511,-0.0832137733142037,-0.02,-0.3,-0.9666666666666668,22.0,22.0,17.116666666666667,3.0,8.0,4.0,2.333333333333333,5.283333333333333,4.0
2025-12-16,SteelMaterials,0.0258162950460008,-0.2318840579710145,-0.2666666666666666,-1.6,-0.8,6.0,6.0,3.45,1.0,2.0,3.0,1.0,0.45,2.0
2025-12-16,Technology,0.0135501318475944,0.2680851063829787,0.29,2.9,2.1,10.0,10.0,7.833333333333333,5.0,4.0,1.0,4.0,2.833333333333333,1.0
2025-12-16,Utilities,0.01715183339731,0.2649350649350649,0.3055555555555556,5.5,3.4,20.0,20.0,13.833333333333332,10.0,4.0,4.0,7.0,2.833333333333333,3.0
2025-12-17,Banking,-0.0011612103697737,0.550559284116331,0.5375,8.6,5.859523809523809,16.0,16.0,10.642857142857142,11.0,5.0,0.0,7.809523809523809,2.833333333333333,0.0
2025-12-17,ConsumerDiscretionary,-0.0032936643471773,0.5957219251336898,0.6454545454545454,14.2,10.60952380952381,23.0,23.0,18.80952380952381,17.0,5.0,0.0,13.309523809523808,4.5,0.0
2025-12-17,ConsumerStaples,-0.019215471157606,-0.0863741339491917,0.0692307692307692,0.8999999999999999,-0.8904761904761906,13.0,13.0,10.30952380952381,5.0,4.0,4.0,2.8095238095238093,4.0,3.5
2025-12-17,Energy,0.0100027081444878,0.6017241379310345,0.65,3.9,2.492857142857143,7.0,7.0,5.142857142857142,5.0,1.0,0.0,3.142857142857143,1.0,0.0
2025-12-17,Healthcare,0.0015098278867457,0.3333333333333333,0.1,0.2,0.5,2.0,2.0,1.5,1.0,0.0,1.0,1.0,0.0,0.5
2025-12-17,IndustrialLogistics,0.0006669071840121,0.8714285714285714,0.9,5.4,4.066666666666666,6.0,6.0,4.666666666666666,6.0,0.0,0.0,4.666666666666666,0.0,0.0
2025-12-17,RealEstate,-0.007507235513357,0.5908309455587392,0.6909090909090909,7.6,4.909523809523809,16.0,16.0,12.809523809523808,9.0,1.0,1.0,6.309523809523809,1.0,1.0
2025-12-17,SteelMaterials,-0.0070458137378105,-0.0066115702479338,0.13,1.3,-0.0571428571428571,10.0,10.0,8.642857142857142,5.0,2.0,3.0,3.642857142857143,2.0,3.0
2025-12-17,Technology,0.0078324763381138,0.305982905982906,0.38125,6.1,3.4095238095238094,16.0,16.0,11.142857142857142,8.0,6.0,2.0,5.309523809523809,3.833333333333333,2.0
2025-12-17,Utilities,-0.0027905228720999,0.4192771084337349,0.4105263157894737,7.8,5.8,20.0,20.0,14.333333333333332,8.0,11.0,0.0,6.0,7.833333333333333,0.0
2025-12-18,Banking,-0.0027239462182832,0.4125,0.3299999999999999,3.3,3.3,10.0,10.0,8.0,6.0,4.0,0.0,6.0,2.0,0.0
2025-12-18,ConsumerDiscretionary,0.0011451254660487,0.4136842105263158,0.3473684210526315,6.6,6.55,20.0,20.0,16.833333333333332,10.0,6.0,3.0,9.0,4.583333333333334,2.25
2025-12-18,ConsumerStaples,0.0059209127170301,0.7263157894736842,0.5,3.0,3.45,6.0,6.0,4.75,5.0,0.0,1.0,4.5,0.0,0.25
2025-12-18,Energy,0.004802949063583,0.0566037735849056,0.0,0.0,0.25,8.0,8.0,4.416666666666666,1.0,6.0,1.0,0.5,3.6666666666666665,0.25
2025-12-18,Healthcare,-0.0035654450441375,1.0,1.0,1.0,1.0,1.0,1.0,1.0,1.0,0.0,0.0,1.0,0.0,0.0
2025-12-18,IndustrialLogistics,-0.0035208232546432,0.6298642533936653,0.5523809523809524,11.6,11.6,24.0,24.0,21.416666666666664,14.0,6.0,1.0,14.0,3.4166666666666665,1.0
2025-12-18,RealEstate,-0.0004665267086541,0.5377777777777778,0.3785714285714285,5.3,6.05,16.0,16.0,13.25,7.0,6.0,1.0,7.0,4.0,0.25
2025-12-18,SteelMaterials,-0.0031486786567898,-0.336,-0.3,-2.1,-2.1,7.0,7.0,6.25,2.0,1.0,4.0,2.0,0.25,4.0
2025-12-18,Technology,-0.0118484731667986,0.3775280898876405,0.2799999999999999,2.8,2.8,10.0,10.0,7.416666666666666,4.0,5.0,1.0,4.0,2.4166666666666665,1.0
2025-12-18,Utilities,0.0093546770130132,0.5482758620689655,0.45,6.3,5.3,15.0,15.0,10.666666666666666,7.0,7.0,0.0,6.0,3.6666666666666665,0.0
2025-12-19,Banking,0.0024138689250074,0.5821917808219179,0.5642857142857143,7.9,7.083333333333334,14.0,14.0,12.166666666666666,11.0,3.0,0.0,9.833333333333332,2.333333333333333,0.0
2025-12-19,ConsumerDiscretionary,0.0050595438094664,0.3214285714285714,0.2736842105263157,5.199999999999999,5.1,21.0,21.0,17.866666666666667,10.0,6.0,3.0,9.0,4.666666666666666,2.2
2025-12-19,ConsumerStaples,0.005317238443031,0.1496259351620948,0.1352941176470588,2.3,2.0000000000000004,17.0,17.0,13.366666666666667,9.0,3.0,5.0,7.5,1.6666666666666663,4.2
2025-12-19,Energy,0.0102936902584002,0.192,0.0499999999999999,0.2999999999999999,0.7999999999999999,6.0,6.0,4.166666666666666,2.0,3.0,1.0,2.0,1.6666666666666663,0.5
2025-12-19,Healthcare,0.0029936857212569,0.85,0.85,1.7,1.7,2.0,2.0,2.0,2.0,0.0,0.0,2.0,0.0,0.0
2025-12-19,IndustrialLogistics,-0.0029363469617396,0.861842105263158,0.76875,12.3,13.1,16.0,16.0,15.2,14.0,1.0,1.0,14.0,1.0,0.2
2025-12-19,RealEstate,0.05161694478237,0.6642335766423357,0.5176470588235295,8.8,9.1,19.0,19.0,15.7,10.0,6.0,1.0,9.5,4.0,0.2
2025-12-19,SteelMaterials,0.0103050488243714,0.1125,0.1375,1.1,0.7500000000000002,8.0,8.0,6.666666666666666,3.0,3.0,2.0,2.5,2.1666666666666665,2.0
2025-12-19,Technology,-0.0036712104709053,0.4493006993006992,0.32,4.8,4.283333333333333,16.0,16.0,10.533333333333331,9.0,3.0,3.0,6.833333333333333,1.0,1.7
2025-12-19,Utilities,0.0022211486127781,0.482258064516129,0.3866666666666667,5.800000000000001,4.983333333333333,18.0,18.0,13.333333333333332,9.0,4.0,2.0,6.833333333333333,2.5,1.0
2025-12-22,Banking,0.0147442062581861,0.5518072289156628,0.5533333333333333,16.6,15.26666666666667,31.0,31.0,28.666666666666664,23.0,6.0,1.0,21.666666666666664,5.0,1.0
2025-12-22,ConsumerDiscretionary,0.0163646690079313,0.2143920595533499,0.2307692307692307,9.0,7.2,40.0,40.0,34.58333333333333,15.0,19.0,5.0,12.25,17.0,4.333333333333334
2025-12-22,ConsumerStaples,-0.0039349273018031,0.3341463414634146,0.375,6.0,4.566666666666666,17.0,17.0,14.666666666666666,8.0,7.0,1.0,6.166666666666666,6.5,1.0
2025-12-22,Energy,0.0147398701249853,0.2242424242424242,0.2428571428571428,3.4,2.4666666666666663,20.0,20.0,16.5,6.0,6.0,2.0,4.666666666666666,5.0,1.3333333333333333
2025-12-22,Healthcare,0.008469147278675,0.3333333333333333,0.3333333333333333,1.0,1.0,4.0,4.0,4.0,1.0,2.0,0.0,1.0,2.0,0.0
2025-12-22,IndustrialLogistics,0.015927158390889,0.7396825396825396,0.7588235294117647,12.9,11.65,19.0,19.0,17.75,15.0,2.0,0.0,13.75,2.0,0.0
2025-12-22,RealEstate,0.041456013759641,0.5476923076923078,0.6111111111111112,16.5,11.866666666666667,39.0,39.0,33.166666666666664,20.0,5.0,2.0,15.166666666666666,4.5,2.0
2025-12-22,SteelMaterials,0.0122458439161909,0.5764705882352942,0.615,12.3,8.166666666666668,20.0,20.0,14.166666666666666,15.0,4.0,1.0,10.666666666666666,2.5,1.0
2025-12-22,Technology,0.0049938285508868,0.5596330275229359,0.5416666666666666,13.0,10.166666666666666,24.0,24.0,18.166666666666664,17.0,5.0,2.0,13.666666666666666,3.0,1.5
2025-12-22,Utilities,0.014349907419952,0.4692857142857143,0.43,12.9,10.95,32.0,32.0,25.33333333333333,18.0,9.0,3.0,15.0,6.5,1.8333333333333333
2025-12-23,Banking,-0.0083465273070434,0.448936170212766,0.4615384615384615,12.0,10.55,26.0,26.0,23.5,17.0,7.0,2.0,15.5,6.5,1.5
2025-12-23,ConsumerDiscretionary,0.0022901086509192,0.3795379537953795,0.4043478260869564,9.3,7.666666666666666,23.0,23.0,20.2,12.0,10.0,1.0,10.366666666666667,8.833333333333332,1.0
2025-12-23,ConsumerStaples,-0.0033944507444914,0.0641592920353982,0.19,1.9,0.4833333333333334,12.0,12.0,9.533333333333331,5.0,1.0,4.0,3.533333333333333,0.5,3.5
2025-12-23,Energy,-0.00254631189583,0.1944444444444444,0.25,2.0,1.1666666666666663,10.0,10.0,6.833333333333333,3.0,4.0,1.0,2.1666666666666665,2.833333333333333,1.0
2025-12-23,Healthcare,0.00406937174692,0.0,0.0,0.0,0.0,2.0,2.0,2.0,0.0,2.0,0.0,0.0,2.0,0.0
2025-12-23,IndustrialLogistics,0.0020193644302038,0.638888888888889,0.6444444444444444,5.8,4.6000000000000005,10.0,10.0,8.2,6.0,3.0,0.0,4.7,2.5,0.0
2025-12-23,RealEstate,0.0380035750488651,0.3806451612903226,0.4352941176470588,7.4,5.9,20.0,20.0,18.5,9.0,6.0,2.0,7.5,6.0,2.0
2025-12-23,SteelMaterials,-0.0105578147665054,0.5150375939849624,0.6090909090909091,6.7,4.566666666666666,12.0,12.0,9.2,9.0,1.0,1.0,6.866666666666666,1.0,1.0
2025-12-23,Technology,-0.0027167052577668,0.416289592760181,0.52,5.2,3.066666666666667,11.0,11.0,7.7,6.0,4.0,0.0,3.8666666666666663,3.5,0.0
2025-12-23,Utilities,-0.000768547483935,0.4536585365853658,0.45,4.5,3.1,12.0,12.0,8.333333333333332,5.0,5.0,0.0,3.5,3.333333333333333,0.0
2025-12-24,Banking,0.0051369877589022,0.398780487804878,0.325,5.2,5.45,18.0,18.0,15.0,8.0,6.0,2.0,8.0,4.166666666666666,1.5
2025-12-24,ConsumerDiscretionary,0.0121196100972265,0.4097560975609756,0.4624999999999999,11.1,8.4,27.0,27.0,22.5,16.0,6.0,2.0,13.0,5.5,2.0
2025-12-24,ConsumerStaples,-0.010173226792417,0.25,0.3230769230769231,4.2,2.666666666666667,16.0,16.0,13.0,7.0,4.0,2.0,5.166666666666666,3.5,2.0
2025-12-24,Energy,0.0022613925990938,0.35,0.3333333333333333,3.0,2.333333333333333,12.0,12.0,9.0,3.0,6.0,0.0,2.333333333333333,4.333333333333333,0.0
2025-12-24,Healthcare,-0.001331127184498,0.5,0.5,1.0,1.0,2.0,2.0,2.0,1.0,1.0,0.0,1.0,1.0,0.0
2025-12-24,IndustrialLogistics,-0.000882164580557,0.4966666666666666,0.4833333333333333,5.8,4.966666666666666,15.0,15.0,13.0,6.0,6.0,0.0,5.166666666666666,4.833333333333333,0.0
2025-12-24,RealEstate,0.0214288777590285,0.5630434782608695,0.6277777777777778,11.3,8.633333333333333,23.0,23.0,19.0,12.0,6.0,0.0,9.333333333333334,6.0,0.0
2025-12-24,SteelMaterials,0.0008925852533871,-0.0105263157894736,0.1999999999999999,0.7999999999999999,-0.0333333333333333,5.0,5.0,4.166666666666666,2.0,1.0,1.0,1.1666666666666663,1.0,1.0
2025-12-24,Technology,-0.0071195861680994,0.5704918032786885,0.5615384615384615,7.3,5.8,13.0,13.0,10.166666666666666,9.0,4.0,0.0,7.5,2.6666666666666665,0.0
2025-12-24,Utilities,-0.0034591699974622,0.2885714285714286,0.21,2.1,1.6833333333333331,13.0,13.0,7.166666666666666,4.0,5.0,1.0,3.333333333333333,2.0,0.5
2025-12-25,Banking,0.0012799280663967,0.48,0.5,6.5,6.0,13.0,13.0,12.5,10.0,2.0,1.0,9.5,2.0,1.0
2025-12-25,ConsumerDiscretionary,-0.012330145727061,0.3649999999999999,0.364,9.1,7.299999999999999,27.0,27.0,22.0,14.0,8.0,3.0,11.5,6.0,2.5
2025-12-25,ConsumerStaples,-0.0047366142442628,0.2411764705882352,0.3272727272727272,3.6,2.05,13.0,13.0,10.0,6.0,3.0,2.0,4.25,2.25,2.0
2025-12-25,Energy,0.0008538336679653,0.48,0.3,1.8,1.8,9.0,9.0,5.75,3.0,2.0,1.0,2.5,0.75,0.5
2025-12-25,Healthcare,-0.0006979155417055,-0.4,-0.4,-0.4,-0.4,1.0,1.0,1.0,0.0,0.0,1.0,0.0,0.0,1.0
2025-12-25,IndustrialLogistics,-0.000740511543515,0.10625,0.16,1.6,0.85,12.0,12.0,10.0,2.0,8.0,0.0,1.25,6.75,0.0
2025-12-25,RealEstate,-0.0486287540007602,0.4709677419354839,0.5384615384615384,7.0,4.866666666666667,18.0,18.0,15.333333333333332,10.0,1.0,2.0,7.333333333333333,1.0,2.0
2025-12-25,SteelMaterials,-0.0060743380796164,0.5,0.625,5.0,3.0,8.0,8.0,6.0,7.0,0.0,1.0,5.0,0.0,1.0
2025-12-25,Technology,-0.0093156782322293,0.5391304347826087,0.4076923076923077,5.3,5.166666666666666,13.0,13.0,9.583333333333332,7.0,6.0,0.0,6.333333333333334,3.25,0.0
2025-12-25,Utilities,-0.0024391372077155,0.3147058823529411,0.23125,3.7,3.5666666666666664,17.0,17.0,11.833333333333332,6.0,10.0,0.0,5.333333333333334,6.0,0.0
2025-12-26,Banking,0.001837346484866,0.2857142857142857,0.1999999999999999,2.4,3.2,12.0,12.0,11.2,6.0,3.0,3.0,6.0,3.0,2.2
2025-12-26,ConsumerDiscretionary,0.0009873578604886,0.3271028037383178,0.2928571428571428,4.1,3.5,14.0,14.0,10.7,7.0,5.0,2.0,5.5,4.0,1.2
2025-12-26,ConsumerStaples,0.0005517807906015,0.2111111111111111,0.24,2.4000000000000004,1.9,11.0,11.0,10.0,4.0,4.0,2.0,3.5,3.5,2.0
2025-12-26,Energy,0.0216787752201021,0.4137931034482759,0.4000000000000001,2.4000000000000004,2.0,10.0,10.0,8.333333333333332,3.0,3.0,0.0,2.5,2.333333333333333,0.0
2025-12-26,Healthcare,-0.0052080975889429,0.7,0.7,0.7,0.7,2.0,2.0,2.0,1.0,0.0,0.0,1.0,0.0,0.0
2025-12-26,IndustrialLogistics,-0.0161341978266053,0.5882352941176471,0.5,4.5,5.0,11.0,11.0,10.5,6.0,2.0,1.0,6.0,2.0,0.5
2025-12-26,RealEstate,-0.020003889731988,-0.0424528301886792,-0.0739130434782608,-1.6999999999999993,-0.9000000000000004,28.0,28.0,26.2,9.0,4.0,10.0,8.5,4.0,8.7
2025-12-26,SteelMaterials,0.0161004378894501,0.7142857142857143,0.44,2.2,3.0,5.0,5.0,4.2,4.0,0.0,1.0,4.0,0.0,0.2
2025-12-26,Technology,-0.0017693979778841,0.707641196013289,0.5230769230769231,6.8,7.1,13.0,13.0,10.033333333333331,8.0,4.0,1.0,7.5,2.333333333333333,0.2
2025-12-26,Utilities,0.0047834554876808,0.3145161290322581,0.3166666666666666,4.75,3.25,16.0,16.0,10.833333333333332,6.0,8.0,1.0,4.5,4.833333333333333,1.0
2025-12-29,Banking,0.0009617234083478,0.504424778761062,0.495,9.9,9.5,20.0,20.0,18.83333333333333,14.0,4.0,2.0,13.5,3.333333333333333,2.0
2025-12-29,ConsumerDiscretionary,0.0097642342302787,0.5011990407673861,0.4833333333333333,23.2,20.9,50.0,50.0,43.7,31.0,13.0,4.0,27.53333333333333,11.333333333333332,2.833333333333333
2025-12-29,ConsumerStaples,0.0044366809121914,-0.0222222222222222,-0.0047619047619047,-0.0999999999999997,-0.3999999999999999,21.0,21.0,18.0,5.0,11.0,5.0,3.5,10.5,4.0
2025-12-29,Energy,0.0447171056865032,0.350375939849624,0.2785714285714285,3.9,3.883333333333333,19.0,19.0,15.583333333333332,8.0,4.0,2.0,6.833333333333333,3.0,1.25
2025-12-29,Healthcare,0.00363811158029,0.2,0.2,1.0,1.0,5.0,5.0,5.0,1.0,4.0,0.0,1.0,4.0,0.0
2025-12-29,IndustrialLogistics,0.0093011067794485,0.4524271844660193,0.4037037037037037,10.9,11.65,29.0,29.0,27.75,13.0,13.0,1.0,13.0,12.5,0.25
2025-12-29,RealEstate,0.0558969804696502,0.3482616381850324,0.3193548387096773,9.9,9.85,42.0,42.0,38.78333333333333,15.0,13.0,3.0,14.2,11.833333333333332,2.25
2025-12-29,SteelMaterials,-0.0015478886437515,0.2265193370165746,0.1875,1.5,1.3666666666666667,8.0,8.0,6.033333333333333,4.0,2.0,2.0,3.2,1.5,1.3333333333333333
2025-12-29,Technology,0.0136965106382917,0.3271461716937354,0.2599999999999999,5.199999999999999,4.699999999999999,20.0,20.0,14.366666666666667,6.0,13.0,1.0,5.2,8.666666666666666,0.5
2025-12-29,Utilities,0.0093491200828157,0.2484342379958246,0.2303030303030303,7.6,5.95,34.0,34.0,24.95,12.0,18.0,3.0,8.033333333333333,14.333333333333332,1.5833333333333333
2025-12-30,Banking,0.0095814970907964,0.4291891891891892,0.4555555555555555,8.2,6.616666666666666,18.0,18.0,15.416666666666666,10.0,8.0,0.0,8.416666666666666,7.0,0.0
2025-12-30,ConsumerDiscretionary,0.0039781725897063,0.26875,0.2235294117647058,3.8,4.300000000000001,19.0,19.0,18.0,9.0,4.0,4.0,9.0,3.5,3.5
2025-12-30,ConsumerStaples,0.0100540908921791,0.2170212765957447,0.2444444444444444,2.2,1.7000000000000002,9.0,9.0,7.833333333333333,3.0,5.0,1.0,2.5,4.333333333333334,1.0
2025-12-30,Energy,-0.0083583299210412,0.6313253012048192,0.71,7.1,4.366666666666666,12.0,12.0,8.916666666666666,8.0,2.0,0.0,4.916666666666666,2.0,0.0
2025-12-30,Healthcare,0.0079096320534688,1.0,1.0,2.0,1.5,2.0,2.0,1.5,2.0,0.0,0.0,1.5,0.0,0.0
2025-12-30,IndustrialLogistics,-0.0013271736062782,0.8736842105263157,0.890909090909091,9.8,8.299999999999999,13.0,13.0,11.5,11.0,0.0,0.0,9.5,0.0,0.0
2025-12-30,RealEstate,0.0005327996665176,0.9454545454545454,0.9571428571428572,6.7,5.2,13.0,13.0,11.5,7.0,0.0,0.0,5.5,0.0,0.0
2025-12-30,SteelMaterials,-0.0130113355391285,0.0064516129032258,0.1444444444444444,1.2999999999999998,0.05,9.0,9.0,7.75,4.0,2.0,3.0,2.75,2.0,3.0
2025-12-30,Technology,0.0169716640777339,0.6715596330275231,0.7076923076923076,9.2,6.1000000000000005,13.0,13.0,9.083333333333332,10.0,3.0,0.0,6.75,2.333333333333333,0.0
2025-12-30,Utilities,-0.0063817326641003,0.3012345679012345,0.2888888888888889,5.2,4.066666666666666,18.0,18.0,13.5,8.0,8.0,2.0,6.166666666666666,5.833333333333333,1.5
2025-12-31,Banking,-0.0020839828909252,0.4265232974910394,0.49375,7.9,5.95,16.0,16.0,13.95,11.0,3.0,2.0,8.95,3.0,2.0
2025-12-31,ConsumerDiscretionary,-0.0047054137810501,0.5035971223021583,0.5315789473684212,10.1,7.0,22.0,22.0,16.4,12.0,7.0,0.0,8.9,5.0,0.0
2025-12-31,ConsumerStaples,-0.0068414094656201,0.0678571428571428,0.2153846153846153,2.8,0.6333333333333333,13.0,13.0,9.333333333333334,5.0,6.0,2.0,2.833333333333333,4.5,2.0
2025-12-31,Energy,-0.0164543082043531,0.183673469387755,0.5,2.0,0.45,6.0,6.0,3.95,2.0,2.0,0.0,0.45,2.0,0.0
2025-12-31,Healthcare,0.0130601881605099,0.6,0.6,1.8,1.8,3.0,3.0,3.0,2.0,1.0,0.0,2.0,1.0,0.0
2025-12-31,IndustrialLogistics,-0.0092647598293846,0.5121951219512195,0.55,5.5,4.2,11.0,11.0,9.2,6.0,4.0,0.0,4.7,3.5,0.0
2025-12-31,RealEstate,0.0187891810395578,0.6699629171817058,0.7294117647058823,12.4,9.033333333333331,23.0,23.0,19.48333333333333,14.0,2.0,1.0,10.483333333333334,2.0,1.0
2025-12-31,SteelMaterials,-0.0079599186319227,0.4344262295081967,0.675,2.7,0.8833333333333333,4.0,4.0,2.033333333333333,3.0,1.0,0.0,1.0333333333333332,1.0,0.0
2025-12-31,Technology,0.0013758928393434,0.2169312169312169,0.3214285714285714,4.5,2.05,15.0,15.0,9.95,6.0,7.0,1.0,3.45,5.0,1.0
2025-12-31,Utilities,-0.0043692712034274,0.5882352941176471,0.4857142857142857,6.8,6.0,15.0,15.0,10.7,7.0,7.0,0.0,6.2,4.0,0.0
2026-01-05,Banking,-0.0084440047746308,0.5374878286270692,0.5435897435897437,21.200000000000003,18.4,39.0,39.0,34.233333333333334,30.0,8.0,1.0,27.200000000000003,6.033333333333333,1.0
2026-01-05,ConsumerDiscretionary,0.0243830087519419,0.2877372702621272,0.3369230769230769,21.9,15.916666666666668,67.0,67.0,56.81666666666666,33.0,25.0,7.0,26.116666666666667,22.7,6.5
2026-01-05,ConsumerStaples,-0.0119000400699463,0.3377851975514746,0.3799999999999999,13.3,10.116666666666664,35.0,35.0,29.95,18.0,14.0,3.0,14.416666666666666,12.533333333333331,3.0
2026-01-05,Energy,0.0412428398473957,0.5770282588878761,0.5818181818181819,12.8,10.55,24.0,24.0,20.28333333333333,15.0,6.0,1.0,12.75,4.533333333333334,1.0
2026-01-05,Healthcare,-0.0034893991395229,0.5,0.5,1.0,1.0,3.0,3.0,3.0,1.0,1.0,0.0,1.0,1.0,0.0
2026-01-05,IndustrialLogistics,-0.002564095455455,0.6717171717171717,0.6666666666666666,24.0,22.166666666666668,38.0,38.0,35.0,26.0,10.0,0.0,24.166666666666664,8.833333333333332,0.0
2026-01-05,RealEstate,0.0299906373994221,0.5871559633027523,0.5972222222222222,21.5,19.200000000000003,57.0,57.0,52.36666666666666,27.0,7.0,2.0,24.2,7.0,1.5
2026-01-05,SteelMaterials,-0.0186544312080103,0.4909596662030598,0.5352941176470589,9.1,5.883333333333333,17.0,17.0,11.983333333333333,13.0,2.0,2.0,9.283333333333337,1.2,1.5
2026-01-05,Technology,-0.0074469412321146,0.3337988826815642,0.3310344827586207,9.6,7.966666666666666,32.0,32.0,25.53333333333333,15.0,12.0,2.0,13.366666666666664,8.5,2.0
2026-01-05,Utilities,-0.0023979042849528,0.3346153846153846,0.2863636363636364,12.6,11.6,49.0,49.0,37.833333333333336,16.0,24.0,4.0,14.5,16.666666666666668,3.5
2026-01-06,Banking,0.01153842731628,0.126,0.1,0.9000000000000001,0.9000000000000001,9.0,9.0,7.142857142857142,2.0,6.0,1.0,2.0,4.142857142857142,1.0
2026-01-06,ConsumerDiscretionary,0.0100234829613758,0.4108108108108108,0.4909090909090909,5.4,3.8,11.0,11.0,9.25,7.0,3.0,1.0,5.25,3.0,1.0
2026-01-06,ConsumerStaples,-0.0001761174477331,0.156198347107438,0.1699999999999999,1.7,1.35,10.0,10.0,8.642857142857142,4.0,4.0,2.0,3.5,3.142857142857143,2.0
2026-01-06,Energy,0.0515446961266402,-0.0289256198347107,0.0454545454545454,0.5,-0.25,11.0,11.0,8.642857142857142,3.0,5.0,3.0,2.25,3.392857142857143,3.0
2026-01-06,Healthcare,-0.0003157676521429,0.9,0.85,1.7,1.35,2.0,2.0,1.5,2.0,0.0,0.0,1.5,0.0,0.0
2026-01-06,IndustrialLogistics,-0.0051077094710933,0.2947368421052632,0.2,1.0,1.0,8.0,8.0,6.392857142857142,1.0,4.0,0.0,1.0,2.392857142857143,0.0
2026-01-06,RealEstate,0.0231271208561733,0.440655737704918,0.3692307692307692,4.8,4.8,19.0,19.0,16.226190476190474,6.0,7.0,0.0,6.0,4.892857142857142,0.0
2026-01-06,SteelMaterials,-0.0031093245378959,0.4666666666666667,0.4666666666666666,2.8,2.05,6.0,6.0,4.392857142857142,4.0,2.0,0.0,3.25,1.1428571428571428,0.0
2026-01-06,Technology,-0.0058821242592465,0.2103626943005181,0.2,1.8,1.4499999999999995,10.0,10.0,7.226190476190475,4.0,4.0,1.0,3.5,2.392857142857143,1.0
2026-01-06,Utilities,0.0109734408923944,0.2137931034482758,0.3111111111111111,2.8,1.55,12.0,12.0,9.583333333333332,5.0,2.0,2.0,3.75,1.5,2.0
2026-01-07,Banking,0.0425324188150607,0.3527896995708154,0.3583333333333333,4.3,3.425,12.0,12.0,9.708333333333332,7.0,4.0,1.0,6.125,2.583333333333333,1.0
2026-01-07,ConsumerDiscretionary,0.0228764212817368,0.5015197568389058,0.4941176470588234,8.399999999999999,6.875,17.0,17.0,13.708333333333332,11.0,6.0,0.0,9.125,4.583333333333333,0.0
2026-01-07,ConsumerStaples,0.0132669316556834,0.3208163265306123,0.3071428571428571,4.3,3.2750000000000004,14.0,14.0,10.208333333333332,7.0,5.0,2.0,5.625,2.583333333333333,2.0
2026-01-07,Energy,0.0506724843445164,0.5169811320754717,0.48,4.8,3.425,10.0,10.0,6.625,5.0,5.0,0.0,3.625,3.0,0.0
2026-01-07,Healthcare,0.0051559014677471,1.0,1.0,1.0,0.3333333333333333,1.0,1.0,0.3333333333333333,1.0,0.0,0.0,0.3333333333333333,0.0,0.0
2026-01-07,IndustrialLogistics,0.0351340489801662,0.6476190476190476,0.6636363636363636,7.3,6.8,13.0,13.0,12.0,9.0,2.0,0.0,8.5,2.0,0.0
2026-01-07,RealEstate,0.0256669458783145,0.0694736842105263,0.1571428571428571,2.2,0.825,20.0,20.0,16.708333333333332,6.0,3.0,5.0,4.625,2.25,5.0
2026-01-07,SteelMaterials,0.0305920343153753,0.8117647058823529,0.8666666666666667,2.6,1.725,3.0,3.0,2.125,3.0,0.0,0.0,2.125,0.0,0.0
2026-01-07,Technology,0.0564864040834297,0.3575289575289576,0.3933333333333333,5.9,3.858333333333333,16.0,16.0,11.125,7.0,8.0,0.0,4.958333333333334,5.833333333333333,0.0
2026-01-07,Utilities,0.0293022216473219,0.4996825396825397,0.4526315789473684,8.6,6.558333333333334,22.0,22.0,15.458333333333332,9.0,10.0,0.0,6.958333333333333,6.166666666666666,0.0
2026-01-08,Banking,0.0466504740263649,0.4641555285540705,0.5210526315789474,9.9,7.276190476190476,19.0,19.0,15.676190476190476,14.0,3.0,2.0,11.176190476190476,2.5,2.0
2026-01-08,ConsumerDiscretionary,-0.0176243139445836,0.1790575916230366,0.2533333333333333,3.8,2.4428571428571426,18.0,18.0,16.642857142857142,7.0,4.0,4.0,5.642857142857142,4.0,4.0
2026-01-08,ConsumerStaples,0.0053184190201431,-0.3944444444444444,-0.3473684210526315,-6.6,-7.1,19.0,19.0,18.0,4.0,4.0,11.0,3.5,3.5,11.0
2026-01-08,Energy,0.0164879813156687,0.8436724565756825,0.8571428571428571,12.0,6.476190476190476,15.0,15.0,8.676190476190476,13.0,1.0,0.0,7.1761904761904765,0.5,0.0
2026-01-08,Healthcare,0.0006483682731791,1.0,1.0,1.0,1.0,1.0,1.0,1.0,1.0,0.0,0.0,1.0,0.0,0.0
2026-01-08,IndustrialLogistics,0.0041990583995176,0.4896551724137931,0.5888888888888889,5.3,3.55,12.0,12.0,10.25,7.0,1.0,1.0,5.25,1.0,1.0
2026-01-08,RealEstate,-0.025180856976265,0.4636015325670497,0.625,5.0,2.5928571428571425,15.0,15.0,11.592857142857142,6.0,1.0,1.0,3.5928571428571425,1.0,1.0
2026-01-08,SteelMaterials,-0.0059357976252171,0.5371900826446282,0.76,3.8,1.3928571428571428,6.0,6.0,3.0928571428571425,4.0,1.0,0.0,1.5928571428571427,1.0,0.0
2026-01-08,Technology,0.00098725896492,0.4636015325670498,0.6,6.0,2.5928571428571425,10.0,10.0,5.592857142857143,6.0,4.0,0.0,2.5928571428571425,3.0,0.0
2026-01-08,Utilities,0.0075038838754499,0.5611940298507463,0.5923076923076922,7.699999999999999,4.476190476190476,15.0,15.0,9.476190476190474,9.0,4.0,0.0,5.476190476190476,2.5,0.0
2026-01-09,Banking,0.0680372810440309,0.3901060070671379,0.2294117647058823,3.9,5.257142857142857,17.0,17.0,13.476190476190474,8.0,6.0,3.0,8.0,3.833333333333333,1.6428571428571428
2026-01-09,ConsumerDiscretionary,0.0007386640576796,0.0314529914529914,0.0291666666666666,0.7000000000000002,0.657142857142857,26.0,26.0,22.892857142857142,10.0,6.0,8.0,9.0,4.75,7.142857142857142
2026-01-09,ConsumerStaples,-0.0096218181491044,-0.138252427184466,-0.1428571428571428,-3.0,-2.5428571428571427,22.0,22.0,19.392857142857142,6.0,6.0,9.0,5.5,4.75,8.142857142857142
2026-01-09,Energy,0.022181488540329,0.3453124999999999,0.209090909090909,2.3,3.1571428571428566,12.0,12.0,10.142857142857142,5.0,4.0,2.0,5.0,3.0,1.1428571428571428
2026-01-09,Healthcare,0.000582648721086,1.0,1.0,1.0,1.0,1.0,1.0,1.0,1.0,0.0,0.0,1.0,0.0,0.0
2026-01-09,IndustrialLogistics,0.0069773082509168,0.5526315789473685,0.5,3.5,3.5,8.0,8.0,7.333333333333333,4.0,3.0,0.0,4.0,2.333333333333333,0.0
2026-01-09,RealEstate,-0.0178554007647288,0.4682926829268293,0.3375,2.7,3.2,18.0,18.0,16.333333333333332,4.0,3.0,1.0,4.0,2.333333333333333,0.5
2026-01-09,SteelMaterials,-0.0090073070140717,0.3214953271028037,0.1777777777777777,1.6,2.4571428571428573,9.0,9.0,7.642857142857142,5.0,1.0,3.0,5.0,0.5,2.142857142857143
2026-01-09,Technology,0.067520616923004,0.1402061855670103,0.05,0.6000000000000001,1.4571428571428573,12.0,12.0,10.392857142857142,3.0,7.0,2.0,3.0,6.25,1.1428571428571428
2026-01-09,Utilities,-0.0016120986561867,0.1526104417670682,0.0769230769230769,1.0,1.3571428571428572,14.0,14.0,9.392857142857142,2.0,10.0,1.0,1.5,7.25,0.1428571428571428
2026-01-12,Banking,0.0523352629560066,0.5758389261744967,0.5625,27.0,21.450000000000003,48.0,48.0,37.25,35.0,10.0,3.0,28.83333333333333,6.083333333333333,2.333333333333333
2026-01-12,ConsumerDiscretionary,0.019952826483824,0.262240663900415,0.3,14.4,10.533333333333337,51.0,51.0,42.5,22.0,18.0,8.0,17.333333333333332,15.833333333333332,7.0
2026-01-12,ConsumerStaples,0.01878436137647,-0.1312320916905444,-0.05,-1.7000000000000002,-3.8166666666666673,34.0,34.0,29.083333333333336,13.0,7.0,14.0,10.083333333333332,6.0,13.0
2026-01-12,Energy,-0.0174542081898871,0.3540816326530612,0.3545454545454545,7.8,5.783333333333333,25.0,25.0,18.166666666666664,10.0,10.0,2.0,7.416666666666666,7.583333333333333,1.3333333333333333
2026-01-12,Healthcare,0.0040870074753041,0.1555555555555555,0.1399999999999999,0.7,0.7,5.0,5.0,4.5,2.0,2.0,1.0,2.0,1.5,1.0
2026-01-12,IndustrialLogistics,0.0161968532638275,0.4686567164179104,0.5535714285714286,15.5,10.466666666666669,29.0,29.0,23.33333333333333,18.0,9.0,1.0,12.833333333333334,8.5,1.0
2026-01-12,RealEstate,-0.0397800319698969,0.7087499999999999,0.7238095238095238,15.2,9.45,37.0,37.0,27.666666666666668,16.0,5.0,0.0,10.25,3.083333333333333,0.0
2026-01-12,SteelMaterials,0.0486316529215029,0.7714285714285714,0.7999999999999999,4.8,1.8,6.0,6.0,2.333333333333333,5.0,1.0,0.0,2.0,0.3333333333333333,0.0
2026-01-12,Technology,0.0416112314324715,0.2974729241877256,0.4,12.8,6.866666666666667,34.0,34.0,24.083333333333336,17.0,12.0,3.0,10.833333333333334,9.25,3.0
2026-01-12,Utilities,-0.0030411877394636,0.2301158301158301,0.3176470588235294,10.8,4.966666666666667,38.0,38.0,25.08333333333333,14.0,18.0,2.0,7.416666666666665,12.833333333333332,1.3333333333333333
2026-01-13,Banking,0.016182651903779,0.6813509544787079,0.7055555555555555,12.7,9.942857142857145,19.0,19.0,14.926190476190476,16.0,2.0,0.0,13.092857142857142,1.5,0.0
2026-01-13,ConsumerDiscretionary,-0.0043531060611099,0.3798335780714635,0.4315789473684211,8.200000000000001,5.542857142857143,23.0,23.0,18.59285714285714,12.0,4.0,3.0,8.592857142857142,3.5,2.5
2026-01-13,ConsumerStaples,0.0288959351564928,-0.3398773006134969,-0.2285714285714286,-3.2,-3.957142857142857,14.0,14.0,11.642857142857142,4.0,3.0,7.0,2.642857142857143,2.5,6.5
2026-01-13,Energy,0.0691813709830109,0.6810126582278482,0.7125,5.7,3.842857142857143,10.0,10.0,7.142857142857142,6.0,2.0,0.0,4.142857142857142,1.5,0.0
2026-01-13,Healthcare,0.0050446255335661,,,,,,,,,,,,,
2026-01-13,IndustrialLogistics,-0.0045346975148768,0.7272727272727272,0.7555555555555555,6.8,5.6,10.0,10.0,8.7,7.0,2.0,0.0,5.7,2.0,0.0
2026-01-13,RealEstate,0.0168832649421787,0.6849073256840248,0.7545454545454546,8.3,5.542857142857143,21.0,21.0,16.926190476190477,9.0,2.0,0.0,6.092857142857143,2.0,0.0
2026-01-13,SteelMaterials,-0.0062923188939263,0.3389232127096204,0.4090909090909091,4.5,2.742857142857143,11.0,11.0,8.092857142857143,7.0,2.0,2.0,4.592857142857143,2.0,1.5
2026-01-13,Technology,0.0080853329691945,0.7374999999999999,0.85,1.7,0.8428571428571427,2.0,2.0,1.1428571428571428,2.0,0.0,0.0,1.1428571428571428,0.0,0.0
2026-01-13,Utilities,0.0343226068953765,0.3047619047619048,0.3285714285714286,4.6000000000000005,3.2,15.0,15.0,10.833333333333332,8.0,4.0,2.0,6.0,3.0,1.5
2026-01-14,Banking,0.0331086629543704,0.4855284552845528,0.54,10.8,7.109523809523809,20.0,20.0,14.642857142857142,12.0,8.0,0.0,8.30952380952381,6.333333333333333,0.0
2026-01-14,ConsumerDiscretionary,-0.0038045907886911,0.1618025751072961,0.2055555555555555,3.7,2.6928571428571426,18.0,18.0,16.642857142857142,8.0,5.0,5.0,6.642857142857142,5.0,5.0
2026-01-14,ConsumerStaples,0.051839325761475,0.5429411764705883,0.5785714285714285,8.1,6.592857142857143,14.0,14.0,12.142857142857142,10.0,3.0,1.0,8.142857142857142,3.0,1.0
2026-01-14,Energy,0.0265833598530165,0.4895027624309391,0.6857142857142857,4.8,2.109523809523809,9.0,9.0,6.309523809523809,5.0,2.0,0.0,2.3095238095238093,2.0,0.0
2026-01-14,Healthcare,0.0046978050740891,0.4,0.4,0.4,0.4,1.0,1.0,1.0,1.0,0.0,0.0,1.0,0.0,0.0
2026-01-14,IndustrialLogistics,0.0315354433925955,0.6549295774647887,0.7083333333333334,8.5,6.642857142857143,13.0,13.0,11.142857142857142,9.0,3.0,0.0,7.142857142857142,3.0,0.0
2026-01-14,RealEstate,-0.0305192655831703,0.4913333333333333,0.5700000000000001,5.7,3.509523809523809,21.0,21.0,17.642857142857142,7.0,2.0,1.0,4.809523809523809,1.3333333333333333,1.0
2026-01-14,SteelMaterials,0.0042693515393095,0.7999999999999999,0.85,3.4,2.4,4.0,4.0,3.0,4.0,0.0,0.0,3.0,0.0,0.0
2026-01-14,Technology,0.0571597826159812,0.3265822784810127,0.3857142857142857,2.7,1.8428571428571427,9.0,9.0,7.142857142857142,3.0,4.0,0.0,2.142857142857143,3.5,0.0
2026-01-14,Utilities,-0.0027946382857937,0.6600000000000001,0.5454545454545454,6.0,5.5,12.0,12.0,9.333333333333332,6.0,5.0,0.0,5.5,2.833333333333333,0.0
2026-01-15,Banking,-0.0529439449595983,0.2730318257956449,0.0714285714285714,1.0000000000000002,2.716666666666667,14.0,14.0,9.95,5.0,5.0,4.0,4.333333333333334,4.0,1.6166666666666667
2026-01-15,ConsumerDiscretionary,-0.0160396242939419,0.2520231213872832,0.188235294117647,3.2,3.633333333333333,19.0,19.0,16.416666666666664,7.0,5.0,5.0,6.5,3.75,4.166666666666666
2026-01-15,ConsumerStaples,0.0117564430248209,0.2806484295845998,0.1649999999999999,3.3,4.616666666666667,20.0,20.0,16.450000000000003,9.0,6.0,5.0,7.833333333333333,6.0,2.6166666666666663
2026-01-15,Energy,0.0029694319247242,0.3421052631578948,0.2266666666666666,3.4000000000000004,3.2500000000000004,16.0,16.0,10.5,6.0,7.0,2.0,4.0,5.083333333333333,0.4166666666666666
2026-01-15,Healthcare,0.0147463379385065,0.7,0.7,0.7,0.7,1.0,1.0,1.0,1.0,0.0,0.0,1.0,0.0,0.0
2026-01-15,IndustrialLogistics,0.0087270475248032,0.6614349775784754,0.5705882352941176,9.7,9.833333333333334,19.0,19.0,16.866666666666667,13.0,2.0,2.0,12.333333333333332,1.3333333333333333,1.2
2026-01-15,RealEstate,-0.0340903837519331,0.3896457765667575,0.0,0.0,2.3833333333333333,16.0,16.0,12.616666666666667,3.0,3.0,3.0,3.0,2.5,0.6166666666666666
2026-01-15,SteelMaterials,0.0303548677599854,0.4888888888888889,0.0999999999999999,0.2999999999999999,0.7333333333333333,4.0,4.0,2.5,2.0,0.0,1.0,1.3333333333333333,0.0,0.1666666666666666
2026-01-15,Technology,0.0356010043391836,0.6618705035971222,0.48,4.8,4.6,11.0,11.0,7.95,6.0,3.0,1.0,5.0,1.75,0.2
2026-01-15,Utilities,-0.003433575913242,0.2409356725146199,0.275,5.5,3.4333333333333336,22.0,22.0,15.75,6.0,14.0,0.0,3.6666666666666665,10.583333333333332,0.0
2026-01-16,Banking,0.0044246571581096,0.4076433121019108,0.2277777777777777,4.1,6.4,18.0,18.0,15.7,10.0,4.0,4.0,10.0,4.0,1.6999999999999995
2026-01-16,ConsumerDiscretionary,0.0555381029202504,0.5128205128205129,0.4333333333333333,6.5,6.666666666666667,17.0,17.0,15.0,9.0,4.0,2.0,8.333333333333332,3.5,1.1666666666666663
2026-01-16,ConsumerStaples,-0.0062322401250993,0.0138888888888889,-0.22,-2.2,0.1,10.0,10.0,7.199999999999999,2.0,3.0,5.0,2.0,2.5,2.7
2026-01-16,Energy,-0.0108130445886328,-0.5714285714285715,-0.6666666666666666,-2.0,-1.3333333333333333,5.0,5.0,3.833333333333333,0.0,1.0,2.0,0.0,1.0,1.3333333333333333
2026-01-16,Healthcare,0.0063697506323375,0.7,0.7,0.7,0.7,2.0,2.0,1.5,1.0,0.0,0.0,1.0,0.0,0.0
2026-01-16,IndustrialLogistics,-0.0048713647101619,0.1503496503496503,0.1181818181818181,1.2999999999999998,1.4333333333333336,14.0,14.0,12.033333333333331,5.0,3.0,3.0,4.333333333333334,3.0,2.2
2026-01-16,RealEstate,0.0328347948868169,0.4853801169590643,0.225,1.8000000000000005,2.7666666666666666,20.0,20.0,15.7,5.0,0.0,3.0,4.333333333333334,0.0,1.3666666666666667
2026-01-16,SteelMaterials,-0.005861365953109,-0.0526315789473684,-0.25,-1.0,-0.1666666666666666,5.0,5.0,3.6666666666666665,1.0,1.0,2.0,1.0,1.0,1.1666666666666663
2026-01-16,Technology,0.0320409893459078,0.352760736196319,0.1692307692307692,2.2,3.833333333333333,13.0,13.0,10.866666666666667,6.0,4.0,3.0,6.0,3.5,1.3666666666666667
2026-01-16,Utilities,0.0075032826861751,0.1076923076923076,0.0875,0.7,0.7,11.0,11.0,8.5,1.0,7.0,0.0,1.0,5.5,0.0
2026-01-19,Banking,0.007849637784056,0.4726077428780131,0.4461538461538461,17.4,16.175,40.0,40.0,35.224999999999994,26.0,11.0,2.0,23.9,9.2,1.125
2026-01-19,ConsumerDiscretionary,0.0200946288477284,0.2580706060033981,0.2711538461538461,14.099999999999998,11.391666666666666,55.0,55.0,47.141666666666666,25.0,19.0,8.0,21.066666666666663,16.45,6.625
2026-01-19,ConsumerStaples,-0.0090058562907367,-0.1394799054373522,-0.1133333333333333,-1.7,-1.475,15.0,15.0,10.575,2.0,9.0,4.0,1.0,6.95,2.625
2026-01-19,Energy,0.0477629372379527,0.3539867953275775,0.295,5.9,5.808333333333334,25.0,25.0,21.40833333333333,9.0,9.0,2.0,7.533333333333333,8.25,0.625
2026-01-19,Healthcare,0.0024339881401762,1.0,1.0,1.0,1.0,2.0,2.0,1.5,1.0,0.0,0.0,1.0,0.0,0.0
2026-01-19,IndustrialLogistics,-0.0077181619516094,0.3403141361256545,0.2529411764705882,4.3,4.875,19.0,19.0,16.325,9.0,5.0,3.0,8.2,4.5,1.625
2026-01-19,RealEstate,0.0043612386435352,0.4167073766487543,0.4318181818181818,9.5,7.108333333333333,39.0,39.0,34.05833333333334,12.0,7.0,3.0,8.733333333333333,6.2,2.125
2026-01-19,SteelMaterials,-0.0042327656342992,0.1906354515050167,0.1071428571428571,1.5,2.375,14.0,14.0,12.458333333333334,7.0,2.0,5.0,7.0,1.3333333333333333,4.125
2026-01-19,Technology,0.01106261422713,0.5173514160351018,0.4518518518518518,12.2,10.808333333333334,29.0,29.0,22.391666666666666,15.0,10.0,2.0,12.733333333333334,7.033333333333333,1.125
2026-01-19,Utilities,-0.0040059114853684,0.2878661087866109,0.3038461538461538,7.899999999999999,5.733333333333333,26.0,26.0,19.916666666666664,10.0,15.0,1.0,7.833333333333333,11.083333333333334,1.0
2026-01-20,Banking,0.0084658327146438,0.4891566265060241,0.5055555555555555,9.1,6.766666666666666,18.0,18.0,13.833333333333332,13.0,4.0,1.0,10.666666666666666,2.1666666666666665,1.0
2026-01-20,ConsumerDiscretionary,-0.0040359142769444,0.5783333333333334,0.5521739130434782,12.7,11.566666666666666,25.0,25.0,22.0,15.0,6.0,2.0,13.666666666666666,4.833333333333333,1.5
2026-01-20,ConsumerStaples,0.0201917873426382,0.2378378378378378,0.4,3.6,1.4666666666666668,9.0,9.0,6.166666666666666,6.0,0.0,3.0,3.6666666666666665,0.0,2.5
2026-01-20,Energy,0.0071387657021278,0.1929824561403508,0.375,3.0,0.9166666666666666,12.0,12.0,7.75,3.0,5.0,0.0,0.9166666666666666,3.833333333333333,0.0
2026-01-20,Healthcare,-0.0129375287423878,,,,,,,,,,,,,
2026-01-20,IndustrialLogistics,0.0563140307027063,0.8071428571428573,0.85,5.1,3.7666666666666666,8.0,8.0,6.666666666666666,6.0,0.0,0.0,4.666666666666666,0.0,0.0
2026-01-20,RealEstate,-0.0126853693957205,0.61875,0.6625,5.3,3.3,18.0,18.0,14.833333333333332,6.0,2.0,0.0,4.0,1.3333333333333333,0.0
2026-01-20,SteelMaterials,-0.012690963419967,0.2736842105263157,0.425,1.7,0.8666666666666666,6.0,6.0,4.166666666666666,2.0,2.0,0.0,1.1666666666666663,2.0,0.0
2026-01-20,Technology,0.0161203989855397,0.7377049180327868,0.7142857142857143,5.0,3.75,8.0,8.0,6.083333333333333,5.0,2.0,0.0,3.75,1.3333333333333333,0.0
2026-01-20,Utilities,-0.0001844107085799,0.6833333333333335,0.692857142857143,9.7,8.200000000000001,15.0,15.0,12.5,10.0,4.0,0.0,8.5,3.5,0.0
2026-01-21,Banking,0.0002350186684529,0.5522388059701493,0.45,9.0,9.25,20.0,20.0,16.75,13.0,5.0,2.0,12.5,3.0,1.25
2026-01-21,ConsumerDiscretionary,-0.0157632730866908,0.36,0.36,9.0,7.8,26.0,26.0,22.666666666666664,12.0,11.0,2.0,10.5,9.166666666666666,2.0
2026-01-21,ConsumerStaples,-0.0253191017836578,0.2744186046511628,0.2,2.6000000000000005,2.95,13.0,13.0,10.75,7.0,2.0,4.0,6.0,2.0,2.75
2026-01-21,Energy,0.0327833440639554,0.2054794520547945,0.125,1.0,1.25,11.0,11.0,8.583333333333332,2.0,5.0,1.0,1.5,4.333333333333333,0.25
2026-01-21,Healthcare,-0.0061417149215468,,,,,,,,,,,,,
2026-01-21,IndustrialLogistics,-0.006724153662062,0.6625,0.53,5.3,5.3,10.0,10.0,8.0,6.0,4.0,0.0,6.0,2.0,0.0
2026-01-21,RealEstate,-0.0051951406772452,0.9,0.9,2.7,2.7,17.0,17.0,16.5,3.0,0.0,0.0,3.0,0.0,0.0
2026-01-21,SteelMaterials,-0.0206668834816926,0.5076923076923078,0.3666666666666667,1.1,1.1,4.0,4.0,3.1666666666666665,2.0,1.0,0.0,2.0,0.1666666666666666,0.0
2026-01-21,Technology,0.0013816558881657,0.5328,0.4142857142857142,5.8,5.55,14.0,14.0,10.416666666666666,7.0,6.0,1.0,6.0,4.166666666666666,0.25
2026-01-21,Utilities,0.0070108881050451,0.3147540983606557,0.275,4.4,3.2,17.0,17.0,11.166666666666666,5.0,10.0,1.0,3.5,6.166666666666666,0.5
2026-01-22,Banking,-0.0171113419420798,0.4864516129032258,0.3133333333333333,4.7,6.283333333333333,16.0,16.0,13.416666666666666,10.0,1.0,4.0,10.0,0.5,2.4166666666666665
2026-01-22,ConsumerDiscretionary,-0.000359050083927,0.396969696969697,0.3631578947368421,6.9,6.55,20.0,20.0,17.5,9.0,9.0,1.0,8.5,7.0,1.0
2026-01-22,ConsumerStaples,0.0028402135057049,-0.210958904109589,-0.4111111111111111,-3.7,-1.2833333333333332,9.0,9.0,6.083333333333333,1.0,3.0,5.0,1.0,2.5,2.583333333333333
2026-01-22,Energy,-0.0377319960138328,0.1526315789473684,-0.0222222222222222,-0.1999999999999999,0.9666666666666668,11.0,11.0,7.833333333333333,2.0,5.0,2.0,1.5,4.5,0.3333333333333332
2026-01-22,Healthcare,0.0006439841150585,0.78,0.7666666666666666,2.3,1.95,3.0,3.0,2.5,3.0,0.0,0.0,2.5,0.0,0.0
2026-01-22,IndustrialLogistics,-0.0034013431371753,0.3183098591549296,0.0374999999999999,0.2999999999999999,1.8833333333333333,9.0,9.0,6.916666666666666,3.0,3.0,2.0,3.0,2.5,0.4166666666666666
2026-01-22,RealEstate,0.0001162350751111,0.0254545454545454,-0.3285714285714285,-2.3,0.1166666666666667,17.0,17.0,13.583333333333332,2.0,1.0,4.0,2.0,1.0,1.583333333333333
2026-01-22,SteelMaterials,0.0132817298364156,0.7368421052631579,0.375,1.5,2.333333333333333,4.0,4.0,3.1666666666666665,3.0,0.0,1.0,3.0,0.0,0.1666666666666666
2026-01-22,Technology,-0.0319539285027876,0.21875,0.0,0.0,1.1666666666666667,8.0,8.0,5.333333333333333,3.0,2.0,3.0,2.5,1.5,1.3333333333333333
2026-01-22,Utilities,0.0125021916607549,-0.0217391304347826,-0.0909090909090909,-1.0,-0.1666666666666666,11.0,11.0,7.666666666666666,1.0,8.0,2.0,1.0,5.5,1.1666666666666663
2026-01-23,Banking,-0.0264238999220738,0.2664092664092664,0.2266666666666666,3.3999999999999995,3.4499999999999997,15.0,15.0,12.95,7.0,4.0,4.0,6.25,3.5,3.2
2026-01-23,ConsumerDiscretionary,0.0089836697722249,0.2560386473429952,0.236,5.9,5.3,27.0,27.0,22.2,12.0,8.0,5.0,10.25,6.25,4.2
2026-01-23,ConsumerStaples,-0.0296574800550415,0.1698924731182795,0.1181818181818181,1.2999999999999998,1.3166666666666664,12.0,12.0,8.75,5.0,3.0,3.0,3.833333333333333,1.75,2.1666666666666665
2026-01-23,Energy,-0.0411450019446257,0.2,0.0,0.0,0.8333333333333334,9.0,9.0,6.666666666666666,1.0,4.0,1.0,1.0,3.0,0.1666666666666666
2026-01-23,Healthcare,6.552720426130272e-05,1.0,1.0,1.0,1.0,1.0,1.0,1.0,1.0,0.0,0.0,1.0,0.0,0.0
2026-01-23,IndustrialLogistics,-0.0200236819745867,0.5876777251184834,0.5,4.5,4.133333333333333,12.0,12.0,9.533333333333331,6.0,2.0,1.0,4.833333333333334,2.0,0.2
2026-01-23,RealEstate,0.0065759529426801,0.5148514851485149,0.0199999999999999,0.0999999999999999,1.7333333333333334,12.0,12.0,10.366666666666667,3.0,0.0,2.0,3.0,0.0,0.3666666666666666
2026-01-23,SteelMaterials,-0.009608951320628,0.0424242424242424,0.1399999999999999,0.7,0.1166666666666667,5.0,5.0,2.75,3.0,0.0,2.0,1.5833333333333333,0.0,1.1666666666666663
2026-01-23,Technology,-0.0472292238009468,0.3678861788617886,0.2923076923076922,3.8,3.0166666666666666,14.0,14.0,9.2,7.0,3.0,3.0,4.583333333333334,2.25,1.3666666666666665
2026-01-23,Utilities,-0.0261609974334394,0.3889655172413793,0.3647058823529412,6.2,4.699999999999999,19.0,19.0,13.583333333333332,8.0,8.0,1.0,5.666666666666666,6.25,0.1666666666666666
2026-01-26,Banking,0.0091296993798332,0.357006975269499,0.1617647058823529,5.5,9.383333333333333,34.0,34.0,26.28333333333333,19.0,5.0,10.0,18.33333333333333,2.5,5.45
2026-01-26,ConsumerDiscretionary,-0.0045646856200732,0.2985754985754985,0.2545454545454546,8.4,8.733333333333333,37.0,37.0,33.25,15.0,15.0,3.0,14.5,12.583333333333334,2.1666666666666665
2026-01-26,ConsumerStaples,-0.004140026666737,0.0481586402266289,-0.0689655172413793,-2.0,1.1333333333333333,29.0,29.0,23.53333333333333,9.0,9.0,11.0,8.333333333333332,8.0,7.199999999999999
2026-01-26,Energy,0.0353917892196146,0.0118110236220472,-0.1705882352941176,-2.9,0.15,24.0,24.0,18.7,3.0,8.0,6.0,3.0,6.75,2.95
2026-01-26,Healthcare,-0.0032055538484955,0.5111111111111111,0.1333333333333333,0.3999999999999999,1.15,3.0,3.0,2.25,2.0,0.0,1.0,2.0,0.0,0.25
2026-01-26,IndustrialLogistics,-0.0636701096416393,0.4549600912200684,0.2833333333333334,5.1000000000000005,6.65,19.0,19.0,15.616666666666667,9.0,6.0,3.0,9.0,4.166666666666667,1.45
2026-01-26,RealEstate,-0.0383450855059602,0.2655654383735705,0.03,0.6000000000000001,3.4833333333333334,44.0,44.0,36.11666666666667,7.0,5.0,8.0,5.333333333333333,4.333333333333334,3.45
2026-01-26,SteelMaterials,-0.0256101409544144,0.3952380952380952,0.3444444444444444,3.1,2.7666666666666666,12.0,12.0,10.0,6.0,2.0,1.0,4.833333333333334,2.0,0.1666666666666666
2026-01-26,Technology,0.0050252926606064,0.3144444444444444,0.2526315789473684,4.8,4.716666666666667,19.0,19.0,15.0,8.0,8.0,3.0,6.333333333333333,7.25,1.4166666666666663
2026-01-26,Utilities,-0.0035140124529858,0.3379537953795379,0.271875,8.7,8.533333333333333,33.0,33.0,26.25,13.0,15.0,4.0,11.333333333333332,11.416666666666666,2.5
2026-01-27,Banking,0.0059105442877194,0.3347921225382932,0.2105263157894736,4.0,5.1000000000000005,19.0,19.0,15.233333333333334,10.0,5.0,4.0,9.5,3.333333333333333,2.4
2026-01-27,ConsumerDiscretionary,0.0084896855181349,0.2939560439560439,0.1999999999999999,4.4,5.35,22.0,22.0,18.2,8.0,10.0,4.0,7.5,7.999999999999999,2.7
2026-01-27,ConsumerStaples,-0.0012341737016006,-0.0760368663594469,-0.209090909090909,-2.3,-0.5499999999999998,11.0,11.0,7.233333333333333,2.0,5.0,4.0,1.5,3.833333333333333,1.9
2026-01-27,Energy,0.069113841235842,0.4024390243902439,-0.1,-0.5,1.1,10.0,10.0,7.233333333333333,2.0,1.0,2.0,2.0,0.3333333333333333,0.4
2026-01-27,Healthcare,-0.0001449100673648,0.0,0.0,0.0,0.0,1.0,1.0,0.5,0.0,1.0,0.0,0.0,0.5,0.0
2026-01-27,IndustrialLogistics,-0.0014494952334524,0.5447570332480818,0.4533333333333333,6.8,7.1,17.0,17.0,15.033333333333331,10.0,3.0,2.0,9.5,2.333333333333333,1.2
2026-01-27,RealEstate,-0.0545471018954392,0.1911357340720221,0.1428571428571428,2.0,2.3,21.0,21.0,18.53333333333333,7.0,2.0,5.0,6.5,1.3333333333333333,4.2
2026-01-27,SteelMaterials,0.0018455423055082,-0.65,-0.65,-1.3,-1.3,2.0,2.0,2.0,0.0,0.0,2.0,0.0,0.0,2.0
2026-01-27,Technology,0.022574003261146,0.5594855305466238,0.3846153846153846,5.0,5.8,13.0,13.0,10.366666666666667,7.0,5.0,1.0,7.0,3.1666666666666665,0.2
2026-01-27,Utilities,0.0115475515220268,0.4304347826086956,0.3454545454545454,3.8,3.3,11.0,11.0,7.666666666666666,4.0,7.0,0.0,3.5,4.166666666666666,0.0
2026-01-28,Banking,-0.0078380460545284,0.5555555555555557,0.4090909090909091,4.5,5.357142857142858,11.0,11.0,9.642857142857142,7.0,3.0,1.0,7.0,2.5,0.1428571428571428
2026-01-28,ConsumerDiscretionary,0.0002684439282637,0.5075971731448764,0.4705882352941176,8.0,6.840476190476191,19.0,19.0,14.976190476190476,11.0,5.0,1.0,8.833333333333332,4.5,0.1428571428571428
2026-01-28,ConsumerStaples,0.0081421627465118,-0.0795801526717557,-0.0999999999999999,-1.4999999999999998,-0.9928571428571428,15.0,15.0,12.476190476190476,4.0,6.0,5.0,3.5,4.833333333333334,4.142857142857142
2026-01-28,Energy,0.0105186613671403,0.1807228915662651,0.0,0.0,0.3571428571428572,7.0,7.0,4.476190476190475,1.0,2.0,1.0,0.5,1.3333333333333333,0.1428571428571428
2026-01-28,Healthcare,0.0068861438777272,0.8,0.8,0.8,0.8,2.0,2.0,1.5,1.0,0.0,0.0,1.0,0.0,0.0
2026-01-28,IndustrialLogistics,0.0058135538856305,0.5139534883720931,0.3285714285714285,2.3,3.157142857142857,11.0,11.0,9.642857142857142,4.0,1.0,2.0,4.0,1.0,1.1428571428571428
2026-01-28,RealEstate,-0.027366069883418,0.2808955223880597,0.24,2.4,2.2404761904761905,18.0,18.0,15.476190476190476,6.0,1.0,3.0,4.833333333333333,1.0,2.142857142857143
2026-01-28,SteelMaterials,0.0161826163759253,0.4652173913043477,0.5599999999999999,2.8,1.783333333333333,5.0,5.0,3.833333333333333,4.0,0.0,1.0,2.833333333333333,0.0,1.0
2026-01-28,Technology,-0.0003858566139662,0.1415384615384615,-0.0333333333333333,-0.1999999999999999,0.6571428571428573,6.0,6.0,4.642857142857142,2.0,2.0,2.0,2.0,1.5,1.1428571428571428
2026-01-28,Utilities,-0.0116977705769154,0.3951219512195122,0.32,3.2,2.7,11.0,11.0,7.333333333333333,4.0,6.0,0.0,3.5,3.333333333333333,0.0
2026-01-29,Banking,8.453571986610786e-05,0.2716417910447761,0.1692307692307692,2.2,3.033333333333333,13.0,13.0,11.166666666666666,5.0,5.0,3.0,5.0,4.0,2.1666666666666665
2026-01-29,ConsumerDiscretionary,0.0611759740515964,0.3904761904761904,0.3411764705882353,5.8,6.15,18.0,18.0,16.75,10.0,4.0,3.0,9.5,4.0,2.25
2026-01-29,ConsumerStaples,0.0452386005595371,0.188785046728972,0.0454545454545454,0.5000000000000002,1.6833333333333336,12.0,12.0,9.916666666666666,4.0,4.0,3.0,3.5,4.0,1.4166666666666663
2026-01-29,Energy,-0.0156427828104555,0.6222222222222222,0.3625,2.9,3.733333333333333,11.0,11.0,9.0,5.0,2.0,1.0,5.0,0.8333333333333333,0.1666666666666666
2026-01-29,Healthcare,0.0001383971480513,,,,,,,,,,,,,
2026-01-29,IndustrialLogistics,0.0105968674701704,0.4647058823529413,0.2571428571428572,1.8,2.6333333333333337,8.0,8.0,6.666666666666666,3.0,3.0,1.0,3.0,2.5,0.1666666666666666
2026-01-29,RealEstate,0.0155543251967765,0.1806451612903225,0.0166666666666666,0.1,0.9333333333333332,10.0,10.0,9.166666666666666,2.0,2.0,2.0,2.0,2.0,1.1666666666666663
2026-01-29,SteelMaterials,0.0093528369005861,0.1692307692307692,-0.05,-0.2,0.5499999999999999,4.0,4.0,3.25,2.0,0.0,2.0,2.0,0.0,1.25
2026-01-29,Technology,0.0061898991261666,0.1494252873563218,-0.05,-0.5,1.0833333333333337,11.0,11.0,8.25,2.0,6.0,2.0,2.0,4.833333333333334,0.4166666666666666
2026-01-29,Utilities,-0.0098554518237818,0.3702127659574468,0.29,2.9,2.9,10.0,10.0,7.833333333333333,4.0,6.0,0.0,4.0,3.8333333333333335,0.0
2026-01-30,Banking,0.0200529102877649,0.5880551301684533,0.5052631578947369,9.6,9.6,19.0,19.0,16.325,13.0,5.0,1.0,13.0,2.325,1.0
2026-01-30,ConsumerDiscretionary,0.0278365941804111,0.2596348884381339,0.2285714285714286,3.2,3.2,16.0,16.0,13.825,6.0,5.0,3.0,6.0,3.325,3.0
2026-01-30,ConsumerStaples,-0.0053894283089725,-0.2065727699530516,-0.1571428571428571,-1.1,-1.1,8.0,8.0,6.325,1.0,4.0,2.0,1.0,2.325,2.0
2026-01-30,Energy,0.0186233752283257,0.2239999999999999,0.175,0.7,0.7,6.0,6.0,4.625,1.0,3.0,0.0,1.0,2.125,0.0
2026-01-30,Healthcare,0.0024107779737658,-1.0,-1.0,-1.0,-1.0,1.0,1.0,1.0,0.0,0.0,1.0,0.0,0.0,1.0
2026-01-30,IndustrialLogistics,0.0186001503753289,0.6123456790123457,0.5636363636363636,6.2,6.2,12.0,12.0,10.625,8.0,3.0,0.0,8.0,2.125,0.0
2026-01-30,RealEstate,0.0201982447461477,0.609271523178808,0.5307692307692308,6.9,6.9,20.0,20.0,17.325,8.0,5.0,0.0,8.0,3.325,0.0
2026-01-30,SteelMaterials,-0.0089394694747737,0.5733788395904437,0.4666666666666667,4.2,4.2,9.0,9.0,7.325,5.0,3.0,1.0,5.0,1.325,1.0
2026-01-30,Technology,-0.0018765556728919,0.4327868852459016,0.4222222222222222,3.8,3.3,9.0,9.0,7.625,5.0,4.0,0.0,4.5,3.125,0.0
2026-01-30,Utilities,0.009843963997077,0.7411764705882353,0.6799999999999999,6.8,6.3,11.0,11.0,9.0,7.0,3.0,0.0,6.5,2.0,0.0
2026-02-02,Banking,0.0167394998248714,0.3222222222222222,0.3214285714285714,9.0,6.766666666666667,29.0,29.0,22.0,14.0,12.0,2.0,10.5,9.333333333333332,1.1666666666666663
2026-02-02,ConsumerDiscretionary,0.0029019271594893,0.4956719817767652,0.4574468085106383,21.500000000000004,18.13333333333333,52.0,52.0,41.083333333333336,29.0,16.0,2.0,22.75,13.166666666666666,0.6666666666666666
2026-02-02,ConsumerStaples,0.0086660722412623,0.2127272727272727,0.1828571428571428,6.4,5.85,37.0,37.0,29.0,15.0,14.0,6.0,11.666666666666666,11.666666666666666,4.166666666666666
2026-02-02,Energy,0.0271540890745943,0.0028776978417266,-0.0058823529411764,-0.1,0.0333333333333333,25.0,25.0,18.08333333333333,4.0,9.0,4.0,2.75,6.166666666666666,2.6666666666666665
2026-02-02,Healthcare,-0.0012482057043,0.3333333333333333,0.0,0.0,0.5,2.0,2.0,1.5,1.0,0.0,1.0,1.0,0.0,0.5
2026-02-02,IndustrialLogistics,0.0067466277337447,0.55,0.5578947368421052,10.6,9.716666666666669,25.0,25.0,23.166666666666664,13.0,5.0,1.0,11.666666666666666,5.0,1.0
2026-02-02,RealEstate,-0.0503599746706956,0.554074074074074,0.5633333333333332,16.9,12.466666666666669,44.0,44.0,36.5,21.0,6.0,3.0,15.0,5.333333333333333,2.1666666666666665
2026-02-02,SteelMaterials,-0.0169858798253971,0.6388888888888888,0.7166666666666667,8.6,3.833333333333333,13.0,13.0,7.0,10.0,2.0,0.0,4.5,1.5,0.0
2026-02-02,Technology,0.0266257538932824,0.5111111111111111,0.4470588235294117,7.6,6.516666666666667,17.0,17.0,12.75,11.0,4.0,2.0,9.083333333333332,2.5,1.1666666666666663
2026-02-02,Utilities,0.0154188678168523,0.2376306620209059,0.2468749999999999,7.899999999999999,5.683333333333333,34.0,34.0,25.916666666666664,11.0,17.0,4.0,8.083333333333332,12.333333333333332,3.5
2026-02-03,Banking,-0.0010625794463617,0.44243301955105,0.3105263157894737,5.9,6.78888888888889,19.0,19.0,15.344444444444443,11.0,3.0,5.0,10.2,1.8333333333333333,3.311111111111111
2026-02-03,ConsumerDiscretionary,0.0201062592099967,0.383845126835781,0.21,4.2,6.388888888888888,21.0,21.0,17.644444444444446,10.0,6.0,4.0,10.0,4.833333333333333,1.8111111111111111
2026-02-03,ConsumerStaples,0.010036203194887,-0.0809248554913294,-0.15,-1.2,-0.311111111111111,10.0,10.0,5.344444444444445,2.0,3.0,3.0,1.2,1.3333333333333333,1.3111111111111111
2026-02-03,Energy,0.0008362044652366,0.148829431438127,0.08,0.8,0.9888888888888888,13.0,13.0,9.144444444444446,3.0,4.0,3.0,2.2,2.833333333333333,1.6111111111111112
2026-02-03,Healthcare,0.0001956355387497,0.0,0.0,0.0,0.0,1.0,1.0,0.5,0.0,1.0,0.0,0.0,0.5,0.0
2026-02-03,IndustrialLogistics,0.0396868350451587,0.6540540540540541,0.36,1.8,2.688888888888889,7.0,7.0,6.111111111111111,3.0,1.0,1.0,3.0,1.0,0.1111111111111111
2026-02-03,RealEstate,-0.0044229149115416,0.4805914972273567,0.1666666666666666,1.4999999999999998,2.888888888888889,12.0,12.0,9.011111111111113,5.0,0.0,4.0,4.2,0.0,1.8111111111111111
2026-02-03,SteelMaterials,0.0046166738517775,-0.1903765690376569,-0.3857142857142857,-2.7,-1.011111111111111,7.0,7.0,5.311111111111111,1.0,1.0,5.0,1.0,1.0,3.311111111111111
2026-02-03,Technology,0.0131921957017159,0.6005154639175257,0.4166666666666667,2.5,2.588888888888889,6.0,6.0,4.311111111111111,4.0,1.0,1.0,3.2,1.0,0.1111111111111111
2026-02-03,Utilities,0.0051802086500051,0.115112540192926,0.0476190476190476,1.0,1.9888888888888887,22.0,22.0,18.27777777777777,5.0,12.0,4.0,5.0,9.666666666666666,2.611111111111111
2026-02-04,Banking,-0.0122791961599489,0.2884480746791132,0.2533333333333333,3.8,2.942857142857143,15.0,15.0,10.202380952380953,7.0,6.0,2.0,6.142857142857142,2.0595238095238093,2.0
2026-02-04,ConsumerDiscretionary,0.0002765445800961,-0.0145,0.0666666666666666,1.4,-0.2071428571428571,22.0,22.0,15.285714285714286,5.0,12.0,4.0,2.642857142857143,8.142857142857142,3.5
2026-02-04,ConsumerStaples,-0.0050308406602435,0.168610816542948,0.21875,3.5,1.8928571428571428,16.0,16.0,11.226190476190474,5.0,10.0,1.0,3.142857142857143,7.083333333333333,1.0
2026-02-04,Energy,0.0016280897871698,-0.0283870967741935,0.0545454545454545,0.6000000000000001,-0.1571428571428572,14.0,14.0,7.035714285714286,2.0,7.0,2.0,1.1428571428571428,2.892857142857143,1.5
2026-02-04,Healthcare,-0.001524115421487,0.0,0.0,0.0,0.0,1.0,1.0,0.5,0.0,1.0,0.0,0.0,0.5,0.0
2026-02-04,IndustrialLogistics,-0.0011257672536283,0.3006060606060605,0.2933333333333333,4.4,3.5428571428571423,16.0,16.0,12.785714285714285,5.0,9.0,1.0,4.142857142857142,6.642857142857142,1.0
2026-02-04,RealEstate,-0.0515807635464603,0.4664788732394366,0.4363636363636363,4.8,3.942857142857143,19.0,19.0,14.952380952380953,6.0,4.0,1.0,5.142857142857142,2.3095238095238093,1.0
2026-02-04,SteelMaterials,0.0475681078929107,0.4846905537459283,0.4888888888888889,4.4,3.5428571428571427,9.0,9.0,7.309523809523809,6.0,3.0,0.0,5.142857142857142,2.1666666666666665,0.0
2026-02-04,Technology,-0.0159923591875696,0.1641693811074918,0.0699999999999999,0.7,1.2,10.0,10.0,7.309523809523809,2.0,7.0,1.0,2.0,4.809523809523809,0.5
2026-02-04,Utilities,0.0085765255792915,0.1039443155452436,0.0434782608695652,1.0000000000000002,1.6,25.0,25.0,17.392857142857142,5.0,15.0,3.0,4.5,9.392857142857142,1.5
2026-02-05,Banking,-0.0292090430928321,0.2,0.1083333333333333,1.3,1.825,12.0,12.0,9.125,4.0,7.0,1.0,3.5,5.5,0.125
2026-02-05,ConsumerDiscretionary,-0.0304357653355928,0.4017761989342807,0.3222222222222222,8.7,9.425,29.0,29.0,25.45833333333333,14.0,10.0,3.0,13.5,8.333333333333332,1.625
2026-02-05,ConsumerStaples,-0.0370727651513527,-0.0048387096774193,-0.0333333333333333,-0.4,-0.05,12.0,12.0,10.333333333333334,3.0,5.0,4.0,3.0,3.8333333333333335,3.5
2026-02-05,Energy,-0.0248773742377867,0.0826347305389221,-0.0272727272727272,-0.3,0.575,13.0,13.0,8.958333333333332,2.0,7.0,2.0,2.0,3.833333333333333,1.125
2026-02-05,Healthcare,-0.0030146465231896,0.4,0.3333333333333333,1.0,1.0,3.0,3.0,2.5,1.0,2.0,0.0,1.0,1.5,0.0
2026-02-05,IndustrialLogistics,-0.0279448193637353,0.5174603174603174,0.2799999999999999,2.8,4.074999999999999,11.0,11.0,8.875,6.0,2.0,2.0,5.5,2.0,0.375
2026-02-05,RealEstate,0.041134482632785,0.2295719844357976,0.0714285714285714,1.0,2.458333333333333,21.0,21.0,17.208333333333332,6.0,3.0,5.0,5.333333333333333,2.5,2.875
2026-02-05,SteelMaterials,-0.0213555523007123,0.4605504587155964,0.1625,1.3,2.091666666666667,8.0,8.0,4.541666666666666,5.0,0.0,3.0,3.6666666666666665,0.0,0.875
2026-02-05,Technology,-0.0475402914196065,0.2906077348066298,0.2,2.4000000000000004,2.1916666666666664,12.0,12.0,7.541666666666666,6.0,3.0,3.0,4.166666666666666,2.0,1.375
2026-02-05,Utilities,-0.0121394972640139,0.4096463022508039,0.3210526315789474,6.1000000000000005,5.308333333333334,21.0,21.0,14.458333333333332,8.0,9.0,2.0,6.333333333333333,5.5,1.125
2026-02-06,Banking,-0.0270473304895933,0.2048780487804878,-0.0285714285714285,-0.3999999999999999,2.1000000000000005,16.0,16.0,11.75,4.0,6.0,4.0,4.0,4.75,1.4999999999999998
2026-02-06,ConsumerDiscretionary,-0.0275969959718652,0.2990825688073395,0.1833333333333333,4.4,5.433333333333334,24.0,24.0,18.166666666666664,10.0,10.0,4.0,8.5,8.0,1.6666666666666663
2026-02-06,ConsumerStaples,-0.0139987392106039,0.2193548387096774,0.1076923076923076,1.4,2.2666666666666666,13.0,13.0,10.333333333333332,6.0,3.0,4.0,5.0,3.0,2.333333333333333
2026-02-06,Energy,-0.0003083727806023,-0.091089108910891,-0.2583333333333333,-3.1,-0.7666666666666666,13.0,13.0,9.416666666666666,1.0,7.0,4.0,1.0,5.75,1.6666666666666663
2026-02-06,Healthcare,-0.0020268829623376,1.0,1.0,1.0,1.0,2.0,2.0,2.0,1.0,0.0,0.0,1.0,0.0,0.0
2026-02-06,IndustrialLogistics,-0.0073298414670507,0.4693877551020409,0.4,4.0,3.8333333333333335,13.0,13.0,10.666666666666666,5.0,4.0,1.0,4.0,4.0,0.1666666666666666
2026-02-06,RealEstate,-0.0020393325470519,0.1904761904761905,-0.1111111111111111,-1.0,1.0000000000000002,15.0,15.0,10.25,2.0,4.0,3.0,1.5,3.25,0.4999999999999998
2026-02-06,SteelMaterials,-0.0343573774840453,0.3783783783783784,0.0555555555555555,0.4999999999999998,2.333333333333333,9.0,9.0,6.166666666666666,5.0,0.0,4.0,4.5,0.0,1.6666666666666663
2026-02-06,Technology,-0.0308625551308532,0.3529411764705882,0.1071428571428571,1.5,3.0,14.0,14.0,8.5,5.0,6.0,3.0,4.0,4.0,0.4999999999999998
2026-02-06,Utilities,-0.0206973871834696,0.2564102564102564,0.2307692307692307,3.0,2.5,13.0,13.0,9.75,4.0,8.0,1.0,3.5,5.25,1.0
2026-02-09,Banking,-0.0083274186627447,0.0515873015873015,-0.1,-2.8000000000000007,1.0833333333333337,28.0,28.0,21.0,6.0,13.0,9.0,6.0,10.333333333333332,4.666666666666666
2026-02-09,ConsumerDiscretionary,0.0075234882372891,0.3013698630136986,0.25,13.500000000000002,14.666666666666668,58.0,58.0,52.16666666666666,26.0,22.0,6.0,25.5,18.83333333333333,4.333333333333333
2026-02-09,ConsumerStaples,0.0072147754753471,-0.0999999999999999,-0.168,-4.2,-2.2,27.0,27.0,24.0,5.0,11.0,9.0,4.5,11.0,6.5
2026-02-09,Energy,0.0154717650439012,0.2517857142857143,0.1538461538461538,2.0,2.35,15.0,15.0,11.333333333333332,4.0,7.0,2.0,3.5,4.833333333333334,1.0
2026-02-09,Healthcare,0.0051344485953619,-0.425,-0.425,-1.7,-1.7,5.0,5.0,5.0,1.0,1.0,2.0,1.0,1.0,2.0
2026-02-09,IndustrialLogistics,0.0008807433482183,0.4377358490566038,0.3631578947368421,6.9,7.733333333333333,21.0,21.0,19.666666666666664,10.0,6.0,3.0,10.0,5.5,2.1666666666666665
2026-02-09,RealEstate,-0.0052828112848111,0.36875,0.0333333333333333,0.5,3.9333333333333336,24.0,24.0,19.166666666666664,7.0,2.0,6.0,6.5,2.0,2.166666666666666
2026-02-09,SteelMaterials,-0.0006664458022586,0.1641791044776119,-0.13125,-2.1000000000000005,1.8333333333333337,17.0,17.0,12.166666666666666,7.0,0.0,9.0,6.5,0.0,4.666666666666666
2026-02-09,Technology,0.0001464722558169,0.3577777777777778,0.2161290322580644,6.699999999999999,8.05,32.0,32.0,23.5,15.0,9.0,7.0,13.0,6.0,3.5
2026-02-09,Utilities,0.0017659677390335,0.226,0.2457142857142857,8.6,5.65,36.0,36.0,26.0,10.0,23.0,2.0,6.5,17.5,1.0
2026-02-10,Banking,-0.0327888566484423,0.1285714285714286,0.0461538461538461,0.6,1.35,13.0,13.0,10.5,4.0,7.0,2.0,4.0,5.25,1.25
2026-02-10,ConsumerDiscretionary,-0.0232862375719518,0.0059701492537313,0.005,0.1,0.1000000000000001,22.0,22.0,18.25,4.0,10.0,6.0,3.5,7.75,5.5
2026-02-10,ConsumerStaples,-0.019125564576757,0.1,0.0909090909090909,1.0,1.0,11.0,11.0,10.0,3.0,6.0,2.0,3.0,5.0,2.0
2026-02-10,Energy,-0.0615412277848417,0.0571428571428571,0.1399999999999999,0.7,0.1999999999999999,7.0,7.0,5.5,2.0,2.0,1.0,1.5,1.0,1.0
2026-02-10,Healthcare,-0.005672628248787,,,,,,,,,,,,,
2026-02-10,IndustrialLogistics,-0.0044118126315156,0.5459459459459459,0.43,4.3,5.05,10.0,10.0,9.25,6.0,3.0,1.0,6.0,3.0,0.25
2026-02-10,RealEstate,0.0479770189598241,0.8461538461538461,0.5,2.0,2.75,6.0,6.0,5.25,3.0,0.0,1.0,3.0,0.0,0.25
2026-02-10,SteelMaterials,-0.0036311310467325,0.7375,0.45,2.7,2.95,7.0,7.0,5.0,4.0,1.0,1.0,3.5,0.25,0.25
2026-02-10,Technology,-0.0330940570033519,0.2476190476190475,0.2571428571428571,1.7999999999999998,1.2999999999999998,7.0,7.0,5.25,3.0,3.0,1.0,2.5,1.75,1.0
2026-02-10,Utilities,-0.0191320281564347,0.5473684210526316,0.475,5.7,5.2,13.0,13.0,10.0,7.0,4.0,1.0,6.0,3.0,0.5
2026-02-11,Banking,0.0253982956233053,0.3384064458370635,0.2478260869565217,5.7,6.3,23.0,23.0,18.616666666666667,12.0,6.0,5.0,11.5,3.1166666666666667,4.0
2026-02-11,ConsumerDiscretionary,0.0312902443480171,0.3087378640776699,0.305,6.1,5.3,22.0,22.0,19.166666666666664,11.0,6.0,3.0,9.5,4.666666666666666,3.0
2026-02-11,ConsumerStaples,0.010988545624815,-0.2216494845360825,-0.175,-2.1,-2.15,12.0,12.0,9.7,3.0,4.0,5.0,2.0,3.2,4.5
2026-02-11,Energy,-0.0261413867173615,-0.1111111111111111,-0.16,-0.8,-0.3,9.0,9.0,6.2,1.0,3.0,1.0,1.0,1.2,0.5
2026-02-11,Healthcare,0.0115194496467196,,,,,,,,,,,,,
2026-02-11,IndustrialLogistics,0.0133694854926165,0.528,0.4583333333333333,5.5,5.5,13.0,13.0,10.916666666666666,6.0,6.0,0.0,6.0,4.416666666666666,0.0
2026-02-11,RealEstate,0.0411378212536728,0.8366533864541832,0.6727272727272727,7.4,7.0,22.0,22.0,19.366666666666667,8.0,3.0,0.0,7.5,0.8666666666666667,0.0
2026-02-11,SteelMaterials,0.0116387446520824,0.3206106870229007,0.2571428571428572,1.8,1.4,7.0,7.0,4.366666666666667,3.0,3.0,1.0,2.5,0.8666666666666667,1.0
2026-02-11,Technology,0.0083335087837748,0.1865546218487395,0.1153846153846153,1.5,1.8500000000000003,13.0,13.0,9.916666666666666,5.0,5.0,3.0,5.0,2.4166666666666665,2.5
2026-02-11,Utilities,0.0148901712137781,0.2461538461538461,0.1461538461538461,1.9,2.4,14.0,14.0,10.75,3.0,8.0,2.0,3.0,5.25,1.5
2026-02-12,Banking,-0.0081899472547272,0.4619015509103168,0.5615384615384615,7.3,4.892857142857142,13.0,13.0,10.592857142857143,9.0,3.0,1.0,6.592857142857143,3.0,1.0
2026-02-12,ConsumerDiscretionary,0.0123968215877495,0.4337926902336728,0.4629629629629629,12.499999999999998,10.342857142857142,28.0,28.0,24.84285714285714,15.0,11.0,1.0,12.842857142857143,10.0,1.0
2026-02-12,ConsumerStaples,0.0002334543009323,-0.091743119266055,0.0727272727272727,0.8,-0.8571428571428572,12.0,12.0,9.842857142857143,5.0,2.0,4.0,3.3428571428571425,2.0,4.0
2026-02-12,Energy,0.0036818627578605,0.4054054054054054,0.3846153846153846,5.0,3.75,18.0,18.0,13.75,5.0,8.0,0.0,3.75,5.5,0.0
2026-02-12,Healthcare,-0.0066553683424752,-0.2666666666666666,-0.2666666666666666,-0.8,-0.8,3.0,3.0,3.0,1.0,0.0,2.0,1.0,0.0,2.0
2026-02-12,IndustrialLogistics,0.0130326362300851,0.4417177914110429,0.4615384615384615,6.0,5.142857142857142,14.0,14.0,12.642857142857142,7.0,6.0,0.0,6.142857142857142,5.5,0.0
2026-02-12,RealEstate,0.0414697881017418,0.6757894736842105,0.7333333333333334,4.4,2.2928571428571427,8.0,8.0,4.892857142857142,5.0,1.0,0.0,2.892857142857143,0.5,0.0
2026-02-12,SteelMaterials,0.000556250869142,1.0,1.0,4.0,1.5928571428571427,4.0,4.0,1.5928571428571427,4.0,0.0,0.0,1.5928571428571427,0.0,0.0
2026-02-12,Technology,0.0041650109589322,0.0501043841336116,0.15,1.5,0.3428571428571427,11.0,11.0,7.3428571428571425,4.0,4.0,2.0,2.3428571428571425,3.0,1.5
2026-02-12,Utilities,0.00545539464763,0.2666666666666666,0.2,2.0,2.0,12.0,12.0,8.5,4.0,5.0,1.0,3.5,3.5,0.5
2026-02-13,Banking,0.001756234272184,0.5775061124694376,0.5857142857142856,8.2,6.561111111111111,14.0,14.0,11.36111111111111,10.0,4.0,0.0,8.36111111111111,3.0,0.0
2026-02-13,ConsumerDiscretionary,0.0031802670795418,0.5169117647058824,0.5111111111111111,9.2,7.811111111111111,25.0,25.0,22.11111111111111,11.0,7.0,0.0,9.61111111111111,5.5,0.0
2026-02-13,ConsumerStaples,0.0004006497725029,-0.1264516129032258,-0.0199999999999999,-0.1999999999999999,-1.0888888888888888,11.0,11.0,9.61111111111111,3.0,4.0,3.0,2.111111111111111,3.5,3.0
2026-02-13,Energy,0.0126500300643641,0.5222748815165876,0.5222222222222223,4.7,3.061111111111111,13.0,13.0,9.86111111111111,5.0,4.0,0.0,3.361111111111111,2.5,0.0
2026-02-13,Healthcare,-0.0035218259941013,-0.6666666666666666,-0.5,-1.0,-1.0,2.0,2.0,1.5,0.0,1.0,1.0,0.0,0.5,1.0
2026-02-13,IndustrialLogistics,0.0058074134120334,0.4691689008042895,0.5416666666666666,6.5,4.861111111111111,13.0,13.0,11.36111111111111,7.0,5.0,0.0,5.361111111111111,5.0,0.0
2026-02-13,RealEstate,-0.0056490687822403,0.7202072538860104,0.7857142857142857,5.5,3.861111111111111,13.0,13.0,11.36111111111111,6.0,1.0,0.0,4.361111111111111,1.0,0.0
2026-02-13,SteelMaterials,-0.0027775463927068,1.0,1.0,1.0,0.1111111111111111,1.0,1.0,0.1111111111111111,1.0,0.0,0.0,0.1111111111111111,0.0,0.0
2026-02-13,Technology,-0.01755762519061,0.2173913043478261,0.2857142857142857,2.0,1.1111111111111112,8.0,8.0,6.111111111111111,2.0,5.0,0.0,1.1111111111111112,4.0,0.0
2026-02-13,Utilities,0.0028348907178377,0.1089108910891089,0.2,2.0,0.6111111111111112,10.0,10.0,5.611111111111111,2.0,8.0,0.0,0.6111111111111112,5.0,0.0
2026-02-23,Banking,0.0268822658862686,0.4779913205207688,0.4883116883116882,37.6,32.125,80.0,80.0,69.20833333333334,53.0,19.0,5.0,47.375,14.833333333333332,5.0
2026-02-23,ConsumerDiscretionary,0.0056123445831189,0.2464521287227663,0.2556338028169014,36.3,30.825,162.0,162.0,144.075,58.0,71.0,13.0,49.40833333333333,64.33333333333334,11.333333333333332
2026-02-23,ConsumerStaples,0.0127288504738428,0.3733430444282592,0.373134328358209,25.0,21.35833333333333,72.0,72.0,62.20833333333333,35.0,26.0,6.0,28.541666666666664,23.833333333333336,4.833333333333333
2026-02-23,Energy,0.0693750791138638,0.3235213954756065,0.3434782608695652,15.8,9.891666666666667,58.0,58.0,41.90833333333334,22.0,20.0,4.0,15.075,12.666666666666668,2.833333333333333
2026-02-23,Healthcare,0.0078568962991802,-0.1999999999999999,-0.3,-1.2,-0.7,4.0,4.0,3.5,1.0,1.0,2.0,1.0,1.0,1.5
2026-02-23,IndustrialLogistics,0.0193940224144173,0.5660315012666594,0.5602409638554217,46.5,42.825,92.0,92.0,84.15833333333333,56.0,26.0,1.0,51.325,23.33333333333333,1.0
2026-02-23,RealEstate,0.0125488530161427,0.2797481636935991,0.3770833333333334,18.1,11.108333333333334,82.0,82.0,71.54166666666667,24.0,18.0,6.0,16.708333333333336,17.0,6.0
2026-02-23,SteelMaterials,0.0255645634807459,0.4570765661252899,0.5049999999999999,10.099999999999998,8.208333333333332,20.0,20.0,17.958333333333332,14.0,3.0,3.0,11.958333333333332,3.0,3.0
2026-02-23,Technology,0.043349124335939,0.4134724427307779,0.4479999999999999,22.4,15.191666666666666,50.0,50.0,36.74166666666667,28.0,20.0,2.0,19.741666666666664,15.5,1.5
2026-02-23,Utilities,0.0170134764220966,0.3217530732228754,0.2976190476190475,25.0,20.066666666666663,91.0,91.0,67.7,37.0,40.0,7.0,28.866666666666667,28.5,5.0
2026-02-24,Banking,-0.0136699671573873,0.4724409448818898,0.4166666666666667,7.5,6.000000000000001,18.0,18.0,12.7,12.0,2.0,4.0,8.7,2.0,2.0
2026-02-24,ConsumerDiscretionary,0.0048040399022146,0.5590128755364807,0.65,13.0,8.683333333333334,22.0,22.0,17.03333333333333,15.0,4.0,1.0,10.533333333333331,4.0,1.0
2026-02-24,ConsumerStaples,0.0049614274151188,0.2297297297297297,0.15,1.5,1.4166666666666663,10.0,10.0,6.166666666666666,4.0,4.0,2.0,2.1666666666666665,3.5,0.5
2026-02-24,Energy,0.0226383621991557,0.7670807453416147,0.8125,6.5,4.116666666666666,10.0,10.0,6.866666666666667,7.0,1.0,0.0,4.366666666666667,1.0,0.0
2026-02-24,Healthcare,0.0012638181041075,0.5,0.5,1.0,1.0,2.0,2.0,2.0,1.0,1.0,0.0,1.0,1.0,0.0
2026-02-24,IndustrialLogistics,0.0291708178799153,0.770909090909091,0.5750000000000001,6.9,7.066666666666666,13.0,13.0,9.666666666666666,10.0,0.0,2.0,8.666666666666666,0.0,0.5
2026-02-24,RealEstate,0.0021703721942665,0.037037037037037,0.5666666666666667,3.4,0.0999999999999999,16.0,16.0,12.2,4.0,1.0,1.0,0.6999999999999997,1.0,1.0
2026-02-24,SteelMaterials,0.0300367901013456,0.8857142857142857,0.9333333333333332,5.6,3.1,6.0,6.0,3.5,6.0,0.0,0.0,3.5,0.0,0.0
2026-02-24,Technology,-0.0155539334312987,0.0055248618784529,0.3636363636363636,4.0,0.0333333333333329,11.0,11.0,6.033333333333333,5.0,5.0,1.0,1.033333333333333,4.0,1.0
2026-02-24,Utilities,0.0106384073065965,0.2148936170212766,0.1076923076923076,1.4,1.6833333333333331,15.0,15.0,9.833333333333332,6.0,4.0,3.0,4.333333333333333,2.5,1.0
2026-02-25,Banking,0.0013132290635734,0.3987577639751553,0.3470588235294117,5.9,5.3500000000000005,18.0,18.0,14.416666666666666,9.0,7.0,1.0,8.25,4.666666666666666,0.5
2026-02-25,ConsumerDiscretionary,0.0007747217800396,0.3701754385964912,0.359090909090909,7.899999999999999,7.033333333333333,22.0,22.0,19.0,12.0,8.0,2.0,10.333333333333332,6.666666666666666,2.0
2026-02-25,ConsumerStaples,0.010233350077368,0.6842105263157895,0.5222222222222221,4.699999999999999,4.333333333333333,9.0,9.0,6.333333333333333,6.0,3.0,0.0,4.833333333333334,1.4999999999999998,0.0
2026-02-25,Energy,-0.0033630275842737,0.4,0.3333333333333333,2.0,1.0,8.0,8.0,4.5,2.0,4.0,0.0,1.0,1.4999999999999998,0.0
2026-02-25,Healthcare,-0.002450075258331,,,,,,,,,,,,,
2026-02-25,IndustrialLogistics,0.0064227645086138,0.2975609756097561,0.3454545454545454,3.8,3.05,14.0,14.0,13.25,5.0,5.0,1.0,4.25,5.0,1.0
2026-02-25,RealEstate,-0.0245922830242446,0.1636363636363636,0.08,0.4,0.6,9.0,9.0,7.666666666666666,2.0,1.0,2.0,2.0,0.1666666666666666,1.5
2026-02-25,SteelMaterials,0.0190428486200318,0.3283018867924528,0.3666666666666666,2.2,1.4499999999999995,6.0,6.0,4.416666666666666,3.0,2.0,1.0,2.25,1.1666666666666663,1.0
2026-02-25,Technology,-0.0140274215479769,-0.0186666666666666,0.12,1.2,-0.1166666666666667,12.0,12.0,8.25,4.0,4.0,2.0,2.083333333333333,2.1666666666666665,2.0
2026-02-25,Utilities,0.0086158350944695,0.1714285714285714,0.18,3.6,2.6,21.0,21.0,16.166666666666664,5.0,13.0,2.0,4.0,9.166666666666666,2.0
2026-02-26,Banking,0.0012517919729003,0.5124653739612188,0.24,3.6000000000000005,6.166666666666667,16.0,16.0,13.033333333333331,9.0,1.0,5.0,9.0,1.0,2.033333333333333
2026-02-26,ConsumerDiscretionary,0.0079674020937305,0.4747663551401869,0.3428571428571428,7.2,8.466666666666667,22.0,22.0,18.83333333333333,14.0,4.0,3.0,13.5,3.0,1.3333333333333333
2026-02-26,ConsumerStaples,-0.0080926594237786,0.0888888888888888,0.16,0.8,0.3999999999999999,6.0,6.0,5.5,3.0,0.0,2.0,2.5,0.0,2.0
2026-02-26,Energy,-0.0076914277655942,-0.1565836298932384,-0.2666666666666666,-3.2,-1.4666666666666666,14.0,14.0,11.366666666666667,0.0,8.0,4.0,0.0,7.5,1.8666666666666665
2026-02-26,Healthcare,0.0010729007849115,0.6,0.6666666666666666,2.0,1.5,4.0,4.0,3.5,2.0,1.0,0.0,1.5,1.0,0.0
2026-02-26,IndustrialLogistics,-0.0120439694276492,0.4634146341463415,0.3666666666666666,5.5,6.333333333333333,18.0,18.0,16.666666666666664,8.0,6.0,1.0,8.0,5.5,0.1666666666666666
2026-02-26,RealEstate,0.0234560451331639,0.3006993006993007,0.0333333333333333,0.4000000000000001,2.8666666666666667,18.0,18.0,15.033333333333331,4.0,4.0,4.0,4.0,4.0,1.5333333333333332
2026-02-26,SteelMaterials,-0.0017609561849607,0.6556016597510373,0.3,3.3,5.266666666666667,11.0,11.0,8.033333333333333,7.0,1.0,3.0,6.5,1.0,0.5333333333333332
2026-02-26,Technology,-0.0051545498563055,-0.0816326530612244,-0.3333333333333333,-3.0,-0.5333333333333332,9.0,9.0,6.533333333333333,1.0,4.0,4.0,1.0,4.0,1.5333333333333332
2026-02-26,Utilities,-0.0059471201422414,0.0699999999999999,0.0636363636363636,0.7,0.7,15.0,15.0,13.5,1.0,8.0,2.0,1.0,7.0,2.0
2026-02-27,Banking,-0.0084720018141677,0.5658103689864549,0.5764705882352942,9.8,7.210714285714285,18.0,18.0,13.24404761904762,12.0,5.0,0.0,9.410714285714285,3.333333333333333,0.0
2026-02-27,ConsumerDiscretionary,-0.0077547414616389,0.1333615221987314,0.3052631578947368,5.8,1.8773809523809524,21.0,21.0,16.077380952380953,9.0,7.0,3.0,5.0773809523809526,6.0,3.0
2026-02-27,ConsumerStaples,-0.0219058252775003,0.0421719457013573,0.37,3.7,0.2773809523809518,10.0,10.0,6.5773809523809526,6.0,2.0,2.0,2.577380952380952,2.0,2.0
2026-02-27,Energy,0.0184374064614765,-0.0530755711775044,0.22,3.3,-0.5392857142857144,17.0,17.0,11.660714285714285,6.0,7.0,2.0,2.1607142857142856,6.0,2.0
2026-02-27,Healthcare,-0.0036502058720096,0.9,0.9,1.8,1.8,2.0,2.0,2.0,2.0,0.0,0.0,2.0,0.0,0.0
2026-02-27,IndustrialLogistics,0.0180691323737123,0.34643391521197,0.41875,6.7,4.1345238095238095,22.0,22.0,17.93452380952381,7.0,9.0,0.0,4.434523809523809,7.5,0.0
2026-02-27,RealEstate,-0.0006231612077465,0.5790306627101879,0.6799999999999999,6.8,3.484523809523809,17.0,17.0,12.351190476190476,8.0,1.0,1.0,4.684523809523809,0.3333333333333333,1.0
2026-02-27,SteelMaterials,-0.0162565978980147,0.542273307790549,0.67,6.7,2.527380952380952,10.0,10.0,4.660714285714286,7.0,3.0,0.0,2.827380952380952,1.8333333333333333,0.0
2026-02-27,Technology,0.0047211377387471,0.3745200698080279,0.5875,4.7,1.2773809523809525,9.0,9.0,3.744047619047619,5.0,3.0,0.0,1.577380952380952,1.8333333333333333,0.0
2026-02-27,Utilities,0.0091109599828108,0.504,0.4375,7.0,5.25,18.0,18.0,11.75,7.0,9.0,0.0,5.25,5.166666666666666,0.0
2026-03-02,Banking,-0.0412687728028043,0.2463939765661351,0.1657894736842105,6.300000000000001,6.934523809523809,38.0,38.0,28.14404761904762,16.0,15.0,7.0,14.142857142857142,9.842857142857142,4.158333333333333
2026-03-02,ConsumerDiscretionary,-0.0202998858348267,0.2665358194308145,0.2369565217391304,10.9,9.7,47.0,47.0,37.392857142857146,18.0,23.0,5.0,15.5,16.892857142857142,4.0
2026-03-02,ConsumerStaples,-0.018600180968447,0.2427489251347846,0.1919999999999999,4.799999999999999,4.234523809523809,26.0,26.0,18.444047619047616,10.0,10.0,5.0,7.642857142857142,6.342857142857142,3.458333333333333
2026-03-02,Energy,0.0695786013988285,0.1534694273384086,0.0583333333333333,2.1,3.7678571428571432,40.0,40.0,28.05119047619048,10.0,19.0,7.0,8.642857142857142,12.25,3.6583333333333337
2026-03-02,Healthcare,0.0012788781797947,-0.7058823529411765,-0.7000000000000001,-3.5000000000000004,-2.0,5.0,5.0,2.833333333333333,0.0,0.0,5.0,0.0,0.0,2.833333333333333
2026-03-02,IndustrialLogistics,-0.0037256310643912,0.2513935911904518,0.2186046511627907,9.400000000000002,8.751190476190477,50.0,50.0,41.31071428571428,19.0,15.0,9.0,16.476190476190474,11.00952380952381,7.325
2026-03-02,RealEstate,-0.0513827451618149,0.4099449181317437,0.3181818181818182,7.0,6.467857142857142,38.0,38.0,30.610714285714284,12.0,6.0,4.0,9.642857142857142,3.8095238095238098,2.325
2026-03-02,SteelMaterials,-0.0168039235071547,0.2214817718541748,0.1733333333333333,2.6,2.0178571428571432,16.0,16.0,10.110714285714284,8.0,3.0,4.0,5.976190476190476,0.6761904761904761,2.458333333333333
2026-03-02,Technology,-0.0497818525356813,0.3351841181708658,0.259375,8.3,7.617857142857142,33.0,33.0,23.060714285714287,12.0,17.0,3.0,9.642857142857142,11.75952380952381,1.325
2026-03-02,Utilities,0.0503242151073984,0.1701375245579568,0.1542857142857143,5.4,3.608333333333334,39.0,39.0,24.041666666666664,13.0,16.0,6.0,9.333333333333332,8.416666666666666,3.458333333333333
2026-03-03,Banking,-0.0277225077845224,0.5379644588045235,0.2818181818181818,3.1,4.757142857142857,11.0,11.0,8.842857142857142,7.0,1.0,3.0,7.0,0.5,1.3428571428571427
2026-03-03,ConsumerDiscretionary,-0.0321816491732918,0.6561418685121108,0.39375,6.3,7.223809523809524,20.0,20.0,14.50952380952381,11.0,2.0,3.0,9.5,0.8333333333333333,0.6761904761904761
2026-03-03,ConsumerStaples,-0.0304296432774389,0.35,0.4166666666666667,2.5,1.75,6.0,6.0,5.0,4.0,1.0,1.0,3.0,1.0,1.0
2026-03-03,Energy,0.0691766415993717,-0.375206611570248,-0.4,-4.4,-3.242857142857143,15.0,15.0,12.142857142857142,1.0,3.0,7.0,1.0,2.0,5.642857142857142
2026-03-03,Healthcare,-0.0010660382651629,,,,,1.0,1.0,1.0,0.0,0.0,0.0,0.0,0.0,0.0
2026-03-03,IndustrialLogistics,0.0207216379304365,0.1432865731462926,0.0041666666666666,0.0999999999999999,2.723809523809524,29.0,29.0,24.00952380952381,7.0,10.0,7.0,7.0,7.833333333333333,4.1761904761904765
2026-03-03,RealEstate,-0.0480841616563247,0.4954545454545455,0.175,0.7,1.5571428571428572,11.0,11.0,9.642857142857142,3.0,0.0,1.0,3.0,0.0,0.1428571428571428
2026-03-03,SteelMaterials,-0.0179492577546388,-0.0533578656853725,-0.325,-2.6,-0.2761904761904761,8.0,8.0,5.176190476190476,2.0,1.0,5.0,2.0,0.5,2.676190476190476
2026-03-03,Technology,-0.0205885803429559,0.14375,0.1666666666666666,1.5,1.15,9.0,9.0,8.0,3.0,5.0,1.0,2.5,4.5,1.0
2026-03-03,Utilities,0.0224405950320069,0.1891174518911745,0.0583333333333333,0.7,1.3571428571428572,14.0,14.0,8.676190476190477,3.0,7.0,2.0,2.0,4.833333333333334,0.3428571428571428
2026-03-04,Banking,0.0280185633664373,0.442008486562942,0.35625,5.7,5.208333333333334,16.0,16.0,11.783333333333331,11.0,3.0,2.0,8.783333333333333,2.5,0.4999999999999999
2026-03-04,ConsumerDiscretionary,-0.00039657148037,0.3874999999999999,0.3,3.9,4.133333333333333,17.0,17.0,14.666666666666666,7.0,4.0,2.0,6.0,3.5,1.1666666666666663
2026-03-04,ConsumerStaples,0.0035441563377709,0.0781710914454277,0.1099999999999999,1.0999999999999996,0.4416666666666669,10.0,10.0,5.65,5.0,2.0,3.0,2.283333333333333,2.0,1.3666666666666667
2026-03-04,Energy,0.0379287590340537,-0.1289062499999999,-0.1083333333333333,-1.2999999999999998,-1.0999999999999996,14.0,14.0,10.533333333333331,4.0,3.0,5.0,2.7,2.333333333333333,3.5
2026-03-04,Healthcare,-0.0034852613118225,0.24,0.3666666666666667,1.1,0.6,3.0,3.0,2.5,2.0,1.0,0.0,1.5,1.0,0.0
2026-03-04,IndustrialLogistics,-0.0309525483354472,-0.1257861635220126,-0.172,-4.3,-2.666666666666667,26.0,26.0,22.2,6.0,9.0,10.0,5.5,7.833333333333333,7.866666666666667
2026-03-04,RealEstate,-0.0125106532460715,0.4999999999999999,0.3545454545454545,3.9,3.741666666666666,15.0,15.0,11.483333333333334,8.0,0.0,3.0,5.95,0.0,1.5333333333333332
2026-03-04,SteelMaterials,-0.0161217641418983,0.2058823529411764,0.3199999999999999,1.6,0.4083333333333333,6.0,6.0,2.9833333333333334,3.0,0.0,2.0,0.7833333333333333,0.0,1.2
2026-03-04,Technology,-0.0277171972217154,0.2692307692307693,0.1818181818181818,2.0,2.333333333333333,11.0,11.0,8.666666666666666,4.0,5.0,2.0,3.5,4.0,1.1666666666666663
2026-03-04,Utilities,-0.0314143448584536,0.3096330275229357,0.2210526315789474,4.2,4.5,20.0,20.0,15.533333333333331,7.0,9.0,3.0,6.0,6.833333333333333,1.7
2026-03-05,Banking,-0.0132969711346296,0.2707964601769911,0.1833333333333332,2.1999999999999997,2.5499999999999994,12.0,12.0,9.416666666666666,5.0,5.0,2.0,5.0,2.9166666666666665,1.5
2026-03-05,ConsumerDiscretionary,-0.0269771846860651,0.4475,0.3866666666666667,5.800000000000001,5.966666666666667,17.0,17.0,15.333333333333332,9.0,3.0,3.0,8.5,2.5,2.333333333333333
2026-03-05,ConsumerStaples,-0.0143252797652355,0.3166666666666667,0.3166666666666667,1.9,1.9,9.0,9.0,8.0,4.0,1.0,1.0,4.0,1.0,1.0
2026-03-05,Energy,-0.0666474013611254,-0.0217821782178217,-0.0916666666666666,-1.1,-0.1833333333333333,13.0,13.0,8.916666666666666,4.0,4.0,4.0,3.25,2.833333333333333,2.333333333333333
2026-03-05,Healthcare,0.0016286313243357,0.2666666666666666,0.2666666666666666,0.8,0.8,3.0,3.0,3.0,2.0,1.0,0.0,2.0,1.0,0.0
2026-03-05,IndustrialLogistics,-0.0188508981230555,0.1900990099009901,0.2055555555555555,3.7,3.2,22.0,22.0,20.33333333333333,8.0,7.0,3.0,7.5,6.333333333333333,3.0
2026-03-05,RealEstate,0.0263303576341348,0.2675675675675675,0.2666666666666666,2.4,1.65,14.0,14.0,11.166666666666666,3.0,5.0,1.0,2.25,2.9166666666666665,1.0
2026-03-05,SteelMaterials,-0.0153815353129402,-0.0260869565217391,-0.12,-0.6,-0.0999999999999999,5.0,5.0,3.8333333333333335,1.0,2.0,2.0,1.0,1.3333333333333333,1.5
2026-03-05,Technology,-0.0019157518714165,-0.0146341463414634,0.03,0.3,-0.1,10.0,10.0,6.833333333333333,2.0,6.0,2.0,1.25,4.083333333333334,1.5
2026-03-05,Utilities,-0.0092618016072346,0.3686567164179105,0.23125,3.7,4.116666666666667,21.0,21.0,16.166666666666664,6.0,8.0,2.0,5.25,5.083333333333333,0.8333333333333333
2026-03-06,Banking,-0.0162458350349797,0.5,0.46875,7.5,7.5,16.0,16.0,15.0,11.0,4.0,1.0,11.0,3.0,1.0
2026-03-06,ConsumerDiscretionary,-0.02317839037546,0.3037225042301185,0.2125,5.1,5.983333333333334,26.0,26.0,21.7,12.0,6.0,6.0,10.5,5.333333333333334,3.866666666666666
2026-03-06,ConsumerStaples,-0.013492069676008,0.6228070175438597,0.4375,3.5,3.5500000000000003,8.0,8.0,5.7,5.0,2.0,1.0,4.0,1.5,0.2
2026-03-06,Energy,-0.034682525505933,-0.1057884231536926,-0.22,-4.4,-1.7666666666666664,21.0,21.0,17.7,3.0,9.0,8.0,3.0,8.333333333333332,5.366666666666667
2026-03-06,Healthcare,-0.0044820161212333,,,,,,,,,,,,,
2026-03-06,IndustrialLogistics,-0.0026767502668103,0.021875,-0.0916666666666666,-1.1,0.2333333333333334,14.0,14.0,12.666666666666666,4.0,4.0,4.0,4.0,4.0,2.6666666666666665
2026-03-06,RealEstate,-0.0138950654270939,0.3745019920318725,0.15,1.5,3.1333333333333333,16.0,16.0,13.866666666666667,4.0,4.0,2.0,4.0,4.0,0.3666666666666666
2026-03-06,SteelMaterials,-0.0091126239721596,0.8720000000000002,0.5599999999999999,2.8,3.6333333333333337,5.0,5.0,4.166666666666666,4.0,0.0,1.0,4.0,0.0,0.1666666666666666
2026-03-06,Technology,-0.0338897409982922,0.167420814479638,0.0083333333333333,0.1,1.2333333333333334,12.0,12.0,7.366666666666666,3.0,7.0,2.0,2.5,4.5,0.3666666666666666
2026-03-06,Utilities,-0.0275499004507554,0.0,0.0,0.0,0.0,14.0,14.0,9.833333333333332,0.0,11.0,0.0,0.0,7.333333333333333,0.0
2026-03-09,Banking,-0.0690966124739084,0.4155653450807636,0.3576923076923077,9.3,9.433333333333334,26.0,26.0,22.7,17.0,5.0,4.0,16.333333333333332,3.166666666666667,3.2
2026-03-09,ConsumerDiscretionary,-0.0693986684640587,0.1711711711711711,0.0645833333333333,3.1,5.383333333333333,49.0,49.0,32.45,15.0,23.0,10.0,12.333333333333334,13.916666666666666,5.2
2026-03-09,ConsumerStaples,-0.069115157497517,-0.0258064516129032,-0.06,-0.6000000000000001,-0.2,10.0,10.0,7.75,4.0,2.0,4.0,3.0,2.0,2.75
2026-03-09,Energy,-0.0683972637167538,0.0216154721274175,-0.0375,-2.4,0.95,67.0,67.0,46.95,10.0,41.0,13.0,8.5,27.5,7.949999999999999
2026-03-09,Healthcare,-0.0185757281841833,0.1428571428571428,0.0,0.0,0.5,4.0,4.0,3.5,2.0,0.0,2.0,2.0,0.0,1.5
2026-03-09,IndustrialLogistics,-0.0880518211850273,-0.0684684684684684,-0.1054545454545454,-5.8,-3.1666666666666665,58.0,58.0,49.25,11.0,25.0,19.0,10.0,21.08333333333333,15.166666666666666
2026-03-09,RealEstate,-0.0683791795219006,0.0642857142857143,-0.0375,-0.6000000000000001,0.9,24.0,24.0,22.0,5.0,7.0,4.0,5.0,6.5,2.5
2026-03-09,SteelMaterials,-0.0688597190868516,0.4565826330532212,0.05,0.5,2.7166666666666663,10.0,10.0,5.95,5.0,1.0,4.0,4.333333333333334,0.5,1.1166666666666667
2026-03-09,Technology,-0.0884662086003789,0.0423183072677093,-0.0444444444444444,-1.2000000000000002,0.7666666666666666,27.0,27.0,18.116666666666664,6.0,15.0,6.0,5.0,10.083333333333334,3.033333333333333
2026-03-09,Utilities,-0.0689355447244912,-0.003731343283582,2.6433881538694198e-18,1.1102230246251563e-16,-0.0833333333333331,42.0,42.0,22.33333333333333,7.0,27.0,8.0,4.5,12.249999999999998,5.583333333333333
2026-03-10,Banking,0.0468380258612239,0.3714285714285715,0.225,2.7,3.6833333333333336,13.0,13.0,10.416666666666666,6.0,2.0,4.0,6.0,1.5,2.4166666666666665
2026-03-10,ConsumerDiscretionary,0.0444933712903685,0.0815686274509803,-0.04375,-0.7000000000000002,0.9904761904761904,16.0,16.0,12.142857142857142,3.0,10.0,3.0,3.0,7.833333333333333,1.309523809523809
2026-03-10,ConsumerStaples,0.0414609830129866,-0.0788511749347258,-0.3142857142857143,-2.2,-0.3595238095238094,7.0,7.0,4.559523809523809,1.0,2.0,4.0,1.0,2.0,1.559523809523809
2026-03-10,Energy,-0.0460265831009347,0.1373406193078324,0.1333333333333333,4.4,3.59047619047619,35.0,35.0,27.642857142857142,12.0,15.0,6.0,10.333333333333332,10.666666666666666,5.142857142857142
2026-03-10,Healthcare,0.0270830305070748,,,,,,,,,,,,,
2026-03-10,IndustrialLogistics,0.0071551128729407,-0.2021344717182497,-0.1615384615384615,-4.2,-4.5095238095238095,32.0,32.0,27.30952380952381,5.0,11.0,10.0,3.8333333333333335,9.333333333333332,9.142857142857142
2026-03-10,RealEstate,0.0014027076193752,-0.2475570032573289,-0.3888888888888889,-3.5,-1.809523809523809,11.0,11.0,8.80952380952381,2.0,1.0,6.0,2.0,1.0,4.309523809523809
2026-03-10,SteelMaterials,0.0477275434046426,0.2231263383297644,-0.075,-0.6000000000000003,1.2404761904761905,8.0,8.0,5.559523809523809,3.0,1.0,4.0,3.0,1.0,1.559523809523809
2026-03-10,Technology,0.039209588900509,0.2872298624754421,0.0499999999999999,0.4999999999999998,1.7404761904761905,10.0,10.0,6.059523809523809,5.0,2.0,3.0,4.0,1.5,0.5595238095238094
2026-03-10,Utilities,-0.0033458146071746,0.1871794871794872,0.2210526315789474,4.2,2.4333333333333336,21.0,21.0,14.5,5.0,14.0,0.0,2.833333333333333,10.166666666666666,0.0
2026-03-11,Banking,-0.0002929832935847,0.4272409778812573,0.5545454545454546,6.1,3.0583333333333336,11.0,11.0,7.158333333333332,8.0,1.0,2.0,4.824999999999999,1.0,1.3333333333333333
2026-03-11,ConsumerDiscretionary,0.0620625279451576,0.4959752321981424,0.5055555555555556,9.1,6.675,19.0,19.0,13.958333333333334,12.0,5.0,1.0,8.625,4.5,0.3333333333333333
2026-03-11,ConsumerStaples,0.0280793482811029,0.4806421152030217,0.6,9.0,4.241666666666666,15.0,15.0,8.825,10.0,5.0,0.0,4.991666666666666,3.833333333333333,0.0
2026-03-11,Energy,0.0438997073402587,0.2958209937479434,0.2971428571428572,10.400000000000002,7.491666666666666,35.0,35.0,25.325,14.0,19.0,2.0,10.158333333333331,14.5,0.6666666666666666
2026-03-11,Healthcare,-0.0008312530694789,0.6,0.6,1.8,1.8,3.0,3.0,3.0,2.0,1.0,0.0,2.0,1.0,0.0
2026-03-11,IndustrialLogistics,0.0581865373494657,0.192,0.21875,3.5,2.4,16.0,16.0,12.5,6.0,8.0,2.0,4.666666666666666,6.5,1.3333333333333333
2026-03-11,RealEstate,0.0466644047624754,0.6236236236236237,0.7076923076923076,9.2,5.191666666666666,16.0,16.0,11.325,10.0,3.0,0.0,5.991666666666666,2.333333333333333,0.0
2026-03-11,SteelMaterials,0.0223056107851296,0.7709335899903755,0.8066666666666666,12.1,6.675,15.0,15.0,8.658333333333331,13.0,2.0,0.0,7.324999999999999,1.3333333333333333,0.0
2026-03-11,Technology,0.0236416638799903,0.4580645161290322,0.6111111111111112,5.5,2.958333333333333,9.0,9.0,6.458333333333333,7.0,1.0,1.0,4.458333333333333,1.0,1.0
2026-03-11,Utilities,0.0269990772010735,0.1615160349854227,0.2047619047619047,4.3,2.308333333333333,24.0,24.0,16.791666666666664,6.0,14.0,1.0,2.958333333333333,11.0,0.3333333333333333
2026-03-12,Banking,-0.0185595414825788,0.6186915887850467,0.6454545454545454,7.1,5.516666666666667,11.0,11.0,8.916666666666666,10.0,1.0,0.0,8.416666666666666,0.5,0.0
2026-03-12,ConsumerDiscretionary,-0.0185753026530252,0.3999999999999999,0.359090909090909,7.899999999999999,5.733333333333333,25.0,25.0,16.833333333333336,12.0,9.0,1.0,8.666666666666666,5.333333333333333,0.3333333333333333
2026-03-12,ConsumerStaples,-0.0147149084111868,-0.0175438596491228,0.3333333333333333,3.0,-0.0833333333333333,9.0,9.0,4.75,6.0,1.0,2.0,2.4166666666666665,0.3333333333333333,2.0
2026-03-12,Energy,-0.0328425958090735,0.1564356435643564,0.1583333333333333,3.8,2.6333333333333333,26.0,26.0,18.166666666666664,7.0,14.0,3.0,5.166666666666666,9.333333333333332,2.333333333333333
2026-03-12,Healthcare,-0.0007065794555342,,,,,,,,,,,,,
2026-03-12,IndustrialLogistics,-0.0132558426185543,0.1975,0.35,6.3,2.6333333333333333,19.0,19.0,14.333333333333332,11.0,3.0,4.0,7.333333333333333,2.0,4.0
2026-03-12,RealEstate,0.0199821418309927,0.4792452830188679,0.5071428571428571,7.1,6.35,20.0,20.0,18.08333333333333,9.0,4.0,1.0,8.25,4.0,1.0
2026-03-12,SteelMaterials,-0.0252407919308148,-0.0202898550724637,0.2,1.8,-0.1166666666666666,10.0,10.0,6.083333333333333,5.0,1.0,3.0,2.4166666666666665,1.0,2.333333333333333
2026-03-12,Technology,-0.0314848419462098,0.5794871794871794,0.6222222222222222,5.6,3.7666666666666666,10.0,10.0,7.0,6.0,3.0,0.0,4.166666666666666,2.333333333333333,0.0
2026-03-12,Utilities,0.0098221193072236,0.4032258064516129,0.375,6.0,4.166666666666666,18.0,18.0,11.833333333333334,6.0,10.0,0.0,4.166666666666667,6.166666666666666,0.0
2026-03-13,Banking,-0.0081967845461024,0.1595744680851064,-0.1624999999999999,-1.2999999999999998,0.7500000000000001,8.0,8.0,4.7,3.0,2.0,3.0,3.0,0.75,0.95
2026-03-13,ConsumerDiscretionary,-0.0205437836793483,0.1604095563139932,0.0708333333333333,1.7,3.1333333333333333,25.0,25.0,20.53333333333333,10.0,6.0,8.0,8.833333333333332,5.5,5.199999999999999
2026-03-13,ConsumerStaples,0.0167186240901737,-0.4606741573033708,-0.58,-5.8,-3.4166666666666665,10.0,10.0,7.416666666666666,1.0,1.0,8.0,1.0,1.0,5.416666666666666
2026-03-13,Energy,-0.0564724800805685,0.0319506726457399,0.019047619047619,0.4000000000000001,0.475,22.0,22.0,15.866666666666667,6.0,10.0,5.0,3.583333333333333,8.75,2.5333333333333337
2026-03-13,Healthcare,-0.0097729044732417,0.6,0.6,1.8,1.8,3.0,3.0,3.0,2.0,1.0,0.0,2.0,1.0,0.0
2026-03-13,IndustrialLogistics,-0.0150213772179203,0.2327586206896551,0.0578947368421052,1.1,3.375,21.0,21.0,16.5,9.0,2.0,8.0,8.25,1.25,5.0
2026-03-13,RealEstate,0.0290567984453898,0.4241573033707865,0.2428571428571428,3.4000000000000004,5.033333333333333,27.0,27.0,24.866666666666667,8.0,2.0,4.0,8.0,1.5,2.3666666666666663
2026-03-13,SteelMaterials,-0.0031535017648245,0.0372881355932203,-0.2714285714285714,-1.9,0.1833333333333335,7.0,7.0,4.916666666666666,3.0,0.0,4.0,3.0,0.0,1.9166666666666663
2026-03-13,Technology,-0.0145153629171666,0.2826704545454545,-0.0199999999999999,-0.1999999999999999,1.6583333333333334,10.0,10.0,5.866666666666667,4.0,3.0,3.0,3.25,2.0,0.6166666666666667
2026-03-13,Utilities,0.006329619714864,0.0975806451612903,0.18,2.7,1.0083333333333333,15.0,15.0,10.333333333333334,4.0,10.0,1.0,2.083333333333333,7.25,1.0
2026-03-16,Banking,-0.0024821026005198,0.3067226890756302,0.2285714285714285,4.8,4.866666666666666,21.0,21.0,15.866666666666667,12.0,4.0,5.0,10.533333333333331,2.1666666666666665,3.1666666666666665
2026-03-16,ConsumerDiscretionary,-0.0029701356409928,-0.0147435897435897,0.009090909090909,0.3,-0.3833333333333332,35.0,35.0,27.5,9.0,17.0,7.0,7.5,12.166666666666666,6.333333333333333
2026-03-16,ConsumerStaples,-0.0079560215764165,-0.1608796296296296,-0.0722222222222222,-1.3000000000000005,-2.316666666666667,18.0,18.0,14.4,6.0,5.0,7.0,4.033333333333333,4.166666666666666,6.2
2026-03-16,Energy,-0.0492936197211375,0.204250295159386,0.1435897435897435,5.6,5.766666666666667,41.0,41.0,30.23333333333333,10.0,25.0,4.0,8.2,18.0,2.033333333333333
2026-03-16,Healthcare,0.0052718316403146,0.7,0.7,0.7,0.7,1.0,1.0,1.0,1.0,0.0,0.0,1.0,0.0,0.0
2026-03-16,IndustrialLogistics,-0.0159231208822201,-0.0048701298701298,-0.0583333333333333,-1.4,-0.0999999999999998,28.0,28.0,24.03333333333333,7.0,10.0,7.0,6.5,8.833333333333332,5.2
2026-03-16,RealEstate,0.0293848840315171,0.1488469601677149,0.06,1.2,2.366666666666667,28.0,28.0,23.4,7.0,8.0,5.0,6.2,6.666666666666666,3.033333333333333
2026-03-16,SteelMaterials,0.0048421812380372,0.2103321033210332,0.1307692307692307,1.7000000000000002,1.9000000000000004,13.0,13.0,9.033333333333331,5.0,4.0,4.0,3.533333333333333,3.1666666666666665,2.333333333333333
2026-03-16,Technology,0.016095880471874,0.3245901639344263,0.2538461538461539,3.3000000000000003,3.3000000000000003,13.0,13.0,10.166666666666666,6.0,5.0,2.0,5.5,3.166666666666667,1.5
2026-03-16,Utilities,-0.0133645977237163,-0.0193298969072164,-0.0277777777777777,-0.9999999999999998,-0.5,38.0,38.0,27.366666666666667,5.0,22.0,9.0,4.0,14.666666666666666,7.2
2026-03-17,Banking,0.0133904061170577,0.3858823529411765,0.3,4.8,5.466666666666667,16.0,16.0,14.166666666666666,10.0,3.0,3.0,10.0,1.8333333333333333,2.333333333333333
2026-03-17,ConsumerDiscretionary,0.0139827491141721,0.5341880341880342,0.4214285714285714,5.9,6.249999999999999,15.0,15.0,12.7,10.0,2.0,2.0,9.0,1.5,1.2
2026-03-17,ConsumerStaples,0.0058803746824288,-0.2864864864864865,-0.209090909090909,-2.3,-2.65,11.0,11.0,9.25,2.0,5.0,4.0,1.5,3.75,4.0
2026-03-17,Energy,-0.035597126983424,-0.0128700128700128,-0.13,-2.6,-0.1666666666666665,21.0,21.0,13.95,3.0,11.0,6.0,2.5,7.583333333333333,2.8666666666666663
2026-03-17,Healthcare,0.0053163322280386,,,,,2.0,2.0,1.5,0.0,0.0,0.0,0.0,0.0,0.0
2026-03-17,IndustrialLogistics,0.0128304531680802,0.3293103448275862,0.2714285714285714,5.7,6.366666666666667,27.0,27.0,24.83333333333333,12.0,4.0,5.0,11.5,4.0,3.833333333333333
2026-03-17,RealEstate,0.0074473954387969,0.5869218500797448,0.2857142857142857,4.0,6.133333333333333,20.0,20.0,16.45,8.0,3.0,3.0,8.0,1.5833333333333333,0.8666666666666667
2026-03-17,SteelMaterials,0.0049679198151972,0.0701754385964912,-0.0571428571428571,-0.4,0.3999999999999999,7.0,7.0,5.7,3.0,1.0,3.0,3.0,0.5,2.2
2026-03-17,Technology,0.0175803726226364,0.6845637583892618,0.4777777777777777,4.3,5.1000000000000005,9.0,9.0,7.45,7.0,1.0,1.0,7.0,0.25,0.2
2026-03-17,Utilities,-0.0097795487580955,-0.0444444444444444,-0.05,-0.6000000000000001,-0.4,13.0,13.0,10.0,2.0,7.0,3.0,1.5,5.0,2.5
2026-03-18,Banking,0.0127511010188977,0.3300390117035109,0.3285714285714285,6.9,6.042857142857142,21.0,21.0,18.30952380952381,12.0,6.0,3.0,11.142857142857142,4.166666666666666,3.0
2026-03-18,ConsumerDiscretionary,-0.0051491256070118,0.1611336032388663,0.2299999999999999,4.6,2.8428571428571425,22.0,22.0,19.642857142857142,8.0,8.0,4.0,6.142857142857142,7.5,4.0
2026-03-18,ConsumerStaples,0.0014248518402362,0.2655737704918032,0.3111111111111111,2.8,1.5428571428571427,10.0,10.0,6.809523809523809,4.0,4.0,1.0,2.642857142857143,2.1666666666666665,1.0
2026-03-18,Energy,0.0639563231515995,-0.0967741935483871,-0.025,-0.5,-1.5,21.0,21.0,16.5,4.0,11.0,5.0,3.0,7.499999999999999,5.0
2026-03-18,Healthcare,-0.0075820332562957,-0.6799999999999999,-0.5666666666666667,-1.7,-1.7,3.0,3.0,2.5,0.0,1.0,2.0,0.0,0.5,2.0
2026-03-18,IndustrialLogistics,0.0179306757246651,0.0791946308724832,0.1214285714285714,1.7000000000000002,0.842857142857143,17.0,17.0,13.142857142857142,6.0,5.0,3.0,5.142857142857142,2.5,3.0
2026-03-18,RealEstate,-0.0103543377110446,0.4661870503597122,0.48,2.4,1.5428571428571427,14.0,14.0,11.80952380952381,3.0,1.0,1.0,2.142857142857143,0.1666666666666666,1.0
2026-03-18,SteelMaterials,0.000169912764855,-0.54,-0.4916666666666667,-11.8,-11.957142857142856,26.0,26.0,24.142857142857142,6.0,1.0,17.0,5.142857142857142,1.0,16.0
2026-03-18,Technology,-0.0077094529655152,0.5456603773584906,0.5375,4.3,3.4428571428571426,8.0,8.0,6.309523809523809,5.0,3.0,0.0,4.142857142857142,2.1666666666666665,0.0
2026-03-18,Utilities,0.0162538028957171,-0.0155844155844155,0.0333333333333333,0.6000000000000001,-0.1999999999999999,18.0,18.0,12.833333333333334,3.0,12.0,3.0,1.5,9.333333333333334,2.0
2026-03-19,Banking,-0.0125077063953774,0.4485981308411215,0.3461538461538461,4.5,4.8,13.0,13.0,10.7,9.0,3.0,1.0,8.5,1.7,0.5
2026-03-19,ConsumerDiscretionary,-0.0069656786019229,0.2514705882352941,0.1785714285714285,2.5,2.85,18.0,18.0,15.333333333333332,5.0,6.0,3.0,5.0,3.8333333333333335,2.5
2026-03-19,ConsumerStaples,-0.0040972230151364,0.2978723404255319,0.1999999999999999,1.4,1.4,7.0,7.0,4.7,2.0,4.0,1.0,2.0,1.7,1.0
2026-03-19,Energy,-0.0325739797499194,0.1135321100917431,0.0217391304347826,0.5,1.65,24.0,24.0,15.533333333333331,5.0,14.0,4.0,4.5,7.533333333333332,2.5
2026-03-19,Healthcare,-0.0153347772616625,0.0,0.0,0.0,0.0,2.0,2.0,2.0,0.0,2.0,0.0,0.0,2.0,0.0
2026-03-19,IndustrialLogistics,-0.0298637249298278,0.2623574144486692,0.255,5.1,4.6,22.0,22.0,19.53333333333333,6.0,14.0,0.0,5.5,12.033333333333331,0.0
2026-03-19,RealEstate,0.0218946536219896,0.0975609756097561,0.0272727272727272,0.3,0.8,14.0,14.0,11.2,3.0,5.0,3.0,3.0,2.7,2.5
2026-03-19,SteelMaterials,-0.0084845310588446,-0.081081081081081,-0.0714285714285714,-0.4999999999999999,-0.4999999999999998,8.0,8.0,7.166666666666666,2.0,2.0,3.0,2.0,1.1666666666666663,3.0
2026-03-19,Technology,-0.0168288028859325,0.1306451612903226,0.0714285714285714,1.0000000000000002,1.35,16.0,16.0,12.333333333333332,3.0,10.0,1.0,3.0,6.833333333333333,0.5
2026-03-19,Utilities,-0.0027464039877148,0.0333333333333333,0.03,0.3,0.15,12.0,12.0,6.499999999999999,1.0,8.0,1.0,0.5,3.5,0.5
2026-03-20,Banking,-0.0274243451513792,0.471264367816092,0.3764705882352941,6.4,6.833333333333334,17.0,17.0,14.5,12.0,3.0,2.0,10.833333333333334,2.333333333333333,1.3333333333333333
2026-03-20,ConsumerDiscretionary,-0.0244669113879835,0.5255474452554745,0.3222222222222222,5.8,7.2,21.0,21.0,16.7,10.0,4.0,4.0,9.5,2.5,1.7
2026-03-20,ConsumerStaples,-0.0366948093651369,-0.3736263736263736,-0.36,-1.8,-1.1333333333333333,5.0,5.0,3.0333333333333337,1.0,2.0,2.0,0.3333333333333333,1.5,1.2
2026-03-20,Energy,-0.0694087325239665,0.0197674418604651,-0.0047619047619047,-0.1,0.2833333333333333,24.0,24.0,17.333333333333332,4.0,14.0,3.0,2.5,10.166666666666666,1.6666666666666663
2026-03-20,Healthcare,-0.0091624578697045,0.7,0.7,0.7,0.7,1.0,1.0,1.0,1.0,0.0,0.0,1.0,0.0,0.0
2026-03-20,IndustrialLogistics,-0.0294388927934313,0.2644710578842315,0.165,3.3000000000000003,4.416666666666666,22.0,22.0,18.700000000000003,10.0,4.0,6.0,9.5,2.6666666666666665,4.533333333333333
2026-03-20,RealEstate,-0.041327203862058,-0.1611374407582938,-0.36,-3.6000000000000005,-1.1333333333333333,22.0,22.0,19.03333333333333,2.0,2.0,6.0,2.0,1.5,3.533333333333333
2026-03-20,SteelMaterials,-0.0179299694929972,-0.5571428571428572,-0.5571428571428572,-3.9,-3.9,7.0,7.0,7.0,1.0,0.0,6.0,1.0,0.0,6.0
2026-03-20,Technology,-0.0039738245164395,0.3494623655913978,0.1666666666666666,1.4999999999999998,2.1666666666666665,9.0,9.0,6.2,4.0,4.0,1.0,3.333333333333333,2.6666666666666665,0.2
2026-03-20,Utilities,0.0159902045782123,0.2864197530864197,0.205,4.1,3.8666666666666663,21.0,21.0,14.5,6.0,11.0,3.0,5.0,6.666666666666666,1.8333333333333333
2026-03-23,Banking,-0.0240729298732534,0.2907749077490775,0.2115384615384615,5.500000000000001,6.566666666666667,27.0,27.0,23.58333333333333,15.0,6.0,5.0,14.5,4.5,3.583333333333333
2026-03-23,ConsumerDiscretionary,-0.057149172610139,0.1755844155844156,0.1149999999999999,4.6,5.633333333333334,43.0,43.0,35.083333333333336,12.0,21.0,7.0,11.0,15.916666666666666,5.166666666666667
2026-03-23,ConsumerStaples,0.0044216584594913,0.0615384615384615,0.0941176470588235,1.6,0.8,17.0,17.0,13.0,6.0,7.0,4.0,4.5,5.0,3.5
2026-03-23,Energy,-0.0196564545757125,0.1013422818791946,0.0529411764705882,1.8000000000000005,2.5166666666666666,38.0,38.0,28.83333333333333,9.0,18.0,7.0,7.0,13.25,4.583333333333333
2026-03-23,Healthcare,-0.003861532717822,0.2666666666666666,0.2666666666666666,0.8,0.8,3.0,3.0,3.0,2.0,0.0,1.0,2.0,0.0,1.0
2026-03-23,IndustrialLogistics,-0.0575553834151331,0.2061855670103092,0.1666666666666666,4.5,5.0,27.0,27.0,24.25,11.0,10.0,6.0,10.0,9.5,4.75
2026-03-23,RealEstate,-0.0522378691024335,0.227906976744186,0.0647058823529411,1.1,3.2666666666666666,38.0,38.0,34.833333333333336,6.0,6.0,5.0,6.0,5.5,2.833333333333333
2026-03-23,SteelMaterials,-0.03529873632711,-0.1640449438202247,-0.2555555555555555,-4.6,-2.433333333333333,19.0,19.0,15.833333333333332,2.0,8.0,8.0,2.0,7.0,5.833333333333333
2026-03-23,Technology,-0.0382491600580037,0.191139240506329,0.0833333333333333,1.5,2.516666666666666,18.0,18.0,13.166666666666666,6.0,8.0,4.0,5.0,6.083333333333333,2.083333333333333
2026-03-23,Utilities,-0.0399921050713321,0.1047353760445682,0.045,1.7999999999999998,3.1333333333333337,41.0,41.0,30.416666666666668,9.0,23.0,8.0,8.0,16.25,5.666666666666666
2026-03-24,Banking,0.0198483508791151,0.3581081081081081,0.2285714285714286,3.2,4.416666666666667,14.0,14.0,12.333333333333332,9.0,0.0,5.0,9.0,0.0,3.333333333333333
2026-03-24,ConsumerDiscretionary,0.028994210960955,-0.1036468330134357,-0.1391304347826087,-3.2,-1.8,25.0,25.0,19.366666666666667,4.0,12.0,7.0,2.833333333333333,10.0,4.533333333333333
2026-03-24,ConsumerStaples,0.0254355756766864,0.1958762886597938,0.125,1.5,1.9000000000000004,12.0,12.0,9.7,5.0,4.0,3.0,4.5,3.0,2.2
2026-03-24,Energy,-0.0167455532106086,0.0742857142857142,0.10625,1.7000000000000002,0.8666666666666665,18.0,18.0,13.166666666666666,5.0,8.0,3.0,3.666666666666667,5.5,2.5
2026-03-24,Healthcare,0.0023501953460389,0.675,0.675,2.7,2.7,4.0,4.0,4.0,3.0,1.0,0.0,3.0,1.0,0.0
2026-03-24,IndustrialLogistics,0.0358991183468955,-0.2331887201735357,-0.1684210526315789,-3.2,-3.583333333333333,21.0,21.0,16.866666666666667,5.0,6.0,8.0,3.1666666666666665,5.5,6.7
2026-03-24,RealEstate,0.0179960209849925,0.2008670520231213,-0.02,-0.3000000000000002,2.3166666666666664,22.0,22.0,18.53333333333333,6.0,3.0,6.0,5.5,3.0,3.033333333333333
2026-03-24,SteelMaterials,0.0259167388066592,-0.1,-0.1,-0.4,-0.4,4.0,4.0,4.0,1.0,1.0,2.0,1.0,1.0,2.0
2026-03-24,Technology,0.0210884713241237,0.5476190476190476,0.3,1.5,2.3,5.0,5.0,4.2,3.0,1.0,1.0,3.0,1.0,0.2
2026-03-24,Utilities,0.0235676206690792,0.2078651685393258,0.2055555555555555,3.7,3.083333333333333,19.0,19.0,15.833333333333334,4.0,12.0,2.0,3.333333333333333,10.0,1.5
2026-03-25,Banking,0.0095073854981941,0.405054797584433,0.4736842105263157,9.0,6.467857142857143,19.0,19.0,15.967857142857142,14.0,2.0,3.0,11.467857142857143,1.5,3.0
2026-03-25,ConsumerDiscretionary,0.0319291968964056,0.5334178590834994,0.6230769230769231,16.2,10.517857142857142,26.0,26.0,19.71785714285714,19.0,6.0,1.0,13.217857142857143,5.5,1.0
2026-03-25,ConsumerStaples,0.0073725831151736,0.3235643564356436,0.4833333333333333,5.8,2.9178571428571427,13.0,13.0,9.517857142857142,8.0,2.0,2.0,5.017857142857142,2.0,2.0
2026-03-25,Energy,0.0324752345251019,0.1755888650963597,0.1649999999999999,3.3,2.3428571428571425,20.0,20.0,13.342857142857142,8.0,8.0,4.0,4.842857142857143,6.5,2.0
2026-03-25,Healthcare,0.0064971597020877,-0.0999999999999999,-0.0999999999999999,-0.1999999999999999,-0.1999999999999999,2.0,2.0,2.0,1.0,0.0,1.0,1.0,0.0,1.0
2026-03-25,IndustrialLogistics,0.0309847441426388,0.0077519379844961,0.0555555555555555,1.0000000000000004,0.1250000000000001,18.0,18.0,16.125,8.0,3.0,7.0,6.625,3.0,6.5
2026-03-25,RealEstate,0.0439032137543603,0.1315336013785181,0.41,4.1,0.8178571428571428,15.0,15.0,10.717857142857142,6.0,3.0,1.0,2.7178571428571425,2.5,1.0
2026-03-25,SteelMaterials,0.0126585968372507,-0.308411214953271,0.125,1.0,-1.5321428571428573,8.0,8.0,4.967857142857143,3.0,3.0,2.0,0.4678571428571428,2.5,2.0
2026-03-25,Technology,0.0266453297275589,0.7791348600508906,0.775,9.3,5.467857142857143,12.0,12.0,7.017857142857142,10.0,2.0,0.0,6.017857142857142,1.0,0.0
2026-03-25,Utilities,0.0633544623171137,0.2072727272727272,0.1870967741935484,5.8,4.275,31.0,31.0,20.625,13.0,13.0,5.0,8.625,9.5,2.5
2026-03-26,Banking,-0.0103706144250692,0.0206422018348623,0.0687499999999999,1.1,0.2999999999999998,16.0,16.0,14.533333333333331,7.0,4.0,5.0,6.2,3.333333333333333,5.0
2026-03-26,ConsumerDiscretionary,-0.0072999691097568,0.1914543960558751,0.2375,5.7,3.883333333333333,25.0,25.0,21.28333333333333,10.0,8.0,6.0,7.783333333333333,7.5,5.0
2026-03-26,ConsumerStaples,-0.0183687452976478,0.4033613445378152,0.4875,3.9,2.4000000000000004,8.0,8.0,5.95,5.0,1.0,2.0,3.45,1.0,1.5
2026-03-26,Energy,-0.0206231697285,0.3306930693069307,0.35,4.2,2.7833333333333337,14.0,14.0,9.916666666666666,7.0,3.0,2.0,5.083333333333333,1.8333333333333333,1.5
2026-03-26,Healthcare,-0.0065967625109231,0.48,0.5666666666666667,1.7,1.2,3.0,3.0,2.5,2.0,1.0,0.0,1.5,1.0,0.0
2026-03-26,IndustrialLogistics,0.0068585137726637,0.401294498381877,0.4777777777777778,8.600000000000001,6.2,20.0,20.0,17.45,12.0,4.0,2.0,9.45,4.0,2.0
2026-03-26,RealEstate,0.0030727287190825,0.7510373443983402,0.8181818181818182,9.0,6.033333333333333,17.0,17.0,13.533333333333331,10.0,1.0,0.0,7.033333333333333,1.0,0.0
2026-03-26,SteelMaterials,-0.0046577284799972,0.6705882352941176,0.72,3.6,2.85,6.0,6.0,5.25,4.0,1.0,0.0,3.25,1.0,0.0
2026-03-26,Technology,0.0218971591376403,0.6,0.6214285714285713,8.7,7.2,14.0,14.0,12.0,9.0,5.0,0.0,7.5,4.5,0.0
2026-03-26,Utilities,-0.0018557058317102,0.2038834951456311,0.2727272727272727,3.0,1.75,11.0,11.0,8.583333333333332,3.0,8.0,0.0,1.75,6.833333333333333,0.0
2026-03-27,Banking,0.0231297773499667,0.52103605180259,0.2866666666666667,4.3,5.907142857142857,15.0,15.0,11.337301587301589,9.0,4.0,2.0,9.0,1.9444444444444444,0.3928571428571428
2026-03-27,ConsumerDiscretionary,0.0265896294413968,0.0118754325259515,-0.0294117647058823,-1.0000000000000002,0.3404761904761909,36.0,36.0,30.67063492063492,10.0,12.0,12.0,8.5,10.61111111111111,9.55952380952381
2026-03-27,ConsumerStaples,0.0113512155146902,0.0672778561354019,0.0066666666666666,0.0999999999999998,0.7571428571428572,16.0,16.0,11.753968253968251,6.0,4.0,5.0,5.0,2.611111111111111,3.642857142857143
2026-03-27,Energy,0.0371765714616493,0.1649577464788732,0.1045454545454545,2.3,2.323809523809524,23.0,23.0,15.087301587301589,7.0,9.0,6.0,4.333333333333333,6.444444444444445,3.3095238095238093
2026-03-27,Healthcare,0.0089636995864717,-0.9,-0.9,-1.8,-0.9,2.0,2.0,1.0,0.0,0.0,2.0,0.0,0.0,1.0
2026-03-27,IndustrialLogistics,0.0145567912935595,-0.1448686167575607,-0.3,-3.6,-1.1595238095238096,13.0,13.0,9.003968253968253,3.0,3.0,6.0,3.0,1.4444444444444444,3.5595238095238093
2026-03-27,RealEstate,0.0151688430222782,0.8064090480678606,0.4636363636363636,5.1,6.790476190476191,16.0,16.0,12.92063492063492,8.0,1.0,2.0,8.0,0.1111111111111111,0.3095238095238094
2026-03-27,SteelMaterials,0.0283105814519466,0.4173913043478261,-0.1,-0.3,0.5333333333333333,5.0,5.0,2.7777777777777777,1.0,1.0,1.0,1.0,0.1111111111111111,0.1666666666666666
2026-03-27,Technology,0.0047814815972706,0.3206964954815958,0.1666666666666666,4.0,5.773809523809524,25.0,25.0,18.503968253968253,10.0,8.0,6.0,8.833333333333332,6.111111111111111,3.0595238095238093
2026-03-27,Utilities,0.0005295371707585,0.2533864541832669,0.2952380952380952,6.2,3.533333333333333,21.0,21.0,13.944444444444445,11.0,5.0,5.0,7.333333333333333,2.611111111111111,4.0
2026-03-30,Banking,-0.0150589219007109,0.4315018315018314,0.456,11.4,9.816666666666666,25.0,25.0,22.75,17.0,4.0,4.0,15.416666666666666,3.333333333333333,4.0
2026-03-30,ConsumerDiscretionary,-0.0044373610669318,0.30374940673944,0.3111111111111111,14.0,10.666666666666668,48.0,48.0,38.11666666666666,23.0,16.0,6.0,18.616666666666667,11.5,5.0
2026-03-30,ConsumerStaples,0.001951425138287,0.0486666666666666,-0.0066666666666666,-0.2000000000000001,1.216666666666667,30.0,30.0,25.0,11.0,6.0,13.0,10.0,4.833333333333334,10.166666666666666
2026-03-30,Energy,-0.0077637854447863,0.4112469437652813,0.3555555555555555,16.0,14.01666666666667,48.0,48.0,36.58333333333333,21.0,20.0,4.0,17.75,14.333333333333332,2.0
2026-03-30,Healthcare,0.0064099906610588,0.2823529411764706,0.2,0.8,0.8,4.0,4.0,2.833333333333333,1.0,3.0,0.0,1.0,1.8333333333333333,0.0
2026-03-30,IndustrialLogistics,-0.001643983953929,0.2190692395005675,0.2111111111111111,7.6,6.433333333333333,38.0,38.0,31.366666666666667,13.0,18.0,5.0,10.866666666666667,14.666666666666666,3.8333333333333335
2026-03-30,RealEstate,-0.0183191765235108,0.6212338593974175,0.6857142857142857,9.6,7.216666666666667,23.0,23.0,20.616666666666667,10.0,3.0,1.0,7.616666666666667,3.0,1.0
2026-03-30,SteelMaterials,0.0084848718484934,0.3564954682779455,0.3357142857142857,4.7,3.9333333333333327,15.0,15.0,12.033333333333331,9.0,1.0,4.0,7.366666666666666,1.0,2.6666666666666665
2026-03-30,Technology,-0.0216543625947272,0.4987179487179487,0.459375,14.7,12.966666666666669,32.0,32.0,26.0,19.0,11.0,2.0,16.666666666666664,7.833333333333333,1.5
2026-03-30,Utilities,-0.0079123229083133,0.2512254901960784,0.22,8.8,6.833333333333334,43.0,43.0,29.700000000000003,17.0,15.0,8.0,12.7,9.666666666666666,4.833333333333333
2026-03-31,Banking,0.0054912144436191,0.5802769006558174,0.40625,6.5,6.636111111111111,16.0,16.0,11.43611111111111,11.0,3.0,2.0,9.23611111111111,1.8333333333333333,0.3666666666666666
2026-03-31,ConsumerDiscretionary,0.0041478129713423,0.250860683956851,0.1999999999999999,3.4,3.036111111111111,18.0,18.0,13.102777777777778,9.0,4.0,4.0,6.236111111111111,4.0,1.8666666666666667
2026-03-31,ConsumerStaples,0.0036810468497117,-0.427494000685636,-0.2769230769230769,-3.6000000000000005,-3.463888888888889,13.0,13.0,8.102777777777778,3.0,3.0,7.0,0.7361111111111112,2.5,4.866666666666667
2026-03-31,Energy,-0.0313144182158219,0.1581119422233685,0.18,2.7,1.7027777777777775,15.0,15.0,10.769444444444444,5.0,8.0,2.0,3.236111111111111,6.033333333333333,1.5
2026-03-31,Healthcare,-0.0010487266304008,1.0,1.0,1.0,1.0,1.0,1.0,1.0,1.0,0.0,0.0,1.0,0.0,0.0
2026-03-31,IndustrialLogistics,0.0099303287576759,0.1117231881563091,0.1666666666666666,3.5,1.802777777777778,21.0,21.0,16.136111111111113,9.0,7.0,5.0,6.236111111111111,5.7,4.2
2026-03-31,RealEstate,0.0214033909686082,0.4020044543429844,0.3307692307692308,4.300000000000001,4.011111111111111,18.0,18.0,14.977777777777778,7.0,4.0,2.0,5.611111111111111,3.2,1.1666666666666663
2026-03-31,SteelMaterials,-0.003637405980554,0.3083718973496003,0.27,2.7,2.0361111111111114,11.0,11.0,7.602777777777778,6.0,2.0,2.0,4.236111111111111,1.2,1.1666666666666663
2026-03-31,Technology,-0.0030270808754809,0.3896068188067088,0.2357142857142857,3.3,3.936111111111111,14.0,14.0,10.102777777777778,9.0,1.0,4.0,7.236111111111111,1.0,1.8666666666666665
2026-03-31,Utilities,-0.0119803653679253,0.3387248448373143,0.2954545454545454,6.5,5.002777777777778,23.0,23.0,15.769444444444446,10.0,9.0,3.0,7.236111111111111,5.533333333333333,2.0
2026-04-01,Banking,0.0138407504618731,0.3981693363844393,0.2727272727272727,3.0,2.9,11.0,11.0,7.283333333333333,5.0,5.0,1.0,4.5,2.283333333333333,0.5
2026-04-01,ConsumerDiscretionary,0.0079604162035931,0.2388535031847133,0.19,3.8,3.75,21.0,21.0,16.7,8.0,8.0,4.0,6.5,6.7,2.5
2026-04-01,ConsumerStaples,0.0120669174656424,-0.0285714285714285,0.0333333333333333,0.4000000000000001,-0.3,12.0,12.0,10.5,5.0,2.0,5.0,4.0,2.0,4.5
2026-04-01,Energy,0.0097069147759119,0.2030769230769231,0.075,0.6,1.1,10.0,10.0,7.416666666666666,2.0,5.0,1.0,2.0,2.9166666666666665,0.5
2026-04-01,Healthcare,0.007570673491729,,,,,,,,,,,,,
2026-04-01,IndustrialLogistics,0.002359955463679,0.2527716186252772,0.2235294117647059,3.8,3.8,20.0,20.0,18.03333333333333,8.0,5.0,4.0,8.0,3.0333333333333337,4.0
2026-04-01,RealEstate,0.0381394098272501,0.7983104540654699,0.7,12.6,12.6,24.0,24.0,21.78333333333333,13.0,5.0,0.0,13.0,2.783333333333333,0.0
2026-04-01,SteelMaterials,0.0056844582629221,0.4333333333333333,0.4333333333333333,2.6,2.6,7.0,7.0,7.0,4.0,1.0,1.0,4.0,1.0,1.0
2026-04-01,Technology,0.0261325799041316,0.5504587155963303,0.4285714285714285,3.0,3.0,7.0,7.0,5.45,3.0,4.0,0.0,3.0,2.45,0.0
2026-04-01,Utilities,-0.0028820507081376,-0.0108433734939759,-0.1055555555555555,-1.9,-0.15,21.0,21.0,16.833333333333332,3.0,9.0,6.0,3.0,6.833333333333333,4.0
2026-04-02,Banking,-0.0133516316438764,0.375,0.3875,9.3,8.25,24.0,24.0,22.0,15.0,5.0,4.0,13.5,4.5,4.0
2026-04-02,ConsumerDiscretionary,-0.0040299830236478,0.3473684210526315,0.3454545454545454,7.599999999999999,6.6,23.0,23.0,19.5,13.0,3.0,6.0,11.0,3.0,5.0
2026-04-02,ConsumerStaples,-0.0084612522419882,-0.0847457627118644,1.2335811384723961e-17,2.220446049250313e-16,-1.25,19.0,19.0,15.75,7.0,4.0,7.0,4.75,4.0,6.0
2026-04-02,Energy,-0.0112202759405362,-0.15,-0.1272727272727272,-1.4,-1.4,15.0,15.0,12.833333333333332,0.0,9.0,2.0,0.0,7.333333333333333,2.0
2026-04-02,Healthcare,-0.0027634697822761,,,,,,,,,,,,,
2026-04-02,IndustrialLogistics,-0.0299929423507974,0.4887640449438202,0.45625,7.3,7.25,16.0,16.0,14.833333333333332,10.0,5.0,1.0,9.5,4.333333333333333,1.0
2026-04-02,RealEstate,0.0148807407466813,0.6266666666666667,0.676923076923077,8.8,7.05,19.0,19.0,16.75,10.0,3.0,0.0,8.25,3.0,0.0
2026-04-02,SteelMaterials,0.001265296935287,0.008,0.1142857142857142,0.7999999999999999,0.05,7.0,7.0,6.25,4.0,0.0,3.0,3.25,0.0,3.0
2026-04-02,Technology,-0.0130405972141819,-0.0976744186046511,-0.025,-0.3,-1.05,12.0,12.0,10.75,2.0,8.0,2.0,1.25,7.5,2.0
2026-04-02,Utilities,-0.0189919620171002,0.0857142857142857,0.1111111111111111,1.0,0.5,12.0,12.0,8.333333333333332,1.0,8.0,0.0,0.5,5.333333333333333,0.0
2026-04-03,Banking,-0.0131678513098495,0.4145077720207254,0.3399999999999999,6.799999999999999,6.666666666666667,20.0,20.0,16.083333333333332,13.0,4.0,3.0,11.75,2.75,1.5833333333333333
2026-04-03,ConsumerDiscretionary,-0.0253165436983859,0.5457627118644068,0.4875,7.800000000000001,8.05,17.0,17.0,15.083333333333332,10.0,4.0,2.0,9.5,4.0,1.25
2026-04-03,ConsumerStaples,-0.0085895641181047,-0.3076923076923076,-0.2727272727272727,-3.0,-2.333333333333333,11.0,11.0,7.583333333333333,2.0,4.0,5.0,1.25,2.75,3.583333333333333
2026-04-03,Energy,-0.0056326809346902,0.0744186046511627,0.0416666666666666,0.5,0.7999999999999999,13.0,13.0,11.083333333333332,3.0,7.0,2.0,3.0,6.5,1.25
2026-04-03,Healthcare,0.0012709276945854,,,,,,,,,,,,,
2026-04-03,IndustrialLogistics,-0.0191437013380391,0.4253968253968254,0.3941176470588235,6.7,6.7,17.0,17.0,15.75,7.0,10.0,0.0,7.0,8.75,0.0
2026-04-03,RealEstate,0.0157998809754384,0.0989473684210527,0.0263157894736842,0.5000000000000002,1.5666666666666675,21.0,21.0,17.833333333333332,7.0,6.0,6.0,6.5,4.75,4.583333333333333
2026-04-03,SteelMaterials,-0.0171242502127657,0.388235294117647,0.48,2.4,1.65,5.0,5.0,4.25,3.0,2.0,0.0,2.25,2.0,0.0
2026-04-03,Technology,-0.0168136170379669,0.3939393939393939,0.2166666666666666,2.6,3.25,12.0,12.0,8.25,5.0,4.0,3.0,4.25,3.0,1.0
2026-04-03,Utilities,-0.0270740760322441,0.192156862745098,0.14375,2.3,2.45,17.0,17.0,13.083333333333332,5.0,6.0,5.0,4.5,4.5,3.75
2026-04-06,Banking,0.0033296031316334,0.3215384615384615,0.2702702702702703,10.0,10.45,38.0,38.0,33.5,22.0,9.0,6.0,21.5,5.75,5.25
2026-04-06,ConsumerDiscretionary,-0.0186478095382864,0.105702364394993,0.0951219512195121,3.9,3.8,41.0,41.0,35.95,15.0,15.0,11.0,13.0,14.0,8.95
2026-04-06,ConsumerStaples,0.0072534720281305,-0.0274725274725274,-0.1124999999999999,-2.7,-0.4999999999999998,24.0,24.0,18.2,8.0,5.0,11.0,6.75,4.25,7.2
2026-04-06,Energy,-0.0282336960783184,0.3005681818181818,0.2631578947368421,10.0,8.816666666666666,41.0,41.0,31.83333333333333,15.0,18.0,5.0,12.5,13.5,3.333333333333333
2026-04-06,Healthcare,-7.4002755371394e-05,0.3428571428571428,0.2666666666666666,0.7999999999999999,0.7999999999999999,3.0,3.0,2.333333333333333,2.0,1.0,0.0,2.0,0.3333333333333333,0.0
2026-04-06,IndustrialLogistics,0.0096371753884525,0.0535248041775457,0.0133333333333333,0.4000000000000001,1.3666666666666667,33.0,33.0,28.03333333333333,9.0,12.0,9.0,8.5,9.5,7.533333333333333
2026-04-06,RealEstate,0.0010842272903176,0.3863636363636363,0.2862068965517241,8.3,9.35,39.0,39.0,33.7,16.0,7.0,6.0,14.75,5.75,3.7
2026-04-06,SteelMaterials,-0.0042058919696067,-0.0170015455950541,-0.16,-2.4000000000000004,-0.183333333333334,15.0,15.0,10.783333333333331,6.0,1.0,8.0,5.25,0.5,5.033333333333333
2026-04-06,Technology,-0.0090115683257082,0.2595238095238095,0.2769230769230769,7.2,5.45,26.0,26.0,21.0,9.0,15.0,2.0,7.25,11.75,2.0
2026-04-06,Utilities,-0.0168440255396777,0.2218934911242604,0.1975609756097561,8.100000000000001,6.250000000000001,43.0,43.0,29.666666666666664,12.0,24.0,5.0,8.5,16.666666666666664,3.0
2026-04-07,Banking,0.0003661997619702,0.1147368421052631,0.105,2.1,1.8166666666666664,20.0,20.0,15.833333333333332,9.0,5.0,6.0,7.833333333333333,3.333333333333333,4.666666666666666
2026-04-07,ConsumerDiscretionary,-0.0216313485922494,-0.0470392916436081,-0.0757575757575757,-2.5,-1.4166666666666663,34.0,34.0,30.616666666666667,9.0,9.0,15.0,8.5,8.2,13.416666666666666
2026-04-07,ConsumerStaples,-0.0029681383997828,0.1076923076923077,-0.1428571428571428,-1.0,0.5833333333333335,7.0,7.0,5.416666666666666,2.0,2.0,3.0,2.0,2.0,1.4166666666666663
2026-04-07,Energy,-0.0087184094169063,0.2050359712230215,0.1636363636363636,3.6,3.8,27.0,27.0,22.53333333333333,5.0,15.0,2.0,5.0,12.033333333333331,1.5
2026-04-07,Healthcare,0.0054398123478769,0.2666666666666666,0.2666666666666666,0.8,0.8,3.0,3.0,3.0,1.0,2.0,0.0,1.0,2.0,0.0
2026-04-07,IndustrialLogistics,-0.0066810346783298,0.3077939233817701,0.1124999999999999,1.7999999999999998,3.883333333333333,16.0,16.0,12.616666666666667,7.0,5.0,4.0,7.0,3.7,1.9166666666666663
2026-04-07,RealEstate,0.0031792782331978,0.5439739413680781,0.1249999999999999,1.0,2.783333333333333,14.0,14.0,10.616666666666667,4.0,1.0,3.0,4.0,0.2,0.9166666666666666
2026-04-07,SteelMaterials,-0.0004694302615573,0.1506849315068493,0.1125,0.9,0.7333333333333334,9.0,9.0,5.366666666666667,2.0,4.0,2.0,1.3333333333333333,2.033333333333333,1.5
2026-04-07,Technology,0.0035012957269083,0.2514285714285714,0.1444444444444444,1.3,1.4666666666666668,9.0,9.0,5.833333333333333,3.0,4.0,2.0,2.333333333333333,2.333333333333333,1.1666666666666663
2026-04-07,Utilities,0.0068548387096774,0.050735294117647,0.0034482758620689,0.0999999999999998,1.15,31.0,31.0,24.166666666666664,3.0,22.0,4.0,3.0,17.166666666666664,2.5
2026-04-08,Banking,0.0477851257504479,0.5061389337641358,0.576923076923077,15.000000000000002,10.443333333333332,26.0,26.0,20.633333333333333,20.0,2.0,4.0,15.133333333333333,1.5,4.0
2026-04-08,ConsumerDiscretionary,0.0617956650074463,0.1029411764705882,0.1649999999999999,3.3,1.6333333333333329,20.0,20.0,15.866666666666667,7.0,8.0,5.0,5.333333333333334,5.533333333333333,5.0
2026-04-08,ConsumerStaples,0.0305594409479957,-0.014,0.16,2.4,-0.14,15.0,15.0,10.0,6.0,6.0,3.0,2.8,4.7,2.5
2026-04-08,Energy,0.0349337642345158,0.4071428571428571,0.27,2.7,2.85,13.0,13.0,9.5,4.0,5.0,1.0,3.5,3.0,0.5
2026-04-08,Healthcare,0.0028566610691934,1.0,1.0,1.0,1.0,1.0,1.0,1.0,1.0,0.0,0.0,1.0,0.0,0.0
2026-04-08,IndustrialLogistics,0.0339787851020951,0.5478873239436619,0.5714285714285714,8.0,6.4833333333333325,14.0,14.0,11.833333333333332,9.0,5.0,0.0,7.333333333333333,4.5,0.0
2026-04-08,RealEstate,0.0690171670690327,0.4159183673469387,0.4782608695652174,11.0,6.793333333333333,29.0,29.0,21.833333333333336,14.0,7.0,2.0,9.633333333333333,4.7,2.0
2026-04-08,SteelMaterials,0.0420261431094804,-0.152,0.3999999999999999,3.2,-0.5066666666666666,9.0,9.0,4.333333333333334,5.0,1.0,2.0,1.1333333333333333,0.2,2.0
2026-04-08,Technology,0.0520747692778365,0.5175000000000001,0.6181818181818182,6.8,2.76,11.0,11.0,5.333333333333333,7.0,4.0,0.0,2.8000000000000007,2.5333333333333337,0.0
2026-04-08,Utilities,0.0342034097589653,0.2670212765957447,0.3190476190476191,6.7,4.183333333333334,22.0,22.0,16.666666666666664,7.0,14.0,0.0,4.333333333333333,11.333333333333332,0.0
2026-04-09,Banking,-0.0159495294570712,0.5128205128205129,0.4894736842105263,9.3,7.666666666666667,19.0,19.0,14.95,13.0,5.0,1.0,11.366666666666667,2.583333333333333,1.0
2026-04-09,ConsumerDiscretionary,0.0077512173889247,0.4688644688644689,0.4423076923076922,11.499999999999998,10.666666666666666,26.0,26.0,22.75,15.0,9.0,2.0,14.166666666666666,6.583333333333333,2.0
2026-04-09,ConsumerStaples,-0.0051991246064913,0.5008403361344538,0.4833333333333333,5.8,4.966666666666667,15.0,15.0,12.916666666666666,6.0,6.0,0.0,5.166666666666666,4.75,0.0
2026-04-09,Energy,-0.0201092758217325,0.3220779220779221,0.2937499999999999,4.699999999999999,4.133333333333334,17.0,17.0,13.833333333333332,7.0,8.0,1.0,5.833333333333334,6.0,1.0
2026-04-09,Healthcare,-0.0044110090162711,,,,,,,,,,,,,
2026-04-09,IndustrialLogistics,-0.0122470222019373,0.0118168389955686,0.0714285714285714,1.0,0.1333333333333333,14.0,14.0,11.283333333333331,4.0,9.0,1.0,2.533333333333333,7.75,1.0
2026-04-09,RealEstate,0.0081944964391372,0.1481481481481481,0.32,3.2,1.0666666666666664,16.0,16.0,12.2,5.0,3.0,2.0,2.8666666666666663,2.333333333333333,2.0
2026-04-09,SteelMaterials,0.0166469094723136,0.6291390728476821,0.6,4.8,3.1666666666666665,10.0,10.0,6.533333333333332,5.0,3.0,0.0,3.3666666666666663,1.6666666666666663,0.0
2026-04-09,Technology,-0.017208266773285,0.5773809523809524,0.5375,8.6,6.466666666666667,16.0,16.0,11.2,9.0,7.0,0.0,6.866666666666667,4.333333333333333,0.0
2026-04-09,Utilities,-0.0123383346494691,0.0851485148514851,0.0909090909090909,2.0,1.4333333333333331,26.0,26.0,20.33333333333333,5.0,14.0,3.0,3.8333333333333335,10.0,3.0
2026-04-10,Banking,0.0038929470518946,0.3650557620817843,0.244,6.1,8.183333333333332,25.0,25.0,22.416666666666664,14.0,5.0,6.0,14.0,4.5,3.9166666666666665
2026-04-10,ConsumerDiscretionary,-0.0037637489304374,0.2264875239923224,0.18,3.6,3.9333333333333336,21.0,21.0,17.866666666666667,8.0,8.0,4.0,7.5,6.7,3.1666666666666665
2026-04-10,ConsumerStaples,0.0105375788833413,0.9433962264150942,0.8,4.0,3.333333333333333,5.0,5.0,3.533333333333333,4.0,1.0,0.0,3.333333333333333,0.2,0.0
2026-04-10,Energy,0.0391994981644618,0.3145833333333333,0.235,4.7,5.033333333333333,21.0,21.0,17.0,7.0,11.0,2.0,6.5,8.333333333333332,1.1666666666666663
2026-04-10,Healthcare,0.0014047077386438,0.0,0.0,0.0,0.0,3.0,3.0,2.5,0.0,1.0,0.0,0.0,1.0,0.0
2026-04-10,IndustrialLogistics,-0.0060461440175703,0.1510204081632652,0.0785714285714285,1.1,1.85,14.0,14.0,12.25,4.0,7.0,3.0,4.0,6.0,2.25
2026-04-10,RealEstate,0.0052915957476444,0.346031746031746,0.05,0.4,1.8166666666666669,16.0,16.0,12.75,4.0,1.0,3.0,3.333333333333333,1.0,0.9166666666666666
2026-04-10,SteelMaterials,-0.0095592273174646,0.1394658753709199,-0.2,-1.8,0.7833333333333333,10.0,10.0,6.116666666666666,3.0,2.0,4.0,3.0,1.2,1.4166666666666663
2026-04-10,Technology,0.0036979412618451,0.2857142857142857,0.1399999999999999,1.4,1.8666666666666667,11.0,11.0,7.033333333333333,3.0,5.0,2.0,2.333333333333333,3.5333333333333337,0.6666666666666666
2026-04-10,Utilities,0.0080066198866202,0.2651933701657459,0.2299999999999999,2.3,1.6,11.0,11.0,6.533333333333333,3.0,5.0,2.0,2.0,2.5333333333333337,1.5
2026-04-13,Banking,-0.0089591281298863,0.4566929133858268,0.4837837837837837,17.9,15.466666666666669,38.0,38.0,34.86666666666667,25.0,8.0,4.0,22.366666666666667,7.5,4.0
2026-04-13,ConsumerDiscretionary,0.0019101094958083,0.3909985935302391,0.4407407407407407,11.9,9.266666666666667,44.0,44.0,37.53333333333334,17.0,7.0,3.0,14.366666666666667,6.333333333333333,3.0
2026-04-13,ConsumerStaples,-0.0068405987892568,0.4974619289340101,0.6090909090909091,6.7,3.2666666666666666,14.0,14.0,9.066666666666666,7.0,4.0,0.0,3.566666666666667,3.0,0.0
2026-04-13,Energy,-0.0017221116985739,0.2884615384615385,0.308,7.699999999999999,5.25,40.0,40.0,30.53333333333333,11.0,12.0,2.0,8.2,8.0,2.0
2026-04-13,Healthcare,4.1107843109437305e-05,0.2068965517241379,0.1666666666666666,1.0,1.0,7.0,7.0,5.333333333333333,1.0,5.0,0.0,1.0,3.8333333333333335,0.0
2026-04-13,IndustrialLogistics,-0.001495342686582,0.710344827586207,0.70625,11.3,10.3,21.0,21.0,18.0,12.0,4.0,0.0,11.0,3.5,0.0
2026-04-13,RealEstate,0.0311019761583564,0.3692528735632184,0.4115384615384615,10.7,8.566666666666666,41.0,41.0,36.2,16.0,6.0,4.0,13.866666666666667,5.333333333333333,4.0
2026-04-13,SteelMaterials,-0.0046133797834731,0.5450236966824644,0.6000000000000001,10.8,7.666666666666666,19.0,19.0,14.566666666666666,13.0,2.0,3.0,9.566666666666666,2.0,2.5
2026-04-13,Technology,-0.0055348530784582,0.4537037037037037,0.4888888888888889,4.4,2.45,11.0,11.0,6.9,5.0,4.0,0.0,2.9000000000000004,2.5,0.0
2026-04-13,Utilities,0.0105705648324068,0.3676923076923077,0.35,10.5,7.966666666666667,39.0,39.0,28.0,12.0,17.0,1.0,9.166666666666666,12.0,0.5
2026-04-14,Banking,0.0019868989112752,0.5923295454545453,0.5812499999999999,9.3,6.949999999999999,16.0,16.0,11.733333333333334,12.0,4.0,0.0,9.4,2.333333333333333,0.0
2026-04-14,ConsumerDiscretionary,-0.0003378862998465,0.1607142857142857,0.1749999999999999,2.1,1.5,22.0,22.0,17.333333333333332,5.0,5.0,2.0,4.0,3.333333333333333,2.0
2026-04-14,ConsumerStaples,-0.0038732554351195,0.8076923076923078,0.8142857142857143,5.7,3.1500000000000004,8.0,8.0,4.9,7.0,0.0,0.0,3.9,0.0,0.0
2026-04-14,Energy,-0.0185984138203344,0.475,0.48,2.4,1.9,12.0,12.0,9.5,3.0,2.0,0.0,2.5,1.5,0.0
2026-04-14,Healthcare,-0.0017206586195979,0.36,0.4666666666666666,1.4,0.9,3.0,3.0,2.5,2.0,0.0,1.0,1.5,0.0,1.0
2026-04-14,IndustrialLogistics,0.0075670639397167,0.7024390243902439,0.65,5.2,4.8,10.0,10.0,8.833333333333332,6.0,2.0,0.0,5.5,1.3333333333333333,0.0
2026-04-14,RealEstate,0.0258613551875634,0.5294117647058822,0.5529411764705882,9.4,7.799999999999999,23.0,23.0,20.73333333333333,13.0,3.0,1.0,11.4,2.333333333333333,1.0
2026-04-14,SteelMaterials,0.0539387489197583,0.2678571428571428,0.4333333333333333,2.6,1.0,7.0,7.0,4.233333333333333,4.0,1.0,1.0,2.4,0.3333333333333333,1.0
2026-04-14,Technology,0.0182427973973036,0.5833333333333334,0.75,3.0,1.4,5.0,5.0,2.9,3.0,1.0,0.0,1.4,1.0,0.0
2026-04-14,Utilities,-0.0042360118409286,0.4097560975609756,0.4,3.6,2.8,16.0,16.0,13.333333333333332,4.0,5.0,0.0,3.0,3.833333333333333,0.0
2026-04-15,Banking,0.0039962913141761,0.5285714285714286,0.4933333333333333,7.399999999999999,7.399999999999999,15.0,15.0,14.0,10.0,5.0,0.0,10.0,4.0,0.0
2026-04-15,ConsumerDiscretionary,-0.0143895761738463,0.5789473684210525,0.5857142857142857,4.1000000000000005,3.3,15.0,15.0,11.033333333333331,5.0,2.0,0.0,4.2,1.5,0.0
2026-04-15,ConsumerStaples,0.0019793541933084,0.4615384615384615,0.4571428571428572,3.2,2.4000000000000004,8.0,8.0,6.2,4.0,3.0,0.0,3.2,2.0,0.0
2026-04-15,Energy,-0.0073293478986956,0.2956521739130435,0.38,1.9,1.1333333333333333,11.0,11.0,7.666666666666666,4.0,0.0,1.0,2.833333333333333,0.0,1.0
2026-04-15,Healthcare,-0.0002694862373368,0.75,0.75,1.5,1.5,2.0,2.0,2.0,2.0,0.0,0.0,2.0,0.0,0.0
2026-04-15,IndustrialLogistics,-0.0019023109568869,0.1692307692307692,0.1692307692307692,2.2,2.2,17.0,17.0,16.5,4.0,7.0,2.0,4.0,7.0,2.0
2026-04-15,RealEstate,0.0518581683052965,0.7532467532467532,0.809090909090909,8.899999999999999,5.8,16.0,16.0,12.2,10.0,1.0,0.0,6.7,1.0,0.0
2026-04-15,SteelMaterials,-0.0154540562081516,0.7623762376237623,0.8333333333333334,5.0,2.5666666666666664,7.0,7.0,3.8666666666666663,6.0,0.0,0.0,3.3666666666666667,0.0,0.0
2026-04-15,Technology,-0.0177390860014555,0.5273972602739726,0.5625,4.5,2.566666666666667,8.0,8.0,4.866666666666667,5.0,3.0,0.0,2.8666666666666667,2.0,0.0
2026-04-15,Utilities,-0.0107576085087638,-0.1307692307692308,0.0285714285714285,0.2,-0.5666666666666668,14.0,14.0,8.666666666666666,2.0,4.0,1.0,0.8333333333333333,2.5,1.0
2026-04-16,Banking,-0.0079889211839567,0.5024630541871921,0.5333333333333333,7.999999999999999,6.8,15.0,15.0,13.533333333333331,11.0,3.0,1.0,9.533333333333331,3.0,1.0
2026-04-16,ConsumerDiscretionary,0.0086295627664458,0.2473118279569892,0.3235294117647059,5.500000000000001,3.45,26.0,26.0,21.28333333333333,9.0,4.0,4.0,6.45,3.5,4.0
2026-04-16,ConsumerStaples,-0.0006023161595321,0.4622950819672131,0.4,3.2,2.35,9.0,9.0,6.083333333333333,5.0,2.0,1.0,3.25,1.3333333333333333,0.5
2026-04-16,Energy,-0.0086827540225157,0.1818181818181818,0.1428571428571428,1.0,1.0,13.0,13.0,10.333333333333332,2.0,4.0,1.0,2.0,2.5,1.0
2026-04-16,Healthcare,-0.0105507246376811,0.7,0.7,0.7,0.7,1.0,1.0,1.0,1.0,0.0,0.0,1.0,0.0,0.0
2026-04-16,IndustrialLogistics,-0.0078442567439834,0.5857142857142856,0.5466666666666666,8.2,8.2,18.0,18.0,17.0,9.0,6.0,0.0,9.0,5.0,0.0
2026-04-16,RealEstate,0.0283452913959076,0.5332606324972737,0.5611111111111112,10.1,8.15,23.0,23.0,19.78333333333333,12.0,5.0,1.0,9.783333333333331,4.5,1.0
2026-04-16,SteelMaterials,-0.0052109241585854,0.9032258064516128,0.9142857142857144,6.4,5.6,7.0,7.0,6.2,7.0,0.0,0.0,6.2,0.0,0.0
2026-04-16,Technology,-0.0172734281754644,0.6742671009771987,0.6000000000000001,5.4,3.45,9.0,9.0,5.116666666666667,6.0,3.0,0.0,3.783333333333333,1.3333333333333333,0.0
2026-04-16,Utilities,0.006872882560216,0.2437499999999999,0.1124999999999999,0.8999999999999999,1.2999999999999998,13.0,13.0,8.666666666666666,2.0,5.0,1.0,2.0,2.833333333333333,0.5
2026-04-17,Banking,0.0039080778012632,0.6468354430379748,0.64,9.6,8.516666666666667,15.0,15.0,13.166666666666666,14.0,1.0,0.0,12.166666666666666,1.0,0.0
2026-04-17,ConsumerDiscretionary,0.0348830546388406,0.5028901734104045,0.5363636363636363,5.9,4.35,17.0,17.0,13.65,9.0,1.0,1.0,7.45,0.2,1.0
2026-04-17,ConsumerStaples,0.0057458666883133,0.8550185873605949,0.7250000000000001,5.800000000000001,3.833333333333333,9.0,9.0,4.9833333333333325,7.0,1.0,0.0,4.283333333333333,0.2,0.0
2026-04-17,Energy,0.0185182665929366,0.1,0.0285714285714285,0.2,0.55,11.0,11.0,9.0,2.0,4.0,1.0,2.0,3.0,0.5
2026-04-17,Healthcare,0.0147815078505103,-0.0333333333333333,-0.0333333333333333,-0.1,-0.1,3.0,3.0,3.0,0.0,2.0,1.0,0.0,2.0,1.0
2026-04-17,IndustrialLogistics,0.0035477647948869,0.5853658536585366,0.5142857142857143,3.6,2.8,8.0,8.0,5.783333333333333,4.0,3.0,0.0,3.2,1.5833333333333333,0.0
2026-04-17,RealEstate,-0.0186340661793613,0.5718685831622177,0.575,11.5,9.283333333333331,27.0,27.0,23.23333333333333,13.0,7.0,0.0,10.783333333333331,5.45,0.0
2026-04-17,SteelMaterials,-0.0015624805993647,0.4186046511627906,0.3399999999999999,1.7,0.8999999999999999,5.0,5.0,2.15,2.0,3.0,0.0,1.2,0.95,0.0
2026-04-17,Technology,0.0157588077870465,0.6683006535947713,0.51875,8.3,6.816666666666666,16.0,16.0,10.2,10.0,6.0,0.0,7.916666666666666,2.283333333333333,0.0
2026-04-17,Utilities,-0.0055762628612669,0.0829787234042553,0.0272727272727272,0.3,0.65,16.0,16.0,11.833333333333332,1.0,9.0,1.0,1.0,6.333333333333333,0.5
2026-04-20,Banking,0.0078168536936213,0.383695652173913,0.39375,12.6,11.766666666666666,34.0,34.0,31.666666666666664,22.0,4.0,6.0,21.166666666666664,3.5,6.0
2026-04-20,ConsumerDiscretionary,0.0139177772838912,0.5257214554579673,0.5,15.5,13.966666666666663,51.0,51.0,41.4,21.0,7.0,3.0,18.866666666666667,5.2,2.5
2026-04-20,ConsumerStaples,0.0023247978436657,0.6581196581196582,0.575,4.6,2.566666666666667,10.0,10.0,5.9,5.0,3.0,0.0,2.8666666666666663,1.0333333333333332,0.0
2026-04-20,Energy,-0.0123851709402506,0.1424050632911392,0.1642857142857142,2.3,1.5,27.0,27.0,21.866666666666667,4.0,9.0,1.0,2.7,7.333333333333333,0.5
2026-04-20,Healthcare,-0.003210454079816,0.6,0.5666666666666667,1.7,1.2,5.0,5.0,3.0,2.0,1.0,0.0,1.5,0.5,0.0
2026-04-20,IndustrialLogistics,-0.0043690455910895,0.618421052631579,0.5875,9.4,9.4,20.0,20.0,18.2,10.0,6.0,0.0,10.0,5.2,0.0
2026-04-20,RealEstate,0.0305008169204887,0.4114002478314746,0.4258064516129032,13.2,11.066666666666668,46.0,46.0,40.900000000000006,18.0,10.0,3.0,15.866666666666667,8.033333333333333,3.0
2026-04-20,SteelMaterials,0.0106425767473987,0.3620253164556962,0.4,5.6000000000000005,4.766666666666667,16.0,16.0,15.166666666666666,10.0,1.0,3.0,9.166666666666666,1.0,3.0
2026-04-20,Technology,0.0031008040662878,0.6766467065868264,0.64,6.4,3.7666666666666666,15.0,15.0,9.566666666666666,7.0,3.0,0.0,4.366666666666666,1.2,0.0
2026-04-20,Utilities,0.0059732877185707,0.1828571428571428,0.1761904761904762,3.7,3.2,38.0,38.0,27.33333333333333,5.0,16.0,0.0,4.5,13.0,0.0
2026-04-21,Banking,-0.0063948411943539,0.5121212121212121,0.484,12.1,11.266666666666666,26.0,26.0,23.0,17.0,7.0,1.0,16.166666666666664,4.833333333333333,1.0
2026-04-21,ConsumerDiscretionary,-0.0191123924035491,0.3187250996015935,0.3916666666666666,4.7,2.666666666666666,20.0,20.0,13.7,7.0,3.0,2.0,4.866666666666667,1.5,2.0
2026-04-21,ConsumerStaples,-0.0053659131720108,0.3891402714932127,0.4899999999999999,4.9,2.8666666666666667,11.0,11.0,7.866666666666667,6.0,4.0,0.0,3.866666666666666,3.5,0.0
2026-04-21,Energy,-0.0065540697877615,0.2222222222222222,0.2,1.0,1.0,12.0,12.0,9.166666666666666,2.0,3.0,0.0,2.0,2.5,0.0
2026-04-21,Healthcare,-0.0027787753363396,0.0,0.0,0.0,0.0,1.0,1.0,1.0,0.0,1.0,0.0,0.0,1.0,0.0
2026-04-21,IndustrialLogistics,-0.0081330726620207,0.6938775510204083,0.65,6.5,5.666666666666667,13.0,13.0,10.166666666666666,7.0,2.0,1.0,6.166666666666666,1.0,1.0
2026-04-21,RealEstate,0.0169447014635328,0.3679775280898876,0.38,5.7,4.366666666666666,22.0,22.0,18.2,7.0,6.0,2.0,5.366666666666666,5.0,1.5
2026-04-21,SteelMaterials,-0.0066762060757537,0.6847826086956522,0.71,7.1,6.3,11.0,11.0,9.7,9.0,1.0,0.0,8.2,1.0,0.0
2026-04-21,Technology,-0.0131181009184687,0.2375886524822694,0.3111111111111111,2.8000000000000003,1.1166666666666665,9.0,9.0,4.7,4.0,4.0,1.0,1.8666666666666667,2.333333333333333,0.5
2026-04-21,Utilities,-0.0094952122148009,0.3101694915254238,0.2833333333333334,3.4000000000000004,3.0500000000000003,21.0,21.0,14.5,4.0,8.0,0.0,3.5,6.333333333333333,0.0
2026-04-22,Banking,-0.0018906547139474,0.4116755117513268,0.2666666666666667,5.6000000000000005,7.757142857142858,21.0,21.0,18.84285714285714,13.0,4.0,4.0,13.0,4.0,1.8428571428571427
2026-04-22,ConsumerDiscretionary,-0.0017554791516593,0.4169354838709677,0.3066666666666667,4.6000000000000005,4.923809523809523,22.0,22.0,17.80952380952381,9.0,2.0,4.0,7.833333333333333,0.8333333333333333,3.142857142857143
2026-04-22,ConsumerStaples,0.0003515218191978,-0.0150346954510408,-0.1299999999999999,-1.2999999999999998,-0.0928571428571427,13.0,13.0,9.176190476190476,3.0,3.0,4.0,2.0,2.333333333333333,1.8428571428571427
2026-04-22,Energy,-0.0116744634038415,0.2,0.15,0.6000000000000001,0.4666666666666667,8.0,8.0,6.333333333333333,2.0,2.0,0.0,1.3333333333333333,1.0,0.0
2026-04-22,Healthcare,-0.0251162566929257,0.47,0.425,1.7,1.5666666666666669,5.0,5.0,4.333333333333333,3.0,1.0,0.0,2.333333333333333,1.0,0.0
2026-04-22,IndustrialLogistics,0.0124859049741968,0.0694444444444444,-0.0571428571428571,-0.7999999999999998,0.8571428571428573,16.0,16.0,14.342857142857142,4.0,5.0,5.0,4.0,5.0,3.3428571428571425
2026-04-22,RealEstate,0.0533817869275531,0.6632743362831859,0.5388888888888889,9.7,10.707142857142856,22.0,22.0,20.142857142857142,14.0,2.0,2.0,13.5,2.0,0.6428571428571428
2026-04-22,SteelMaterials,-0.0080926495507651,0.5403422982885087,0.1875,1.5000000000000002,3.157142857142857,8.0,8.0,5.842857142857143,4.0,1.0,3.0,4.0,0.5,1.3428571428571427
2026-04-22,Technology,-0.0051637724806636,0.483271375464684,0.0333333333333333,0.1999999999999999,1.8571428571428568,6.0,6.0,3.8428571428571434,3.0,1.0,2.0,3.0,0.5,0.3428571428571428
2026-04-22,Utilities,-0.0089919825180504,-0.0692307692307692,-0.0999999999999999,-0.6,-0.3,10.0,10.0,7.333333333333333,0.0,5.0,1.0,0.0,3.8333333333333335,0.5
2026-04-23,Banking,0.0359793661913799,0.5978494623655914,0.6200000000000001,15.500000000000002,13.900000000000002,25.0,25.0,23.25,22.0,1.0,2.0,20.25,1.0,2.0
2026-04-23,ConsumerDiscretionary,-0.022117831898052,0.6355828220858896,0.5923076923076922,7.699999999999999,7.399999999999999,21.0,21.0,19.142857142857142,10.0,2.0,1.0,9.5,1.1428571428571428,1.0
2026-04-23,ConsumerStaples,0.0210122296717182,0.1544571932921447,0.209090909090909,2.3,1.25,12.0,12.0,8.592857142857142,4.0,6.0,1.0,2.75,4.342857142857143,1.0
2026-04-23,Energy,-0.0030353090361504,0.3563636363636363,0.3555555555555555,3.2,2.1,10.0,10.0,6.892857142857142,4.0,5.0,0.0,2.75,3.142857142857143,0.0
2026-04-23,Healthcare,-0.0146363356095444,0.5555555555555556,0.6666666666666666,2.0,1.25,3.0,3.0,2.25,2.0,1.0,0.0,1.25,1.0,0.0
2026-04-23,IndustrialLogistics,0.0049950601690138,0.7196261682242991,0.6416666666666667,7.7,7.7,17.0,17.0,15.7,8.0,4.0,0.0,8.0,2.7,0.0
2026-04-23,RealEstate,0.0168696548088636,0.8470995005762582,0.7727272727272727,17.0,15.749999999999998,32.0,32.0,28.59285714285714,19.0,3.0,0.0,17.75,0.8428571428571427,0.0
2026-04-23,SteelMaterials,-0.0088539944939363,-0.1611842105263158,-0.1166666666666666,-0.7000000000000001,-0.7000000000000001,6.0,6.0,4.342857142857143,1.0,3.0,2.0,1.0,1.3428571428571427,2.0
2026-04-23,Technology,-0.004661165156504,0.8048128342245989,0.7,6.3,4.3,9.0,9.0,5.342857142857143,7.0,2.0,0.0,5.0,0.3428571428571428,0.0
2026-04-23,Utilities,-0.0296410151402984,-0.0252707581227436,0.0769230769230769,1.0,-0.25,18.0,18.0,14.892857142857142,3.0,8.0,2.0,1.75,6.142857142857142,2.0
2026-04-24,Banking,-0.0231813470832707,0.5789473684210527,0.55,11.0,11.0,21.0,21.0,20.0,16.0,3.0,1.0,16.0,2.0,1.0
2026-04-24,ConsumerDiscretionary,-0.0125581918665136,0.2313253012048192,0.24,3.6,3.2,21.0,21.0,17.666666666666664,8.0,3.0,4.0,7.5,2.333333333333333,4.0
2026-04-24,ConsumerStaples,-0.0158349973021546,0.6000000000000002,0.4166666666666667,2.5,2.1500000000000004,7.0,7.0,4.583333333333333,3.0,2.0,1.0,2.5,0.5833333333333333,0.5
2026-04-24,Energy,0.004644689652024,0.8,0.8,0.8,0.8,2.0,2.0,2.0,1.0,0.0,0.0,1.0,0.0,0.0
2026-04-24,Healthcare,-0.0111646751504635,0.9333333333333332,0.9333333333333332,2.8,2.8,3.0,3.0,3.0,3.0,0.0,0.0,3.0,0.0,0.0
2026-04-24,IndustrialLogistics,-0.0012317979510658,0.2666666666666666,0.225,1.8,1.7999999999999998,13.0,13.0,11.083333333333332,3.0,4.0,1.0,3.0,2.75,1.0
2026-04-24,RealEstate,-0.0168609884435759,0.739622641509434,0.7000000000000001,9.8,9.8,16.0,16.0,15.25,11.0,3.0,0.0,11.0,2.25,0.0
2026-04-24,SteelMaterials,0.0021286361994956,0.3666666666666667,0.3666666666666667,1.1,1.1,3.0,3.0,3.0,2.0,0.0,1.0,2.0,0.0,1.0
2026-04-24,Technology,-0.0068843014755861,0.567741935483871,0.5444444444444445,4.9,4.4,11.0,11.0,9.25,6.0,3.0,0.0,5.5,2.25,0.0
2026-04-24,Utilities,0.0045718478130264,-0.0191489361702127,0.0299999999999999,0.2999999999999999,-0.1499999999999999,18.0,18.0,14.166666666666666,2.0,4.0,4.0,1.5,2.833333333333333,3.5
2026-04-28,Banking,-0.0112340514324273,0.5675675675675674,0.503030303030303,33.2,35.099999999999994,67.0,67.0,62.84285714285714,53.0,4.0,9.0,52.5,2.642857142857143,6.7
2026-04-28,ConsumerDiscretionary,-0.0171709258444753,0.4560091619509566,0.4285714285714285,18.0,16.116666666666667,64.0,64.0,53.67619047619048,29.0,7.0,6.0,25.666666666666664,4.476190476190476,5.2
2026-04-28,ConsumerStaples,0.0104873430691176,0.3415467187118809,0.2266666666666666,3.3999999999999995,3.333333333333333,15.0,15.0,9.75952380952381,7.0,6.0,2.0,4.833333333333333,4.476190476190476,0.45
2026-04-28,Energy,-0.0529390351049596,0.3241050119331742,0.3083333333333333,3.7,3.2333333333333334,20.0,20.0,17.976190476190474,5.0,6.0,1.0,4.333333333333333,4.642857142857142,1.0
2026-04-28,Healthcare,-0.0051382499886531,0.0,0.0,0.0,0.0,2.0,2.0,2.0,0.0,1.0,0.0,0.0,1.0,0.0
2026-04-28,IndustrialLogistics,-0.0098417676021071,0.4022988505747126,0.3434782608695652,7.899999999999999,8.75,29.0,29.0,27.75,11.0,8.0,4.0,11.0,8.0,2.75
2026-04-28,RealEstate,0.0622577655757929,0.6199138343705123,0.5057142857142858,17.700000000000003,18.5,55.0,55.0,49.34285714285714,26.0,4.0,5.0,24.5,2.642857142857143,2.7
2026-04-28,SteelMaterials,6.206080167721802e-05,0.4252148997134671,0.4272727272727273,4.7,3.533333333333333,12.0,12.0,9.309523809523808,6.0,4.0,1.0,4.833333333333334,2.4761904761904763,1.0
2026-04-28,Technology,-0.0033829981071629,0.479188166494668,0.2809523809523809,5.9,6.633333333333333,25.0,25.0,16.676190476190477,11.0,6.0,4.0,9.333333333333332,2.8095238095238093,1.7
2026-04-28,Utilities,-0.0256195156179918,0.3391304347826087,0.35,7.0,5.2,32.0,32.0,23.666666666666664,9.0,8.0,3.0,7.0,5.833333333333333,2.5
2026-04-29,Banking,0.0010103703692067,0.4085561497326204,0.3277777777777778,5.9,6.366666666666667,18.0,18.0,15.583333333333332,11.0,3.0,4.0,11.0,1.25,3.333333333333333
2026-04-29,ConsumerDiscretionary,-0.0012620053768825,0.6728971962616823,0.6666666666666666,6.0,5.142857142857143,11.0,11.0,9.142857142857142,7.0,2.0,0.0,6.142857142857142,1.5,0.0
2026-04-29,ConsumerStaples,-0.0111198659085607,0.5788235294117648,0.43,4.3,4.1000000000000005,10.0,10.0,7.083333333333333,5.0,4.0,1.0,4.5,2.333333333333333,0.25
2026-04-29,Energy,0.0149458405184085,-0.0713414634146341,0.0266666666666666,0.3999999999999999,-0.5571428571428572,19.0,19.0,11.309523809523808,2.0,10.0,3.0,0.6428571428571428,5.416666666666666,1.75
2026-04-29,Healthcare,0.0184852740233325,1.0,1.0,1.0,0.5,1.0,1.0,0.5,1.0,0.0,0.0,0.5,0.0,0.0
2026-04-29,IndustrialLogistics,5.518623488920405e-05,0.6989761092150171,0.7111111111111111,6.4,4.876190476190477,11.0,11.0,8.976190476190476,7.0,2.0,0.0,5.476190476190476,1.5,0.0
2026-04-29,RealEstate,-0.0280477182436519,0.4411715481171549,0.463157894736842,8.799999999999999,6.276190476190477,22.0,22.0,17.226190476190474,12.0,4.0,3.0,8.976190476190476,2.75,2.5
2026-04-29,SteelMaterials,-0.0008771929824561,0.0092307692307692,0.0666666666666666,0.4,0.0428571428571428,6.0,6.0,4.642857142857142,2.0,2.0,2.0,1.1428571428571428,2.0,1.5
2026-04-29,Technology,0.0023164282595345,0.5767441860465117,0.3909090909090909,4.3,3.5428571428571427,11.0,11.0,6.142857142857142,6.0,3.0,2.0,4.476190476190476,1.0833333333333333,0.5833333333333333
2026-04-29,Utilities,0.0030440432018753,0.0368794326241134,0.0199999999999999,0.2999999999999998,0.3095238095238095,20.0,20.0,12.392857142857142,2.0,10.0,3.0,1.1428571428571428,6.166666666666666,1.0833333333333333
2026-05-04,Banking,0.015125204009046,0.389388489208633,0.36,16.2,14.433333333333334,45.0,45.0,37.06666666666667,28.0,12.0,5.0,24.28333333333333,9.333333333333332,3.45
2026-05-04,ConsumerDiscretionary,0.0089326729205118,0.4679376083188908,0.3972222222222222,14.3,13.5,61.0,61.0,49.18333333333334,19.0,14.0,3.0,16.45,11.0,1.4
2026-05-04,ConsumerStaples,-0.001050105010501,0.3554757630161579,0.217391304347826,5.0,6.6,25.0,25.0,20.566666666666663,9.0,10.0,4.0,9.0,7.166666666666666,2.4
2026-05-04,Energy,0.0275840311479426,0.3905405405405406,0.3814814814814815,10.3,9.633333333333336,36.0,36.0,33.0,12.0,12.0,3.0,11.333333333333332,10.333333333333332,3.0
2026-05-04,Healthcare,0.0025461439552457,0.911111111111111,0.92,4.6,4.1,7.0,7.0,6.5,5.0,0.0,0.0,4.5,0.0,0.0
2026-05-04,IndustrialLogistics,0.0014821020838085,0.3355371900826446,0.3249999999999999,10.4,10.15,41.0,41.0,38.25,13.0,17.0,2.0,12.0,17.0,1.25
2026-05-04,RealEstate,-0.0349898214395415,0.0270518110958276,0.0024390243902438,0.0999999999999996,0.9833333333333334,63.0,63.0,58.35,13.0,15.0,13.0,11.533333333333331,14.166666666666666,10.65
2026-05-04,SteelMaterials,0.0055205853867699,0.4992743105950653,0.4375,7.0,5.733333333333333,18.0,18.0,12.983333333333334,11.0,2.0,3.0,8.783333333333333,0.4999999999999999,2.2
2026-05-04,Technology,-0.0077142618563353,0.5198637911464244,0.3304347826086956,7.6,7.633333333333333,23.0,23.0,14.683333333333334,11.0,8.0,4.0,8.533333333333333,4.5,1.65
2026-05-04,Utilities,0.0248406679652778,0.3434243176178659,0.341860465116279,14.7,11.533333333333331,59.0,59.0,45.41666666666667,16.0,26.0,1.0,12.583333333333332,20.0,1.0
2026-05-05,Banking,-0.0073776042705936,0.3240469208211143,0.1714285714285714,2.4000000000000004,3.6833333333333336,14.0,14.0,11.366666666666667,8.0,2.0,4.0,7.5,1.5,2.3666666666666667
2026-05-05,ConsumerDiscretionary,-0.0047911106129491,0.1111111111111111,-0.1428571428571428,-1.0,0.6,13.0,13.0,11.4,1.0,4.0,2.0,1.0,4.0,0.4
2026-05-05,ConsumerStaples,-0.0019009103836025,0.5625,0.25,1.0,1.8,5.0,5.0,4.2,2.0,1.0,1.0,2.0,1.0,0.2
2026-05-05,Energy,0.0231189903162365,-0.0172413793103448,-0.0909090909090909,-1.0,-0.1666666666666665,15.0,15.0,12.666666666666666,3.0,4.0,4.0,3.0,3.5,3.1666666666666665
2026-05-05,Healthcare,-0.006619560204005,0.3333333333333333,0.3333333333333333,1.0,1.0,3.0,3.0,3.0,1.0,2.0,0.0,1.0,2.0,0.0
2026-05-05,IndustrialLogistics,0.0244127105379399,0.6538461538461539,0.5307692307692308,6.9,7.649999999999999,18.0,18.0,16.7,9.0,3.0,1.0,8.5,3.0,0.2
2026-05-05,RealEstate,0.0106931895418154,0.3215189873417721,0.2428571428571428,3.4,4.233333333333333,18.0,18.0,16.166666666666664,7.0,3.0,4.0,7.0,3.0,3.1666666666666665
2026-05-05,SteelMaterials,-0.0131346447669976,-0.3430656934306569,-0.5714285714285714,-4.0,-1.5666666666666669,8.0,8.0,5.566666666666666,1.0,1.0,5.0,1.0,1.0,2.5666666666666664
2026-05-05,Technology,-0.0045832824723422,0.6822429906542057,0.0,0.0,2.4333333333333336,7.0,7.0,4.566666666666666,3.0,0.0,3.0,3.0,0.0,0.5666666666666667
2026-05-05,Utilities,0.0065797714880964,0.0756972111553784,-0.0499999999999999,-0.5999999999999999,0.6333333333333333,15.0,15.0,11.366666666666667,3.0,6.0,3.0,2.0,5.0,1.3666666666666667
2026-05-06,Banking,0.0086073232209638,0.399234693877551,0.5166666666666666,9.3,5.216666666666667,18.0,18.0,13.066666666666666,13.0,3.0,2.0,8.816666666666666,2.25,2.0
2026-05-06,ConsumerDiscretionary,0.0076779378927605,0.4778156996587031,0.36,1.8,1.0,12.0,12.0,7.092857142857143,2.0,3.0,0.0,1.2,0.8928571428571428,0.0
2026-05-06,ConsumerStaples,0.0153309497986207,0.7303634232121923,0.6666666666666666,6.0,4.45,11.0,11.0,7.5928571428571425,6.0,3.0,0.0,4.45,1.6428571428571428,0.0
2026-05-06,Energy,-0.0007244815117001,-0.3670731707317073,-0.3,-3.0,-2.8666666666666667,13.0,13.0,10.80952380952381,0.0,6.0,4.0,0.0,4.476190476190476,3.333333333333333
2026-05-06,Healthcare,-0.0032515983478658,,,,,,,,,,,,,
2026-05-06,IndustrialLogistics,0.0051613000187839,0.5900826446280991,0.5272727272727272,5.8,5.1,13.0,13.0,10.642857142857142,7.0,2.0,2.0,6.166666666666666,1.1428571428571428,1.3333333333333333
2026-05-06,RealEstate,-0.0126906708428447,0.607603197911568,0.5789473684210527,11.0,8.866666666666667,24.0,24.0,19.09285714285714,11.0,8.0,0.0,8.866666666666667,5.726190476190476,0.0
2026-05-06,SteelMaterials,0.0123405499886644,-0.0619469026548672,0.4285714285714285,3.0,-0.1833333333333333,8.0,8.0,3.959523809523809,4.0,2.0,1.0,0.8166666666666667,1.1428571428571428,1.0
2026-05-06,Technology,-0.0052357469613009,0.6691176470588236,0.6666666666666666,6.0,2.8166666666666664,9.0,9.0,4.209523809523809,6.0,3.0,0.0,2.816666666666667,1.3928571428571428,0.0
2026-05-06,Utilities,0.0236721688860712,0.1981132075471697,0.3714285714285714,2.6,0.6999999999999997,14.0,14.0,7.533333333333333,4.0,1.0,2.0,1.8666666666666665,0.3333333333333333,1.3333333333333333
2026-05-07,Banking,0.0009168003745632,0.4891732283464566,0.4769230769230769,6.199999999999999,4.733333333333333,13.0,13.0,9.676190476190476,8.0,5.0,0.0,6.533333333333333,3.142857142857143,0.0
2026-05-07,ConsumerDiscretionary,0.0107292575612774,0.3811833171677982,0.36,5.4,3.742857142857143,24.0,24.0,16.319047619047616,6.0,9.0,0.0,4.342857142857143,5.476190476190476,0.0
2026-05-07,ConsumerStaples,0.0030788701885047,0.4261213720316623,0.5,7.0,3.0761904761904764,18.0,18.0,11.21904761904762,8.0,5.0,1.0,4.076190476190476,2.142857142857143,1.0
2026-05-07,Energy,-0.0337802869436167,0.271203656678517,0.3846153846153846,5.0,2.5428571428571427,15.0,15.0,11.376190476190477,7.0,4.0,2.0,4.542857142857143,2.833333333333333,2.0
2026-05-07,Healthcare,-0.010239416684096,,,,,,,,,,,,,
2026-05-07,IndustrialLogistics,0.0008796375967647,0.3375959079283887,0.3636363636363636,4.0,3.142857142857143,14.0,14.0,12.30952380952381,4.0,7.0,0.0,3.142857142857143,6.166666666666666,0.0
2026-05-07,RealEstate,0.0182818054692383,0.5890005913660556,0.6153846153846154,8.0,4.742857142857143,16.0,16.0,11.052380952380952,8.0,5.0,0.0,4.742857142857143,3.3095238095238093,0.0
2026-05-07,SteelMaterials,0.0031481854671509,0.1833137485311398,0.4444444444444444,4.0,0.7428571428571429,10.0,10.0,4.552380952380952,5.0,3.0,1.0,1.7428571428571429,1.309523809523809,1.0
2026-05-07,Technology,0.000582069674764,0.2878013148283418,0.3846153846153846,5.0,1.876190476190476,13.0,13.0,6.519047619047618,5.0,8.0,0.0,1.876190476190476,4.642857142857142,0.0
2026-05-07,Utilities,-0.0039484912425788,0.137910447761194,0.0846153846153846,1.1,1.1,20.0,20.0,12.976190476190476,3.0,9.0,1.0,3.0,3.976190476190476,1.0
2026-05-08,Banking,0.018526781014553,0.5631713554987212,0.6333333333333333,7.6,5.242857142857143,13.0,13.0,10.30952380952381,11.0,0.0,1.0,8.30952380952381,0.0,1.0
2026-05-08,ConsumerDiscretionary,-0.0073669163456418,0.7374999999999999,0.8333333333333334,5.0,2.8095238095238093,11.0,11.0,6.642857142857142,5.0,1.0,0.0,2.8095238095238093,1.0,0.0
2026-05-08,ConsumerStaples,-0.009440623521603,-0.0313688212927756,0.3125,2.5,-0.1571428571428572,10.0,10.0,7.0095238095238095,5.0,1.0,2.0,2.009523809523809,1.0,2.0
2026-05-08,Energy,-0.0149234200844026,0.029032258064516,0.3099999999999999,3.1,0.1928571428571426,13.0,13.0,8.976190476190474,6.0,2.0,2.0,2.642857142857143,2.0,2.0
2026-05-08,Healthcare,0.0031554384000926,,,,,,,,,,,,,
2026-05-08,IndustrialLogistics,0.002896894373412,0.4528907922912205,0.5133333333333333,7.7,6.042857142857143,17.0,17.0,15.342857142857142,9.0,5.0,1.0,7.3428571428571425,5.0,1.0
2026-05-08,RealEstate,0.0213751327908247,0.6003045298819947,0.6875,11.0,7.5095238095238095,18.0,18.0,14.50952380952381,12.0,3.0,1.0,8.50952380952381,3.0,1.0
2026-05-08,SteelMaterials,-0.0063468550468955,0.3971291866028708,0.5714285714285714,4.0,1.976190476190476,7.0,7.0,4.976190476190476,5.0,1.0,1.0,2.9761904761904763,1.0,1.0
2026-05-08,Technology,-0.0113253802409189,0.4230769230769231,0.5,4.0,2.2,10.0,10.0,6.7,5.0,2.0,1.0,3.2,1.0,1.0
2026-05-08,Utilities,-0.0287333186978343,0.4717261904761905,0.51875,8.3,5.283333333333333,20.0,20.0,13.533333333333331,11.0,4.0,1.0,7.199999999999999,3.0,1.0
2026-05-11,Banking,-0.0147838618291405,0.3994816414686825,0.428125,13.7,11.00952380952381,32.0,32.0,27.55952380952381,20.0,7.0,5.0,17.30952380952381,5.25,5.0
2026-05-11,ConsumerDiscretionary,-0.022916506374941,0.4926926926926926,0.5166666666666667,9.3,5.859523809523809,32.0,32.0,23.892857142857142,10.0,8.0,0.0,6.559523809523809,5.333333333333333,0.0
2026-05-11,ConsumerStaples,-0.0031547026272428,0.4029524330235101,0.4285714285714285,6.0,3.509523809523809,14.0,14.0,8.709523809523809,7.0,6.0,1.0,4.5095238095238095,3.2,1.0
2026-05-11,Energy,-0.0062058885574715,0.6030769230769232,0.4666666666666667,4.2,3.2666666666666666,14.0,14.0,9.916666666666666,5.0,4.0,0.0,3.6666666666666665,1.75,0.0
2026-05-11,Healthcare,0.0005094684830255,0.2950819672131147,0.2857142857142857,2.0,1.5,8.0,8.0,6.083333333333333,2.0,5.0,0.0,1.5,3.583333333333333,0.0
2026-05-11,IndustrialLogistics,-0.0076788924497588,0.4264705882352941,0.4210526315789473,8.0,7.25,22.0,22.0,20.0,8.0,11.0,0.0,7.25,9.75,0.0
2026-05-11,RealEstate,-0.0182535797825468,0.4723363131191109,0.492,12.3,9.30952380952381,33.0,33.0,27.20952380952381,15.0,7.0,3.0,12.00952380952381,4.7,3.0
2026-05-11,SteelMaterials,-0.0215626783766419,0.3745591347284269,0.4466666666666666,6.7,3.792857142857143,17.0,17.0,11.626190476190477,8.0,6.0,1.0,5.092857142857143,4.033333333333333,1.0
2026-05-11,Technology,-0.0247775508346196,0.4146924148914991,0.4578947368421052,8.7,4.95952380952381,23.0,23.0,14.959523809523809,10.0,8.0,1.0,6.2595238095238095,4.7,1.0
2026-05-11,Utilities,0.0007614696085375,0.3729641693811074,0.3875,9.3,6.542857142857143,30.0,30.0,23.04285714285714,12.0,11.0,1.0,8.842857142857143,7.7,1.0
2026-05-12,Banking,-0.0035607554525628,0.5,0.5,6.0,6.0,12.0,12.0,12.0,9.0,2.0,1.0,9.0,2.0,1.0
2026-05-12,ConsumerDiscretionary,0.0091510846481053,-0.2941176470588235,-0.3857142857142857,-2.7,-1.6666666666666663,22.0,22.0,17.416666666666664,1.0,2.0,4.0,1.0,2.0,2.6666666666666665
2026-05-12,ConsumerStaples,-0.0061151737848898,0.5882352941176472,0.4285714285714285,3.0,3.333333333333333,7.0,7.0,5.666666666666666,4.0,2.0,1.0,3.5,2.0,0.1666666666666666
2026-05-12,Energy,0.0274744637680618,0.3191489361702128,0.2222222222222222,2.0,2.5,18.0,18.0,14.083333333333332,3.0,5.0,1.0,3.0,4.333333333333333,0.5
2026-05-12,Healthcare,0.0,0.75,0.5,1.0,1.0,2.0,2.0,1.3333333333333333,1.0,1.0,0.0,1.0,0.3333333333333333,0.0
2026-05-12,IndustrialLogistics,0.0141373892548693,0.3888888888888889,0.1818181818181818,2.0,3.5,13.0,13.0,10.5,5.0,3.0,3.0,5.0,2.5,1.5
2026-05-12,RealEstate,-0.0131522143987519,0.4444444444444444,0.25,4.0,6.0,27.0,27.0,24.5,7.0,6.0,3.0,7.0,5.5,1.0
2026-05-12,SteelMaterials,0.0052142856200832,0.2,0.0,0.0,0.8333333333333334,7.0,7.0,5.166666666666666,1.0,3.0,1.0,1.0,3.0,0.1666666666666666
2026-05-12,Technology,0.0054480860511869,-0.1818181818181818,-0.2222222222222222,-2.0,-1.0,11.0,11.0,6.75,1.0,5.0,3.0,0.5,3.5,1.5
2026-05-12,Utilities,0.0007896368345175,0.24,0.12,0.6,0.8,10.0,10.0,5.583333333333333,1.0,3.0,1.0,1.0,1.8333333333333333,0.5
2026-05-13,Banking,0.0123733546128474,0.4455852156057495,0.43,8.6,7.75,20.0,20.0,17.392857142857142,13.0,5.0,2.0,12.0,3.392857142857143,2.0
2026-05-13,ConsumerDiscretionary,0.0012877950404845,0.7000000000000001,0.6,3.6,3.6,15.0,15.0,14.142857142857142,4.0,1.0,1.0,4.0,0.1428571428571428,1.0
2026-05-13,ConsumerStaples,-0.0024468219946921,0.8400000000000001,0.6,1.8,1.8,3.0,3.0,2.142857142857143,2.0,1.0,0.0,2.0,0.1428571428571428,0.0
2026-05-13,Energy,0.0670524790773224,0.465034965034965,0.5,5.0,3.1666666666666665,11.0,11.0,7.309523809523809,5.0,5.0,0.0,3.1666666666666665,3.642857142857143,0.0
2026-05-13,Healthcare,0.0046171797506067,0.5,0.5,2.0,2.0,4.0,4.0,4.0,2.0,2.0,0.0,2.0,2.0,0.0
2026-05-13,IndustrialLogistics,0.0064698272891254,0.1379310344827586,0.125,1.0,1.0,11.0,11.0,9.75,2.0,5.0,1.0,2.0,4.25,1.0
2026-05-13,RealEstate,-0.0093975153054591,0.4965893587994544,0.4545454545454545,5.0,4.333333333333334,14.0,14.0,11.226190476190476,6.0,4.0,1.0,5.333333333333334,2.392857142857143,1.0
2026-05-13,SteelMaterials,0.0022631368080688,0.6798076923076922,0.54,2.7,1.6833333333333331,5.0,5.0,2.4761904761904763,3.0,2.0,0.0,1.8333333333333333,0.6428571428571428,0.0
2026-05-13,Technology,0.0246572814934524,0.2236421725239616,0.2857142857142857,2.0,0.8333333333333333,10.0,10.0,6.226190476190476,3.0,3.0,1.0,1.8333333333333333,0.8928571428571428,1.0
2026-05-13,Utilities,-0.0017008236797615,0.4230769230769231,0.4285714285714285,3.0,1.8333333333333333,11.0,11.0,8.333333333333332,3.0,4.0,0.0,1.8333333333333333,2.5,0.0
2026-05-14,Banking,0.0144989342363438,0.1416666666666666,0.1416666666666666,1.6999999999999993,1.6999999999999993,12.0,12.0,12.0,5.0,2.0,5.0,5.0,2.0,5.0
2026-05-14,ConsumerDiscretionary,0.0095543222349299,0.5882352941176471,0.4384615384615384,5.7,6.0,21.0,21.0,18.2,8.0,3.0,2.0,7.0,2.5,0.7
2026-05-14,ConsumerStaples,0.0085296343959106,0.4285714285714285,0.0,0.0,1.05,7.0,7.0,3.95,2.0,1.0,2.0,1.5,0.5,0.45
2026-05-14,Energy,-0.0031701690604241,-0.2,-0.25,-1.0,-0.5,13.0,13.0,9.5,0.0,3.0,1.0,0.0,2.0,0.5
2026-05-14,Healthcare,-0.0064372634467783,0.5,0.5,1.0,1.0,2.0,2.0,2.0,1.0,1.0,0.0,1.0,1.0,0.0
2026-05-14,IndustrialLogistics,-0.0061930947977416,0.12,0.0,0.0,0.75,12.0,12.0,9.25,2.0,4.0,2.0,2.0,3.0,1.25
2026-05-14,RealEstate,0.0222650995847146,0.6224188790560473,0.4736842105263157,9.0,10.55,24.0,24.0,21.45,11.0,6.0,2.0,11.0,5.5,0.45
2026-05-14,SteelMaterials,-0.0017279316372376,0.7741935483870968,0.5714285714285714,4.0,4.8,7.0,7.0,6.2,5.0,1.0,1.0,5.0,1.0,0.2
2026-05-14,Technology,0.0224153869264278,0.1627906976744186,0.0,0.0,1.05,10.0,10.0,6.45,3.0,4.0,3.0,2.5,2.5,1.45
2026-05-14,Utilities,-0.0076319705144549,0.2181818181818181,0.2428571428571428,3.4,2.4,17.0,17.0,13.0,4.0,9.0,1.0,3.0,7.0,1.0
2026-05-15,Banking,-0.0074666710494976,0.5399999999999999,0.5461538461538461,7.1,6.749999999999999,13.0,13.0,12.5,10.0,2.0,1.0,9.5,2.0,1.0
2026-05-15,ConsumerDiscretionary,-0.0192356740587508,0.1555555555555555,0.1399999999999999,0.7,0.7,11.0,11.0,9.5,2.0,2.0,1.0,2.0,1.5,1.0
2026-05-15,ConsumerStaples,0.002588598523884,1.0,1.0,4.0,3.25,8.0,8.0,6.75,4.0,0.0,0.0,3.25,0.0,0.0
2026-05-15,Energy,0.0473283881407918,0.5454545454545455,0.3333333333333333,1.0,1.0,8.0,8.0,5.833333333333333,1.0,2.0,0.0,1.0,0.8333333333333333,0.0
2026-05-15,Healthcare,-0.0096181565349494,1.0,1.0,3.0,2.5,3.0,3.0,2.5,3.0,0.0,0.0,2.5,0.0,0.0
2026-05-15,IndustrialLogistics,-0.0068443283856296,0.5692307692307692,0.5882352941176471,10.0,9.25,19.0,19.0,18.25,12.0,3.0,2.0,11.25,3.0,2.0
2026-05-15,RealEstate,0.0124169919014398,0.8840579710144928,0.8888888888888888,16.0,15.25,22.0,22.0,21.25,16.0,2.0,0.0,15.25,2.0,0.0
2026-05-15,SteelMaterials,-0.0112056988256152,0.4285714285714286,0.3333333333333333,1.0,1.0,5.0,5.0,3.333333333333333,1.0,2.0,0.0,1.0,1.3333333333333333,0.0
2026-05-15,Technology,-0.0124229031129818,0.4468085106382979,0.4285714285714285,3.0,1.75,9.0,9.0,5.416666666666666,3.0,4.0,0.0,1.75,2.1666666666666665,0.0
2026-05-15,Utilities,0.0093980310020244,0.2711538461538462,0.2454545454545454,2.7,2.35,15.0,15.0,11.666666666666666,3.0,8.0,0.0,2.5,6.166666666666666,0.0
2026-05-18,Banking,0.0365659040740204,0.3093833780160858,0.2675675675675675,9.9,9.616666666666667,37.0,37.0,31.08333333333333,22.0,7.0,8.0,19.83333333333333,5.083333333333333,6.166666666666666
2026-05-18,ConsumerDiscretionary,-0.0282410985468066,0.6871794871794872,0.48,4.8,4.466666666666666,23.0,23.0,17.5,6.0,3.0,1.0,4.833333333333333,1.5,0.1666666666666666
2026-05-18,ConsumerStaples,-0.001413727170964,0.4575471698113207,0.1333333333333333,1.6,3.2333333333333334,13.0,13.0,8.066666666666666,6.0,2.0,4.0,5.0,0.4999999999999999,1.5666666666666669
2026-05-18,Energy,0.0575494669397453,0.1884816753926701,0.2,4.0,3.0,29.0,29.0,23.416666666666664,9.0,6.0,5.0,7.5,3.9166666666666665,4.5
2026-05-18,Healthcare,0.0049811309354167,-0.44,-0.44,-2.2,-2.2,6.0,6.0,6.0,1.0,1.0,3.0,1.0,1.0,3.0
2026-05-18,IndustrialLogistics,0.0069315969430185,0.4007891770011274,0.3,10.5,11.85,39.0,39.0,32.56666666666666,16.0,14.0,5.0,15.0,11.666666666666666,2.9
2026-05-18,RealEstate,-0.0157423283141668,0.7043544690603516,0.4714285714285714,13.2,15.366666666666667,35.0,35.0,28.816666666666663,17.0,6.0,5.0,16.333333333333332,3.9166666666666665,1.5666666666666669
2026-05-18,SteelMaterials,-0.0066536140546944,0.3409490333919156,0.1533333333333333,2.3,3.2333333333333334,15.0,15.0,9.483333333333334,7.0,4.0,4.0,5.5,2.4166666666666665,1.5666666666666669
2026-05-18,Technology,0.0456213296445526,0.1746987951807229,-0.0588235294117647,-1.0,1.9333333333333336,21.0,21.0,13.566666666666668,4.0,8.0,5.0,3.5,6.0,1.5666666666666669
2026-05-18,Utilities,0.0077348527117554,-0.1945945945945946,-0.1625,-3.9,-3.6,39.0,39.0,30.5,4.0,10.0,10.0,2.5,8.0,8.0
2026-05-19,Banking,-0.0059552685342976,0.4723404255319149,0.4230769230769231,5.5,4.625,14.0,14.0,10.791666666666666,7.0,6.0,0.0,6.125,3.6666666666666665,0.0
2026-05-19,ConsumerDiscretionary,-0.0026332380680462,0.4960629921259843,0.5,4.0,2.625,16.0,16.0,12.291666666666666,4.0,4.0,0.0,2.625,2.6666666666666665,0.0
2026-05-19,ConsumerStaples,-0.0031331922640296,0.4951456310679612,0.5,3.0,2.125,7.0,7.0,4.791666666666666,4.0,1.0,1.0,3.125,0.1666666666666666,1.0
2026-05-19,Energy,-0.0698659370517749,0.0276923076923076,0.0909090909090909,1.0,0.225,17.0,17.0,13.125,3.0,6.0,2.0,2.125,4.5,1.5
2026-05-19,Healthcare,0.000591000047095,0.3333333333333333,0.3333333333333333,1.0,1.0,3.0,3.0,3.0,2.0,0.0,1.0,2.0,0.0,1.0
2026-05-19,IndustrialLogistics,-0.0121594204645999,0.6818181818181819,0.6,3.0,2.5,8.0,8.0,5.666666666666666,3.0,2.0,0.0,2.5,1.1666666666666663,0.0
2026-05-19,RealEstate,-0.0021109625956278,0.5313351498637603,0.4736842105263157,9.0,8.125,27.0,27.0,22.791666666666664,9.0,10.0,0.0,8.125,7.166666666666666,0.0
2026-05-19,SteelMaterials,-0.0012445137445137,0.6144578313253013,0.5,3.0,2.125,8.0,8.0,5.458333333333333,3.0,3.0,0.0,2.125,1.3333333333333333,0.0
2026-05-19,Technology,0.011872649406489,0.388235294117647,0.3999999999999999,4.8,3.025,12.0,12.0,7.791666666666666,5.0,6.0,1.0,3.125,4.166666666666666,0.5
2026-05-19,Utilities,-0.0027448805674612,0.4983050847457627,0.5,8.0,6.125,22.0,22.0,17.291666666666664,8.0,8.0,0.0,6.125,6.166666666666666,0.0
2026-05-20,Banking,-0.0072859910825728,0.2814021421616358,0.05,1.1,4.816666666666666,22.0,22.0,17.116666666666667,10.0,4.0,8.0,10.0,2.833333333333333,4.283333333333333
2026-05-20,ConsumerDiscretionary,-0.0084930820969006,0.270358306188925,0.0,0.0,1.3833333333333333,16.0,16.0,11.116666666666667,3.0,3.0,3.0,2.0,2.5,0.6166666666666666
2026-05-20,ConsumerStaples,-0.0132878285452994,0.7037037037037037,0.5,3.0,3.166666666666667,6.0,6.0,4.5,4.0,1.0,1.0,3.333333333333333,1.0,0.1666666666666666
2026-05-20,Energy,0.0279671085954936,0.1302931596091204,0.0,0.0,1.333333333333333,16.0,16.0,11.233333333333333,5.0,5.0,5.0,3.533333333333333,4.5,2.2
2026-05-20,Healthcare,-0.0031467567619333,0.0,0.0,0.0,0.0,3.0,3.0,3.0,0.0,2.0,0.0,0.0,2.0,0.0
2026-05-20,IndustrialLogistics,-0.0096175110743301,0.5652173913043478,0.4,2.0,1.95,5.0,5.0,3.45,3.0,1.0,1.0,2.2,1.0,0.25
2026-05-20,RealEstate,-0.0073851716102271,0.090311986863711,-0.125,-2.0,0.916666666666667,16.0,16.0,10.15,6.0,2.0,8.0,4.533333333333333,2.0,3.616666666666666
2026-05-20,SteelMaterials,-0.0068056560632045,-0.7352941176470588,-0.7142857142857143,-5.0,-4.166666666666666,7.0,7.0,5.666666666666666,0.0,2.0,5.0,0.0,1.5,4.166666666666666
2026-05-20,Technology,0.0066406811167519,0.6968641114982579,0.4666666666666667,7.0,6.666666666666667,15.0,15.0,9.566666666666666,9.0,4.0,2.0,7.2,1.8333333333333333,0.5333333333333333
2026-05-20,Utilities,-0.0055328359046519,0.4495614035087719,0.3714285714285714,7.800000000000001,6.833333333333334,27.0,27.0,20.2,11.0,6.0,4.0,9.2,2.833333333333333,3.1666666666666665
2026-05-21,Banking,-0.0014856520890028,0.3024445707788517,0.3,4.5,2.533333333333333,16.0,16.0,8.876190476190477,6.0,8.0,1.0,4.033333333333333,3.3428571428571425,1.0
2026-05-21,ConsumerDiscretionary,0.0143126893406992,0.6622754491017964,0.6333333333333333,3.8,2.6333333333333333,11.0,11.0,7.976190476190476,4.0,2.0,0.0,2.833333333333333,1.1428571428571428,0.0
2026-05-21,ConsumerStaples,0.0041543264930787,-0.1468531468531468,0.0,0.0,-0.3,7.0,7.0,4.042857142857143,1.0,3.0,1.0,0.2,1.3428571428571427,0.5
2026-05-21,Energy,-0.0222574778930758,0.1949152542372881,0.1833333333333333,2.2,1.5333333333333334,16.0,16.0,10.866666666666667,4.0,7.0,1.0,3.333333333333333,3.533333333333333,1.0
2026-05-21,Healthcare,0.0028468439118567,1.0,1.0,1.0,0.5,1.0,1.0,0.5,1.0,0.0,0.0,0.5,0.0,0.0
2026-05-21,IndustrialLogistics,-0.0118933023657517,0.7761194029850746,0.7777777777777778,7.0,5.2,10.0,10.0,7.7,7.0,2.0,0.0,5.2,1.5,0.0
2026-05-21,RealEstate,-0.0246005947736424,0.6669832225387781,0.6,12.0,10.033333333333331,30.0,30.0,23.542857142857144,13.0,6.0,1.0,11.033333333333331,3.009523809523809,1.0
2026-05-21,SteelMaterials,0.0149688463816125,-0.5449101796407186,-0.3333333333333333,-2.0,-2.166666666666667,6.0,6.0,3.976190476190476,1.0,2.0,3.0,0.3333333333333333,1.1428571428571428,2.5
2026-05-21,Technology,-0.0186317465286216,0.1703853955375253,0.2,3.0,1.2,15.0,15.0,7.042857142857142,4.0,10.0,1.0,1.7,4.842857142857143,0.5
2026-05-21,Utilities,-0.0111126934029191,-0.0386934673366834,0.01875,0.3,-0.3666666666666667,25.0,25.0,17.476190476190474,3.0,10.0,3.0,1.8333333333333333,5.142857142857142,2.5
2026-05-22,Banking,-0.0147377590838944,0.3790575916230367,0.2444444444444444,4.4,6.033333333333334,18.0,18.0,15.916666666666666,10.0,4.0,4.0,10.0,4.0,1.9166666666666663
2026-05-22,ConsumerDiscretionary,-0.0029594329092563,0.8000000000000002,0.6666666666666666,6.0,5.333333333333334,16.0,16.0,13.166666666666666,7.0,1.0,1.0,5.5,1.0,0.1666666666666666
2026-05-22,ConsumerStaples,0.0025937421751223,0.0,0.0,0.0,0.0,3.0,3.0,3.0,1.0,0.0,1.0,1.0,0.0,1.0
2026-05-22,Energy,-0.029105185461503,0.2,0.3333333333333333,1.0,0.5,7.0,7.0,6.0,1.0,2.0,0.0,0.5,2.0,0.0
2026-05-22,Healthcare,-0.0152330332559659,0.0,0.0,0.0,0.0,1.0,1.0,1.0,0.0,1.0,0.0,0.0,1.0,0.0
2026-05-22,IndustrialLogistics,-0.0076794685987275,0.8434782608695652,0.7272727272727273,8.0,8.083333333333332,14.0,14.0,12.583333333333332,9.0,1.0,1.0,8.333333333333332,1.0,0.25
2026-05-22,RealEstate,-0.0114230351637213,0.5333333333333334,0.29,2.9,3.866666666666667,12.0,12.0,9.25,5.0,2.0,3.0,4.333333333333333,2.0,0.9166666666666666
2026-05-22,SteelMaterials,0.0133923918290771,-0.5384615384615384,-0.6666666666666666,-2.0,-1.1666666666666663,4.0,4.0,3.1666666666666665,0.0,1.0,2.0,0.0,1.0,1.1666666666666663
2026-05-22,Technology,-0.0093853653673836,0.2452830188679245,-0.1428571428571428,-1.0,1.0833333333333337,9.0,9.0,5.416666666666666,2.0,2.0,3.0,2.0,1.5,0.9166666666666666
2026-05-22,Utilities,-0.0055317886883811,0.196078431372549,0.1666666666666666,2.0,1.666666666666667,16.0,16.0,11.5,5.0,4.0,3.0,3.333333333333333,3.5,1.6666666666666663
2026-05-25,Banking,0.001058705203536,0.2422000878863336,0.0975,3.9,7.873809523809524,40.0,40.0,32.50952380952381,18.0,8.0,14.0,18.0,5.083333333333333,9.426190476190476
2026-05-25,ConsumerDiscretionary,-0.0110686248774229,0.5252918287937743,0.27,2.7,3.857142857142857,28.0,28.0,20.67619047619048,5.0,3.0,2.0,4.5,2.5,0.3428571428571428
2026-05-25,ConsumerStaples,0.0017311322047524,0.2173913043478261,0.0,0.0,0.3571428571428572,4.0,4.0,2.642857142857143,1.0,1.0,1.0,0.5,1.0,0.1428571428571428
2026-05-25,Energy,-0.0454783903413699,0.2583333333333333,0.1,0.8,1.55,16.0,16.0,12.833333333333332,2.0,4.0,2.0,2.0,2.75,1.25
2026-05-25,Healthcare,0.0068603797853614,0.125,0.125,1.0,1.0,8.0,8.0,8.0,2.0,5.0,1.0,2.0,5.0,1.0
2026-05-25,IndustrialLogistics,0.0016883459085223,0.6073619631901841,0.5,8.0,8.25,18.0,18.0,15.583333333333332,10.0,4.0,2.0,9.5,2.833333333333333,1.25
2026-05-25,RealEstate,0.0141646381494309,0.4201299980303328,0.2413793103448276,7.0,10.157142857142857,36.0,36.0,31.176190476190477,14.0,8.0,7.0,13.5,7.333333333333333,3.3428571428571425
2026-05-25,SteelMaterials,-0.0005536340513612,0.1982881597717546,-0.1818181818181818,-2.0,1.323809523809524,12.0,12.0,7.676190476190476,4.0,1.0,6.0,3.5,1.0,2.176190476190476
2026-05-25,Technology,-0.0117075972176276,0.8030776092774307,0.4375,7.0,8.573809523809523,21.0,21.0,15.176190476190476,11.0,1.0,4.0,9.5,0.25,0.926190476190476
2026-05-25,Utilities,0.0021558652709401,-0.2138024357239512,-0.1843749999999999,-5.9,-5.642857142857142,55.0,55.0,44.72619047619048,3.0,18.0,11.0,2.0,15.25,9.142857142857142
2026-05-26,Banking,0.0125809986314357,0.1858823529411765,0.1125,1.8000000000000005,2.6333333333333337,16.0,16.0,14.166666666666666,6.0,5.0,5.0,6.0,4.0,4.166666666666666
2026-05-26,ConsumerDiscretionary,0.0074639513916335,0.6763636363636363,0.6090909090909091,6.7,6.2,19.0,19.0,16.166666666666668,7.0,4.0,0.0,6.5,2.666666666666667,0.0
2026-05-26,ConsumerStaples,-0.0057720808391886,0.3846153846153846,0.0,0.0,0.8333333333333334,6.0,6.0,4.166666666666666,1.0,1.0,1.0,1.0,1.0,0.1666666666666666
2026-05-26,Energy,0.0061982591576621,0.1764705882352941,0.125,1.0,1.0,10.0,10.0,7.166666666666666,2.0,5.0,1.0,2.0,2.666666666666667,1.0
2026-05-26,Healthcare,0.002192021043402,,,,,,,,,,,,,
2026-05-26,IndustrialLogistics,0.0029327569984672,0.4547945205479452,0.3615384615384615,4.7,5.533333333333333,14.0,14.0,12.666666666666666,7.0,4.0,2.0,7.0,4.0,1.1666666666666663
2026-05-26,RealEstate,-0.018206770423872,0.591304347826087,0.4111111111111111,3.7,4.533333333333333,15.0,15.0,13.666666666666666,6.0,1.0,2.0,6.0,0.5,1.1666666666666663
2026-05-26,SteelMaterials,0.0134804820915971,0.6216216216216217,0.4285714285714285,3.0,3.8333333333333335,9.0,9.0,7.666666666666666,4.0,2.0,1.0,4.0,2.0,0.1666666666666666
2026-05-26,Technology,0.0051949261813613,-0.0526315789473684,-0.25,-1.0,-0.1666666666666666,4.0,4.0,3.1666666666666665,0.0,3.0,1.0,0.0,3.0,0.1666666666666666
2026-05-26,Utilities,0.0018167272242408,0.0428571428571428,0.0666666666666666,1.0,0.5,21.0,21.0,17.166666666666664,2.0,12.0,1.0,1.5,9.166666666666666,1.0
2026-05-27,Banking,-0.0023971159821861,0.1076233183856502,0.0666666666666666,1.2000000000000002,1.6000000000000003,18.0,18.0,14.866666666666667,6.0,7.0,5.0,6.0,4.533333333333333,4.333333333333333
2026-05-27,ConsumerDiscretionary,0.0089037630397389,0.7333333333333333,0.7777777777777778,7.0,5.5,19.0,19.0,15.5,7.0,2.0,0.0,5.5,2.0,0.0
2026-05-27,ConsumerStaples,-3.955286534518265e-06,0.7027027027027027,0.52,2.6,2.6,6.0,6.0,4.2,3.0,2.0,0.0,3.0,0.7,0.0
2026-05-27,Energy,-0.0086075827861133,0.4384615384615384,0.3090909090909091,3.4,3.8,14.0,14.0,10.166666666666666,5.0,4.0,2.0,5.0,2.333333333333333,1.3333333333333333
2026-05-27,Healthcare,-0.0037957975637198,0.0,0.0,0.0,0.0,1.0,1.0,1.0,0.0,1.0,0.0,0.0,1.0,0.0
2026-05-27,IndustrialLogistics,0.0010069487363443,0.1052631578947368,0.0,0.0,0.6666666666666667,10.0,10.0,8.833333333333332,2.0,3.0,2.0,2.0,3.0,1.3333333333333333
2026-05-27,RealEstate,-0.0203041581699722,0.3125,0.2,2.0,2.666666666666667,13.0,13.0,11.533333333333331,5.0,2.0,3.0,5.0,1.2,2.333333333333333
2026-05-27,SteelMaterials,-0.0037238265156469,0.1886792452830188,0.0,0.0,0.6666666666666667,5.0,5.0,3.533333333333333,1.0,3.0,1.0,1.0,2.2,0.3333333333333333
2026-05-27,Technology,0.0046141891053141,0.6867469879518072,0.425,3.4,3.8,8.0,8.0,5.533333333333333,5.0,1.0,2.0,4.5,0.2,0.8333333333333333
2026-05-27,Utilities,0.0297006512816141,0.5543478260869565,0.5263157894736842,10.0,8.5,28.0,28.0,22.83333333333333,11.0,7.0,1.0,9.0,5.833333333333334,0.5
2026-05-28,Banking,-0.0181266747060128,0.4105263157894737,0.3399999999999999,5.1,5.85,15.0,15.0,14.25,8.0,5.0,2.0,8.0,5.0,1.25
2026-05-28,ConsumerDiscretionary,-0.0073413800098062,0.8045977011494253,0.5307692307692308,6.9,7.0,22.0,22.0,14.533333333333331,9.0,1.0,3.0,7.5,0.25,0.95
2026-05-28,ConsumerStaples,-0.0070507026835709,0.3692307692307692,0.18,0.8999999999999999,1.2,5.0,5.0,3.25,2.0,1.0,2.0,1.5,1.0,0.75
2026-05-28,Energy,-0.0008184594515529,1.0,1.0,2.0,2.0,4.0,4.0,2.833333333333333,2.0,0.0,0.0,2.0,0.0,0.0
2026-05-28,Healthcare,-0.0032094205284468,1.0,1.0,1.0,1.0,1.0,1.0,1.0,1.0,0.0,0.0,1.0,0.0,0.0
2026-05-28,IndustrialLogistics,-0.0149316374800118,0.2874251497005988,0.0,0.0,0.8,8.0,8.0,5.283333333333333,1.0,3.0,1.0,1.0,1.5833333333333333,0.2
2026-05-28,RealEstate,0.0156200246850189,0.5841584158415842,0.5238095238095238,11.0,11.8,24.0,24.0,23.2,14.0,4.0,3.0,14.0,4.0,2.2
2026-05-28,SteelMaterials,-0.0146270771286843,-0.1666666666666666,-0.5,-1.0,-0.2,3.0,3.0,1.7,0.0,1.0,1.0,0.0,1.0,0.2
2026-05-28,Technology,-0.0198823790397432,0.3903061224489795,0.1,1.0,2.55,10.0,10.0,6.533333333333333,3.0,5.0,2.0,3.0,3.083333333333333,0.45
2026-05-28,Utilities,-0.020510019978382,0.3641379310344828,0.36,5.4,4.4,24.0,24.0,18.416666666666668,6.0,8.0,1.0,5.0,6.083333333333333,1.0
2026-05-29,Banking,-0.0086134691337885,0.5055970149253731,0.3409090909090909,7.5,9.033333333333331,23.0,23.0,18.866666666666667,15.0,2.0,5.0,14.0,1.25,2.6166666666666667
2026-05-29,ConsumerDiscretionary,-0.0125277182545891,-0.1063829787234042,-0.3333333333333333,-2.0,-0.4166666666666666,12.0,12.0,7.916666666666666,0.0,4.0,2.0,0.0,3.5,0.4166666666666666
2026-05-29,ConsumerStaples,-0.0041595371766778,0.1791590493601462,0.0,0.0,1.6333333333333333,14.0,14.0,10.616666666666667,4.0,4.0,4.0,4.0,2.75,2.3666666666666667
2026-05-29,Energy,0.0418587947468791,0.3333333333333333,0.25,1.0,1.0,6.0,6.0,4.5,1.0,3.0,0.0,1.0,2.0,0.0
2026-05-29,Healthcare,0.0032979921478484,1.0,1.0,1.0,1.0,1.0,1.0,1.0,1.0,0.0,0.0,1.0,0.0,0.0
2026-05-29,IndustrialLogistics,0.0015867254342753,0.6289592760180995,0.3333333333333333,3.0,4.633333333333333,9.0,9.0,7.366666666666666,5.0,2.0,2.0,5.0,2.0,0.3666666666666666
2026-05-29,RealEstate,-0.0016186918129771,0.0459641255605381,-0.0894736842105263,-1.7000000000000002,0.6833333333333336,24.0,24.0,19.366666666666667,6.0,5.0,8.0,5.5,4.25,5.116666666666667
2026-05-29,SteelMaterials,-0.0037269929652207,0.3265306122448979,0.0,0.0,0.8,5.0,5.0,3.45,1.0,2.0,1.0,1.0,1.25,0.2
2026-05-29,Technology,-0.0068021224578735,0.4025974025974027,0.0222222222222222,0.1999999999999999,2.583333333333333,9.0,9.0,6.416666666666666,4.0,1.0,4.0,4.0,1.0,1.4166666666666663
2026-05-29,Utilities,-0.0054969007560793,0.0812499999999999,-0.0272727272727272,-0.3000000000000002,0.6499999999999999,18.0,18.0,13.5,3.0,4.0,4.0,2.5,3.0,2.5
2026-06-01,Banking,-0.002173694355513,0.2180947663859997,0.1128205128205128,4.4,6.290476190476191,40.0,40.0,29.84285714285714,15.0,17.0,7.0,13.533333333333331,11.333333333333332,3.976190476190476
2026-06-01,ConsumerDiscretionary,0.0053094967227484,0.3775775775775776,0.2375,3.8,4.490476190476191,38.0,38.0,31.142857142857142,6.0,8.0,2.0,5.0,6.583333333333333,0.3095238095238094
2026-06-01,ConsumerStaples,0.0012218231684221,0.7523791027383959,0.5,9.0,9.223809523809525,21.0,21.0,14.00952380952381,11.0,5.0,2.0,9.533333333333331,2.4166666666666665,0.3095238095238094
2026-06-01,Energy,-0.0278654848451594,0.0494968165947833,-0.0263157894736842,-0.5,0.573809523809524,25.0,25.0,15.342857142857142,3.0,13.0,3.0,1.7,9.083333333333332,0.8095238095238094
2026-06-01,Healthcare,0.0025781777381209,-0.1615384615384615,-0.0333333333333333,-0.1999999999999999,-0.7,6.0,6.0,4.333333333333333,2.0,2.0,2.0,1.5,0.8333333333333333,2.0
2026-06-01,IndustrialLogistics,3.0201660919937368e-05,0.4805111821086262,0.4517241379310345,13.1,12.533333333333331,33.0,33.0,29.58333333333333,15.0,13.0,1.0,13.833333333333332,11.25,1.0
2026-06-01,RealEstate,-0.0152955948591391,0.3683968058968059,0.2789473684210526,10.6,11.423809523809524,51.0,51.0,42.50952380952381,18.0,14.0,6.0,15.866666666666667,11.5,3.642857142857143
2026-06-01,SteelMaterials,0.0006944444444444,0.4609609609609609,0.3099999999999999,3.1,2.923809523809524,10.0,10.0,6.342857142857143,6.0,2.0,2.0,4.033333333333333,2.0,0.3095238095238094
2026-06-01,Technology,0.0067876844433044,0.6435921421889618,0.4210526315789473,8.0,8.190476190476192,21.0,21.0,13.726190476190476,10.0,7.0,2.0,8.5,3.916666666666667,0.3095238095238094
2026-06-01,Utilities,-0.007779213690984,0.1559471365638766,0.140625,4.5,2.95,46.0,46.0,29.166666666666664,8.0,20.0,4.0,5.5,10.083333333333334,3.333333333333333
2026-06-02,Banking,-0.0114848126589032,0.2754219843557019,0.124,3.1,5.574999999999999,25.0,25.0,20.241666666666667,10.0,11.0,4.0,10.0,9.166666666666666,1.075
2026-06-02,ConsumerDiscretionary,-0.0141025415391747,0.2015209125475285,-0.11,-1.1,1.325,17.0,17.0,11.575,3.0,3.0,4.0,3.0,2.0,1.575
2026-06-02,ConsumerStaples,-0.010981600184631,0.391304347826087,0.1428571428571428,1.0,1.875,8.0,8.0,5.291666666666666,3.0,2.0,2.0,3.0,0.6666666666666666,1.125
2026-06-02,Energy,-0.0237570145574612,0.348914858096828,0.175,1.4,1.7416666666666667,13.0,13.0,9.991666666666667,4.0,1.0,3.0,2.666666666666667,1.0,1.325
2026-06-02,Healthcare,-0.000754887837452,1.0,1.0,3.0,2.5,3.0,3.0,2.5,3.0,0.0,0.0,2.5,0.0,0.0
2026-06-02,IndustrialLogistics,-0.0053783256569556,0.3445378151260503,0.3076923076923077,4.0,3.416666666666666,13.0,13.0,9.916666666666668,7.0,3.0,3.0,5.666666666666666,2.0,2.25
2026-06-02,RealEstate,-0.0256624333620491,-0.0226876090750436,-0.125,-2.0,-0.3249999999999999,23.0,23.0,21.325,4.0,6.0,6.0,4.0,6.0,4.325
2026-06-02,SteelMaterials,-0.0155648244053436,0.6,0.25,1.0,1.875,6.0,6.0,5.125,2.0,1.0,1.0,2.0,1.0,0.125
2026-06-02,Technology,0.024021820845762,0.2293144208037825,0.0,0.0,2.425,14.0,14.0,10.575,5.0,4.0,5.0,5.0,3.0,2.575
2026-06-02,Utilities,-0.0171318867220801,0.4555133079847909,0.3470588235294118,5.9,4.991666666666667,25.0,25.0,16.458333333333336,7.0,8.0,2.0,5.166666666666666,5.166666666666666,0.625
2026-06-03,Banking,0.0041783596632691,0.4181494661921708,0.2357142857142857,3.3,3.916666666666667,14.0,14.0,9.366666666666667,7.0,4.0,3.0,5.833333333333334,2.1666666666666665,1.3666666666666665
2026-06-03,ConsumerDiscretionary,0.0134982990871177,0.2052173913043477,0.2866666666666667,4.3,1.9666666666666663,23.0,23.0,16.583333333333332,7.0,6.0,2.0,3.8333333333333335,4.583333333333334,1.1666666666666663
2026-06-03,ConsumerStaples,0.0105114525268924,0.5964912280701754,0.5,4.0,2.833333333333333,9.0,9.0,5.749999999999999,4.0,4.0,0.0,2.833333333333333,1.9166666666666663,0.0
2026-06-03,Energy,0.0204812047587846,0.3859223300970874,0.1636363636363636,1.7999999999999998,2.65,13.0,13.0,8.866666666666667,3.0,5.0,3.0,3.0,2.1666666666666665,1.7
2026-06-03,Healthcare,-0.0046849602524287,1.0,1.0,4.0,3.333333333333333,4.0,4.0,3.333333333333333,4.0,0.0,0.0,3.333333333333333,0.0,0.0
2026-06-03,IndustrialLogistics,0.000419806984606,0.3838383838383838,0.2727272727272727,3.0,3.166666666666667,11.0,11.0,8.25,5.0,4.0,2.0,4.333333333333334,2.75,1.1666666666666663
2026-06-03,RealEstate,-0.0313316744262508,0.5693950177935944,0.3363636363636363,3.7,5.333333333333334,15.0,15.0,13.366666666666667,6.0,3.0,2.0,6.0,3.0,0.3666666666666666
2026-06-03,SteelMaterials,0.0118097811434645,-0.3442622950819672,-0.2,-1.0,-0.7,6.0,6.0,3.033333333333333,2.0,0.0,3.0,0.6666666666666666,0.0,1.3666666666666667
2026-06-03,Technology,0.0167514291144465,0.3901437371663245,0.1214285714285714,1.7,3.1666666666666665,14.0,14.0,8.116666666666665,5.0,6.0,3.0,4.333333333333333,2.916666666666667,0.8666666666666667
2026-06-03,Utilities,0.0053612027869454,0.1243243243243243,0.1052631578947368,2.0,1.5333333333333334,22.0,22.0,14.333333333333334,4.0,12.0,3.0,2.833333333333333,7.499999999999999,2.0
2026-06-04,Banking,0.0090027166876317,0.2894736842105263,0.1,1.0,1.8333333333333333,10.0,10.0,6.333333333333333,3.0,6.0,1.0,3.0,3.1666666666666665,0.1666666666666666
2026-06-04,ConsumerDiscretionary,-0.00535417553795,0.71875,0.7142857142857143,5.0,3.833333333333333,13.0,13.0,10.333333333333332,5.0,2.0,0.0,3.833333333333333,1.5,0.0
2026-06-04,ConsumerStaples,-0.0010697391502042,0.6689655172413793,0.4666666666666667,7.0,8.083333333333332,16.0,16.0,12.583333333333332,10.0,2.0,3.0,9.5,1.1666666666666663,1.4166666666666663
2026-06-04,Energy,0.0340304808287218,0.1967213114754098,0.1666666666666666,2.0,2.0,14.0,14.0,12.166666666666666,4.0,6.0,2.0,4.0,4.166666666666666,2.0
2026-06-04,Healthcare,0.0019680935911657,1.0,1.0,1.0,0.3333333333333333,1.0,1.0,0.3333333333333333,1.0,0.0,0.0,0.3333333333333333,0.0,0.0
2026-06-04,IndustrialLogistics,0.0276772593655812,-0.1111111111111111,-0.3333333333333333,-2.0,-0.5,7.0,7.0,5.5,1.0,2.0,3.0,1.0,2.0,1.5
2026-06-04,RealEstate,0.0140388266295231,0.4429906542056075,0.1416666666666666,1.7,3.95,17.0,17.0,13.916666666666666,5.0,4.0,3.0,5.0,3.1666666666666665,0.7499999999999999
2026-06-04,SteelMaterials,-0.0092595624710078,0.5200000000000001,0.0,0.0,1.0833333333333337,9.0,9.0,6.083333333333333,2.0,1.0,2.0,1.5,0.1666666666666666,0.4166666666666666
2026-06-04,Technology,-0.0012012137724341,0.3658536585365853,0.1538461538461538,2.0,3.75,13.0,13.0,10.25,6.0,3.0,4.0,5.5,3.0,1.75
2026-06-04,Utilities,0.0059073318005906,0.0476190476190476,0.1818181818181818,2.0,0.3333333333333332,12.0,12.0,7.5,4.0,5.0,2.0,2.333333333333333,2.6666666666666665,2.0
2026-06-05,Banking,-0.0097018085273841,0.2453097345132743,0.2666666666666666,2.4,1.65,9.0,9.0,6.726190476190476,3.0,5.0,1.0,2.25,3.476190476190476,1.0
2026-06-05,ConsumerDiscretionary,0.0002432953752194,0.4684014869888476,0.1666666666666666,1.0,1.8,16.0,16.0,10.676190476190476,2.0,3.0,1.0,2.0,1.6428571428571428,0.2
2026-06-05,ConsumerStaples,-0.0051702566154452,0.2903225806451613,0.2857142857142857,2.0,1.5,7.0,7.0,5.166666666666666,3.0,3.0,1.0,2.5,1.6666666666666663,1.0
2026-06-05,Energy,-0.0001101228140854,0.6347381864623243,0.4444444444444444,4.0,3.55,13.0,13.0,9.092857142857143,5.0,3.0,1.0,3.75,1.6428571428571428,0.2
2026-06-05,Healthcare,-3.342567614417202e-05,1.0,1.0,2.0,2.0,3.0,3.0,2.5,2.0,0.0,0.0,2.0,0.0,0.0
2026-06-05,IndustrialLogistics,-0.0057440476052995,0.5175097276264591,0.3333333333333333,3.0,3.8,9.0,9.0,7.342857142857143,4.0,4.0,1.0,4.0,3.142857142857143,0.2
2026-06-05,RealEstate,0.008552695343058,0.5312916111850866,0.4736842105263157,9.0,8.55,23.0,23.0,19.09285714285714,10.0,8.0,1.0,8.75,7.142857142857142,0.2
2026-06-05,SteelMaterials,-0.0044561467506997,0.0,0.0,0.0,0.0,2.0,2.0,2.0,0.0,2.0,0.0,0.0,2.0,0.0
2026-06-05,Technology,-0.0167749857260826,0.5399830460582086,0.3846153846153846,5.0,4.55,15.0,15.0,9.75952380952381,6.0,6.0,1.0,4.75,3.476190476190476,0.2
2026-06-05,Utilities,-0.0102384932326334,0.5163934426229508,0.3333333333333333,3.0,3.0,18.0,18.0,11.642857142857142,3.0,6.0,0.0,3.0,2.8095238095238093,0.0
2026-06-08,Banking,-0.0165474124168297,0.071078431372549,6.728624391667616e-18,2.220446049250313e-16,1.9333333333333336,34.0,34.0,28.2,11.0,12.0,10.0,10.5,9.7,7.0
2026-06-08,ConsumerDiscretionary,-0.0132425736660645,0.1395348837209302,0.1555555555555555,1.4,0.8999999999999999,29.0,29.0,23.28333333333333,3.0,5.0,1.0,2.5,2.95,1.0
2026-06-08,ConsumerStaples,-0.0183771065640493,0.8305084745762712,0.6799999999999999,3.4,2.45,6.0,6.0,3.45,4.0,1.0,0.0,2.75,0.2,0.0
2026-06-08,Energy,-0.0099627561548758,-0.15,-0.0764705882352941,-1.2999999999999998,-1.55,20.0,20.0,12.833333333333332,4.0,7.0,6.0,2.5,3.5,4.333333333333334
2026-06-08,Healthcare,0.0008528071742061,0.9130434782608696,0.8,4.0,3.5,5.0,5.0,3.833333333333333,4.0,1.0,0.0,3.5,0.3333333333333333,0.0
2026-06-08,IndustrialLogistics,-0.0043662696976843,0.4571428571428571,0.4736842105263157,9.0,8.0,22.0,22.0,20.5,11.0,6.0,2.0,10.0,5.5,2.0
2026-06-08,RealEstate,-0.0235298725066274,0.3969648562300319,0.308,7.7,8.283333333333333,35.0,35.0,30.366666666666667,14.0,6.0,5.0,13.25,3.95,3.6666666666666665
2026-06-08,SteelMaterials,-0.0243983137455288,0.6491712707182321,0.4444444444444444,4.0,3.916666666666667,10.0,10.0,7.033333333333333,5.0,3.0,1.0,4.25,1.45,0.3333333333333333
2026-06-08,Technology,-0.0280023693491997,0.6756756756756758,0.5714285714285714,12.0,10.416666666666668,22.0,22.0,15.75,13.0,7.0,1.0,10.75,4.333333333333333,0.3333333333333333
2026-06-08,Utilities,-0.0082796434322621,0.5124620060790275,0.4606060606060606,15.2,14.05,43.0,43.0,33.75,18.0,11.0,4.0,16.0,8.083333333333332,3.333333333333333
2026-06-09,Banking,0.0038541920595643,0.0631067961165048,-0.2666666666666666,-3.2,0.4333333333333334,12.0,12.0,6.866666666666666,3.0,4.0,5.0,3.0,2.5,1.3666666666666665
2026-06-09,ConsumerDiscretionary,-0.0017909006015494,-0.0916334661354581,-0.24,-2.4,-0.7666666666666665,12.0,12.0,10.366666666666667,3.0,1.0,6.0,3.0,1.0,4.366666666666667
2026-06-09,ConsumerStaples,0.0103155589345936,0.0476190476190476,-0.2,-2.0,0.3333333333333333,11.0,11.0,7.999999999999999,1.0,6.0,3.0,1.0,5.333333333333333,0.6666666666666666
2026-06-09,Energy,-0.016081374688542,0.0,0.0,0.0,0.0,10.0,10.0,8.333333333333332,1.0,5.0,1.0,1.0,3.333333333333333,1.0
2026-06-09,Healthcare,0.0029144846730334,0.5,0.5,1.0,1.0,2.0,2.0,2.0,1.0,1.0,0.0,1.0,1.0,0.0
2026-06-09,IndustrialLogistics,-0.0028130514035942,0.56,0.5384615384615384,7.0,7.0,13.0,13.0,12.5,8.0,4.0,1.0,8.0,3.5,1.0
2026-06-09,RealEstate,-0.0189152565392164,0.1608961303462321,-0.05,-1.0,2.6333333333333333,24.0,24.0,20.366666666666667,7.0,5.0,8.0,7.0,5.0,4.366666666666667
2026-06-09,SteelMaterials,0.0064377682403433,0.6901408450704226,0.0,0.0,1.6333333333333333,4.0,4.0,2.3666666666666663,2.0,0.0,2.0,2.0,0.0,0.3666666666666666
2026-06-09,Technology,0.0102857210873696,0.3432835820895522,0.0,0.0,2.3,10.0,10.0,6.7,3.0,4.0,3.0,3.0,3.0,0.7
2026-06-09,Utilities,0.0042092453364895,-0.1873015873015873,-0.2153846153846153,-2.8,-1.9666666666666668,16.0,16.0,13.5,1.0,8.0,4.0,1.0,6.333333333333333,3.1666666666666665
2026-06-10,Banking,0.006221780979344,0.5704918032786885,0.525,6.3,5.8,12.0,12.0,10.166666666666666,8.0,4.0,0.0,7.5,2.6666666666666665,0.0
2026-06-10,ConsumerDiscretionary,0.0027191439576692,0.15,0.0666666666666666,0.4,0.7,15.0,15.0,10.916666666666666,1.0,4.0,1.0,1.0,3.1666666666666665,0.5
2026-06-10,ConsumerStaples,0.0039944428318553,0.8275862068965518,0.5,2.0,2.0,5.0,5.0,2.9166666666666665,2.0,2.0,0.0,2.0,0.4166666666666666,0.0
2026-06-10,Energy,-0.0061252033256479,-0.125,-0.1666666666666666,-1.0,-0.5,10.0,10.0,6.75,1.0,3.0,2.0,1.0,1.5,1.5
2026-06-10,Healthcare,0.0007264170010439,,,,,,,,,,,,,
2026-06-10,IndustrialLogistics,-0.0026775511110454,0.5957446808510638,0.5384615384615384,7.0,7.0,14.0,14.0,12.75,7.0,6.0,0.0,7.0,4.75,0.0
2026-06-10,RealEstate,0.0301525899113967,0.336,0.3076923076923077,4.0,3.5,19.0,19.0,16.416666666666664,5.0,7.0,1.0,4.5,4.916666666666666,1.0
2026-06-10,SteelMaterials,0.0060342200721509,0.5294117647058824,0.4285714285714285,3.0,3.0,7.0,7.0,5.666666666666666,3.0,4.0,0.0,3.0,2.6666666666666665,0.0
2026-06-10,Technology,-0.0019502635466296,-0.1276595744680851,-0.1428571428571428,-1.0,-0.5,8.0,8.0,4.166666666666666,0.0,6.0,1.0,0.0,3.4166666666666665,0.5
2026-06-10,Utilities,0.0014130742945819,0.0428571428571428,-0.0411764705882353,-0.7000000000000002,0.5999999999999999,24.0,24.0,18.25,4.0,7.0,6.0,4.0,5.5,4.5
2026-06-11,Banking,-0.0041361275506761,0.3925619834710743,0.39,3.9,3.3928571428571423,10.0,10.0,8.642857142857142,6.0,3.0,1.0,5.142857142857142,3.0,0.5
2026-06-11,ConsumerDiscretionary,-0.0176519895817863,0.2373401534526854,0.2428571428571428,3.4,2.2095238095238097,18.0,18.0,12.30952380952381,6.0,5.0,3.0,4.142857142857142,2.833333333333333,2.333333333333333
2026-06-11,ConsumerStaples,0.0048650265317012,0.6956521739130435,0.6666666666666666,2.0,1.1428571428571428,3.0,3.0,1.6428571428571428,2.0,1.0,0.0,1.1428571428571428,0.5,0.0
2026-06-11,Energy,-0.0010838897600281,0.7000000000000001,0.6,3.0,2.333333333333333,7.0,7.0,4.333333333333333,3.0,2.0,0.0,2.333333333333333,1.0,0.0
2026-06-11,Healthcare,-0.000339328130302,1.0,1.0,1.0,0.5,1.0,1.0,0.5,1.0,0.0,0.0,0.5,0.0,0.0
2026-06-11,IndustrialLogistics,0.0001856288138824,0.4843511450381679,0.4933333333333333,7.4,6.042857142857143,19.0,19.0,16.476190476190474,8.0,6.0,1.0,6.642857142857142,4.833333333333334,1.0
2026-06-11,RealEstate,-0.0102382054843854,0.5483870967741936,0.625,5.0,3.642857142857143,11.0,11.0,9.142857142857142,5.0,3.0,0.0,3.642857142857143,3.0,0.0
2026-06-11,SteelMaterials,-0.0070166299448184,0.3636363636363636,0.5,2.0,1.1428571428571428,4.0,4.0,3.142857142857143,2.0,2.0,0.0,1.1428571428571428,2.0,0.0
2026-06-11,Technology,-0.0125307008854717,-0.0290135396518375,0.0,0.0,-0.357142857142857,17.0,17.0,14.30952380952381,6.0,3.0,6.0,4.476190476190476,3.0,4.833333333333334
2026-06-11,Utilities,0.0015144545050312,0.2961538461538461,0.25,4.5,3.85,25.0,25.0,18.5,9.0,4.0,5.0,6.833333333333333,2.833333333333333,3.333333333333333
2026-06-12,Banking,-0.002277519296025,0.5652173913043478,0.35,3.5,4.333333333333333,10.0,10.0,7.666666666666667,5.0,4.0,1.0,5.0,2.5,0.1666666666666666
2026-06-12,ConsumerDiscretionary,-0.0042856352536298,0.02,0.0,0.0,0.0833333333333334,9.0,9.0,6.166666666666666,2.0,3.0,2.0,1.25,1.75,1.1666666666666663
2026-06-12,ConsumerStaples,-0.0006354245500918,-0.1538461538461538,-0.3333333333333333,-2.0,-0.5,7.0,7.0,4.25,1.0,2.0,3.0,1.0,0.75,1.5
2026-06-12,Energy,0.0105054073126507,0.2777777777777778,0.2857142857142857,2.0,1.25,11.0,11.0,8.5,2.0,5.0,0.0,1.25,3.25,0.0
2026-06-12,Healthcare,-0.0066887686849299,-0.3333333333333333,-0.3333333333333333,-1.0,-1.0,3.0,3.0,3.0,0.0,2.0,1.0,0.0,2.0,1.0
2026-06-12,IndustrialLogistics,0.0016120836998313,0.1111111111111111,-0.1666666666666666,-1.0,0.5000000000000001,8.0,8.0,6.5,1.0,3.0,2.0,1.0,3.0,0.4999999999999999
2026-06-12,RealEstate,-0.014264156366772,0.1284403669724771,0.0909090909090909,1.0,1.166666666666667,13.0,13.0,11.083333333333332,4.0,4.0,3.0,3.5,3.25,2.333333333333333
2026-06-12,SteelMaterials,-0.0042554739215829,-0.3999999999999998,-0.5,-1.0,-0.1666666666666666,3.0,3.0,1.4166666666666663,0.0,1.0,1.0,0.0,0.25,0.1666666666666666
2026-06-12,Technology,0.0014564353406173,0.6595744680851064,0.4285714285714285,3.0,2.583333333333333,8.0,8.0,4.916666666666666,4.0,2.0,1.0,2.75,1.0,0.1666666666666666
2026-06-12,Utilities,-0.0030227912937023,0.4090909090909091,0.375,3.0,2.25,9.0,9.0,6.5,3.0,5.0,0.0,2.25,3.25,0.0
2026-06-15,Banking,0.0075164778441102,0.2696629213483146,0.2285714285714286,6.4,6.4,29.0,29.0,24.73333333333333,13.0,10.0,5.0,12.2,7.333333333333333,4.2
2026-06-15,ConsumerDiscretionary,0.0403840418311065,0.0919765166340508,0.117391304347826,2.7,1.5666666666666669,30.0,30.0,23.03333333333333,9.0,8.0,6.0,5.783333333333333,7.333333333333333,3.9166666666666665
2026-06-15,ConsumerStaples,0.0084648394812215,0.4064272211720227,0.1333333333333333,2.0,3.583333333333333,17.0,17.0,10.816666666666666,5.0,7.0,3.0,4.2,4.0,0.6166666666666667
2026-06-15,Energy,-0.030984083212376,-0.104225352112676,0.0333333333333333,0.3,-0.6166666666666667,15.0,15.0,11.416666666666666,2.0,5.0,2.0,0.5833333333333333,3.8333333333333335,1.5
2026-06-15,Healthcare,0.0028306159420289,0.0,0.0,0.0,0.0,3.0,3.0,2.5,1.0,1.0,1.0,1.0,0.5,1.0
2026-06-15,IndustrialLogistics,0.0362436534610983,0.4307692307692308,0.391304347826087,9.0,9.333333333333334,25.0,25.0,23.166666666666664,11.0,10.0,2.0,10.5,10.0,1.1666666666666663
2026-06-15,RealEstate,-0.0047737231518537,0.3797600417318726,0.275,11.0,12.133333333333333,48.0,48.0,39.95,16.0,19.0,5.0,14.25,15.583333333333332,2.1166666666666667
2026-06-15,SteelMaterials,0.0364200567899123,0.0527704485488126,0.0,0.0,0.3333333333333332,14.0,14.0,9.316666666666666,3.0,5.0,3.0,1.7,3.25,1.3666666666666667
2026-06-15,Technology,0.0071158453577346,0.2062374245472837,0.1481481481481481,4.0,3.416666666666667,28.0,28.0,17.566666666666666,9.0,13.0,5.0,6.033333333333333,7.916666666666666,2.6166666666666667
2026-06-15,Utilities,0.0190531305114638,-0.002127659574468,0.0548387096774193,1.7000000000000002,-0.05,36.0,36.0,27.5,7.0,19.0,5.0,4.75,14.25,4.5
2026-06-16,Banking,0.0035161583418394,0.3586309523809523,0.4285714285714286,6.000000000000001,4.016666666666667,14.0,14.0,11.2,8.0,3.0,3.0,5.866666666666667,2.333333333333333,3.0
2026-06-16,ConsumerDiscretionary,0.0255313177701236,0.4661921708185053,0.5384615384615384,7.0,4.366666666666666,15.0,15.0,10.366666666666667,7.0,6.0,0.0,4.366666666666666,5.0,0.0
2026-06-16,ConsumerStaples,0.0044625680380554,0.4666666666666666,0.5,2.0,1.1666666666666663,5.0,5.0,3.5,2.0,2.0,0.0,1.1666666666666663,1.3333333333333333,0.0
2026-06-16,Energy,0.0078361461653356,0.1403508771929824,0.0769230769230769,1.0,1.3333333333333333,15.0,15.0,11.5,3.0,8.0,2.0,2.333333333333333,6.166666666666666,1.0
2026-06-16,Healthcare,-0.0053534159131487,,,,,,,,,,,,,
2026-06-16,IndustrialLogistics,-0.0009928373774731,0.7588424437299035,0.6923076923076923,9.0,7.866666666666666,15.0,15.0,12.366666666666667,10.0,2.0,1.0,8.366666666666667,1.5,0.5
2026-06-16,RealEstate,0.0096787703651994,0.6180555555555557,0.71,7.1,4.45,17.0,17.0,14.2,8.0,1.0,1.0,5.199999999999999,1.0,1.0
2026-06-16,SteelMaterials,0.0034346775886879,0.926470588235294,0.875,7.0,4.199999999999999,10.0,10.0,6.533333333333333,7.0,1.0,0.0,4.199999999999999,0.3333333333333333,0.0
2026-06-16,Technology,0.0022187233059546,0.8,0.8181818181818182,9.0,8.0,12.0,12.0,11.0,9.0,2.0,0.0,8.0,2.0,0.0
2026-06-16,Utilities,0.0068068105308901,0.6000000000000001,0.5,5.0,5.0,14.0,14.0,11.333333333333332,6.0,3.0,1.0,5.5,2.333333333333333,0.5
2026-06-17,Banking,0.0163863249752793,0.2475754310344827,0.3333333333333333,7.000000000000001,4.376190476190477,21.0,21.0,17.676190476190477,13.0,4.0,4.0,10.176190476190476,3.5,4.0
2026-06-17,ConsumerDiscretionary,0.0033932644822648,0.4131374243733794,0.4599999999999999,4.6,2.276190476190476,15.0,15.0,9.50952380952381,5.0,4.0,1.0,2.676190476190476,1.8333333333333333,1.0
2026-06-17,ConsumerStaples,-0.0048971855939304,0.6164383561643836,0.6,3.0,2.142857142857143,6.0,6.0,4.476190476190476,3.0,2.0,0.0,2.142857142857143,1.3333333333333333,0.0
2026-06-17,Energy,-0.0020941435696759,0.1182170542635658,0.2181818181818181,2.4,0.726190476190476,15.0,15.0,9.642857142857142,3.0,8.0,0.0,0.976190476190476,5.166666666666666,0.0
2026-06-17,Healthcare,-0.0014674590945777,-1.0,-1.0,-1.0,-1.0,1.0,1.0,1.0,0.0,0.0,1.0,0.0,0.0,1.0
2026-06-17,IndustrialLogistics,-0.0021604083954654,0.6526217228464419,0.65,15.6,13.276190476190475,28.0,28.0,23.84285714285714,16.0,8.0,0.0,13.676190476190476,6.666666666666666,0.0
2026-06-17,RealEstate,-0.0107919861808586,0.5045939905636951,0.5590909090909091,12.3,9.676190476190476,25.0,25.0,21.67619047619048,16.0,5.0,1.0,13.176190476190476,5.0,1.0
2026-06-17,SteelMaterials,-0.0055198482590434,0.0932642487046631,0.3333333333333333,2.0,0.3428571428571427,6.0,6.0,3.676190476190476,3.0,2.0,1.0,1.3428571428571427,1.3333333333333333,1.0
2026-06-17,Technology,0.0036866081288647,0.6666666666666666,0.6666666666666666,2.0,2.0,3.0,3.0,3.0,2.0,1.0,0.0,2.0,1.0,0.0
2026-06-17,Utilities,0.0014587892049598,0.2981481481481481,0.3083333333333333,3.7,2.683333333333333,14.0,14.0,10.5,5.0,6.0,1.0,3.833333333333333,4.166666666666666,1.0
2026-06-18,Banking,-0.0082359122673217,0.3902912621359224,0.265,5.3,6.7,20.0,20.0,17.166666666666664,12.0,5.0,3.0,11.333333333333332,4.5,1.3333333333333333
2026-06-18,ConsumerDiscretionary,-0.0096055283499114,0.0846153846153846,0.0399999999999999,0.3999999999999999,0.7333333333333334,18.0,18.0,15.166666666666666,3.0,4.0,3.0,2.5,4.0,2.1666666666666665
2026-06-18,ConsumerStaples,-0.0048186857519653,0.5619047619047619,0.2799999999999999,1.4,1.9666666666666668,5.0,5.0,3.5,3.0,1.0,1.0,2.333333333333333,1.0,0.1666666666666666
2026-06-18,Energy,0.0155513933236262,0.4596153846153846,0.35,3.5,3.983333333333333,15.0,15.0,13.166666666666666,6.0,3.0,1.0,5.5,3.0,0.1666666666666666
2026-06-18,Healthcare,-0.0043021909065798,0.5,0.5,1.0,1.0,2.0,2.0,2.0,1.0,1.0,0.0,1.0,1.0,0.0
2026-06-18,IndustrialLogistics,-0.0130141721950202,0.4273291925465838,0.3375,5.4,5.733333333333333,16.0,16.0,13.416666666666666,8.0,5.0,3.0,7.5,3.75,2.1666666666666665
2026-06-18,RealEstate,0.0452462186689715,0.3773584905660379,0.3142857142857143,11.000000000000002,11.66666666666667,35.0,35.0,30.916666666666664,19.0,11.0,5.0,18.0,9.583333333333332,3.333333333333333
2026-06-18,SteelMaterials,-0.0089002794722448,-0.3636363636363635,-0.5,-2.0,-0.3333333333333332,5.0,5.0,1.9166666666666663,0.0,2.0,2.0,0.0,0.5833333333333333,0.3333333333333332
2026-06-18,Technology,-0.0094745606037746,0.4943820224719102,0.1818181818181818,2.0,3.666666666666667,11.0,11.0,7.416666666666666,4.0,5.0,2.0,4.0,3.083333333333333,0.3333333333333332
2026-06-18,Utilities,-0.0014416590881216,0.1932432432432432,0.2499999999999999,4.0,2.3833333333333333,21.0,21.0,16.333333333333332,7.0,8.0,1.0,4.833333333333333,6.5,1.0
2026-06-19,Banking,-0.0087656349110137,0.7950310559006212,0.8428571428571429,5.9,4.266666666666668,7.0,7.0,5.366666666666667,7.0,0.0,0.0,5.366666666666667,0.0,0.0
2026-06-19,ConsumerDiscretionary,-0.0134770676169759,0.1379310344827586,0.1428571428571428,1.0,0.6666666666666665,8.0,8.0,5.833333333333333,3.0,2.0,2.0,2.1666666666666665,1.1666666666666663,1.5
2026-06-19,ConsumerStaples,-0.0019367781188743,0.4411764705882353,0.5,4.0,2.5,8.0,8.0,5.666666666666666,5.0,2.0,1.0,3.5,1.1666666666666663,1.0
2026-06-19,Energy,-0.0054423532578844,0.5689655172413793,0.5,3.0,2.2,7.0,7.0,4.866666666666667,3.0,3.0,0.0,2.2,1.6666666666666663,0.0
2026-06-19,Healthcare,-0.0013817226061199,0.5,0.5,1.0,1.0,2.0,2.0,2.0,1.0,1.0,0.0,1.0,1.0,0.0
2026-06-19,IndustrialLogistics,-0.0066777825825048,0.3005780346820809,0.3733333333333333,5.6,3.466666666666667,15.0,15.0,11.533333333333331,7.0,7.0,1.0,4.866666666666667,5.666666666666667,1.0
2026-06-19,RealEstate,-0.0078013174032962,0.4382022471910113,0.4,6.0,5.2,15.0,15.0,11.866666666666664,9.0,4.0,2.0,7.7,2.6666666666666665,1.5
2026-06-19,SteelMaterials,-0.0087870509522232,0.9285714285714286,0.75,3.0,2.1666666666666665,4.0,4.0,2.333333333333333,3.0,1.0,0.0,2.1666666666666665,0.1666666666666666,0.0
2026-06-19,Technology,-0.0019645966464363,0.5754716981132074,0.6666666666666666,4.0,2.033333333333333,7.0,7.0,4.533333333333333,4.0,2.0,0.0,2.033333333333333,1.5,0.0
2026-06-19,Utilities,-0.0069761031152364,0.4999999999999999,0.6666666666666666,4.0,2.0,6.0,6.0,4.0,4.0,2.0,0.0,2.0,2.0,0.0
2026-06-22,Banking,0.004081969977288,-0.0735294117647058,-0.1666666666666666,-1.0,-0.3333333333333332,7.0,7.0,5.533333333333333,1.0,3.0,2.0,1.0,2.2,1.3333333333333333
2026-06-22,ConsumerDiscretionary,-0.0059943031913839,0.4545454545454545,0.5,6.0,4.333333333333333,13.0,13.0,10.533333333333331,6.0,6.0,0.0,4.333333333333333,5.2,0.0
2026-06-22,ConsumerStaples,-0.004220367500536,0.3414634146341463,0.375,3.0,2.333333333333333,8.0,8.0,6.833333333333333,4.0,3.0,1.0,3.333333333333333,2.5,1.0
2026-06-22,Energy,0.0137123547452798,0.5263157894736842,0.5,4.0,3.333333333333333,8.0,8.0,6.333333333333333,4.0,4.0,0.0,3.333333333333333,3.0,0.0
2026-06-22,Healthcare,0.0040531538968118,0.0,0.0,0.0,0.0,1.0,1.0,0.5,0.0,1.0,0.0,0.0,0.5,0.0
2026-06-22,IndustrialLogistics,-0.0038662060333887,0.6363636363636365,0.6,15.0,15.166666666666668,26.0,26.0,24.83333333333333,16.0,8.0,1.0,15.5,8.0,0.3333333333333333
2026-06-22,RealEstate,0.0476911833639237,0.6451612903225806,0.625,15.0,14.0,24.0,24.0,21.7,16.0,7.0,1.0,15.0,5.7,1.0
2026-06-22,SteelMaterials,-0.0013661202185792,0.1398601398601398,0.1818181818181818,2.0,1.3333333333333333,11.0,11.0,9.533333333333331,4.0,5.0,2.0,3.333333333333333,4.2,2.0
2026-06-22,Technology,-0.0108469482131891,0.2836879432624113,0.25,2.0,1.3333333333333333,8.0,8.0,4.699999999999999,3.0,4.0,1.0,1.6666666666666663,2.7,0.3333333333333333
2026-06-22,Utilities,0.0218534075431166,0.4117647058823529,0.4444444444444444,4.0,3.5,9.0,9.0,8.5,4.0,5.0,0.0,3.5,5.0,0.0
2026-06-23,Banking,0.002927214964339,0.5248868778280543,0.5555555555555556,10.0,8.285714285714285,18.0,18.0,15.785714285714285,11.0,6.0,1.0,9.285714285714285,5.5,1.0
2026-06-23,ConsumerDiscretionary,-0.021529751973646,0.4324324324324324,0.5,2.0,1.1428571428571428,4.0,4.0,2.642857142857143,2.0,2.0,0.0,1.1428571428571428,1.5,0.0
2026-06-23,ConsumerStaples,-0.003924776101672,0.054054054054054,0.2857142857142857,2.0,0.2857142857142856,7.0,7.0,5.285714285714286,4.0,1.0,2.0,2.2857142857142856,1.0,2.0
2026-06-23,Energy,-0.0318370458750296,0.676923076923077,0.5714285714285714,4.0,3.142857142857143,7.0,7.0,4.642857142857142,4.0,3.0,0.0,3.142857142857143,1.5,0.0
2026-06-23,Healthcare,-0.0123911639977274,1.0,1.0,2.0,2.0,2.0,2.0,2.0,2.0,0.0,0.0,2.0,0.0,0.0
2026-06-23,IndustrialLogistics,-0.0025556713246942,0.8627450980392157,0.8888888888888888,8.0,6.285714285714286,10.0,10.0,8.285714285714285,8.0,1.0,0.0,6.285714285714286,1.0,0.0
2026-06-23,RealEstate,-0.001531667491282,0.125,0.25,3.0,1.2857142857142856,12.0,12.0,10.285714285714285,6.0,3.0,3.0,4.285714285714286,3.0,3.0
2026-06-23,SteelMaterials,-0.0153030571434047,0.0344827586206896,0.2,1.0,0.1428571428571428,5.0,5.0,4.142857142857142,3.0,0.0,2.0,2.142857142857143,0.0,2.0
2026-06-23,Technology,-0.0060710936540731,0.5679012345679012,0.625,5.0,3.2857142857142856,8.0,8.0,5.785714285714286,5.0,3.0,0.0,3.2857142857142856,2.5,0.0
2026-06-23,Utilities,-0.0135435479816786,0.44,0.4444444444444444,4.0,3.142857142857143,9.0,9.0,7.142857142857142,4.0,5.0,0.0,3.142857142857143,4.0,0.0
2026-06-24,Banking,-0.0069487868399119,0.6633813495072023,0.6428571428571429,9.0,7.291666666666666,14.0,14.0,10.991666666666667,9.0,5.0,0.0,7.291666666666666,3.7,0.0
2026-06-24,ConsumerDiscretionary,0.0106959994773088,0.392015392015392,0.4545454545454545,10.0,6.791666666666666,22.0,22.0,17.325,11.0,10.0,1.0,7.791666666666666,8.533333333333333,1.0
2026-06-24,ConsumerStaples,-0.0005894488653109,0.3639846743295019,0.3636363636363636,4.0,3.1666666666666665,11.0,11.0,8.7,4.0,7.0,0.0,3.1666666666666665,5.533333333333333,0.0
2026-06-24,Energy,0.0130780390923008,0.2569169960474308,0.2222222222222222,2.0,1.625,9.0,9.0,6.325,4.0,3.0,2.0,3.125,1.7,1.5
2026-06-24,Healthcare,-0.006488424887669,1.0,1.0,1.0,1.0,1.0,1.0,1.0,1.0,0.0,0.0,1.0,0.0,0.0
2026-06-24,IndustrialLogistics,-0.0096937323164433,0.6091205211726384,0.625,10.0,7.791666666666666,16.0,16.0,12.791666666666666,12.0,2.0,2.0,9.291666666666666,2.0,1.5
2026-06-24,RealEstate,0.0275205899873063,0.5824130027088977,0.5813953488372093,25.0,23.291666666666664,43.0,43.0,39.99166666666666,27.0,14.0,2.0,25.291666666666664,12.7,2.0
2026-06-24,SteelMaterials,7.183005010143646e-05,0.8273381294964028,0.875,7.0,4.791666666666666,8.0,8.0,5.791666666666666,7.0,1.0,0.0,4.791666666666666,1.0,0.0
2026-06-24,Technology,-0.0045056137305157,0.6059113300492611,0.6153846153846154,8.0,5.125,13.0,13.0,8.458333333333332,8.0,5.0,0.0,5.125,3.333333333333333,0.0
2026-06-24,Utilities,-0.0124862424633592,0.3548387096774194,0.4444444444444444,8.0,4.125,18.0,18.0,11.625,9.0,8.0,1.0,5.125,5.5,1.0
2026-06-25,Banking,-0.0064819891049124,0.7795275590551182,0.75,9.0,8.25,12.0,12.0,10.583333333333332,9.0,3.0,0.0,8.25,2.333333333333333,0.0
2026-06-25,ConsumerDiscretionary,-0.005445512256781,0.2558139534883721,0.2857142857142857,4.0,2.75,14.0,14.0,10.75,4.0,10.0,0.0,2.75,8.0,0.0
2026-06-25,ConsumerStaples,0.0055903398926654,0.4285714285714285,0.4545454545454545,5.0,4.5,11.0,11.0,10.5,6.0,4.0,1.0,5.5,4.0,1.0
2026-06-25,Energy,-0.0160686303515413,0.1935483870967742,0.25,3.0,2.0,12.0,12.0,10.333333333333332,5.0,5.0,2.0,4.0,4.333333333333333,2.0
2026-06-25,Healthcare,-0.0024395048247772,0.3333333333333333,0.3333333333333333,1.0,1.0,3.0,3.0,3.0,1.0,2.0,0.0,1.0,2.0,0.0
2026-06-25,IndustrialLogistics,-0.0122027948001974,0.4285714285714286,0.4117647058823529,7.0,7.0,17.0,17.0,16.333333333333332,7.0,10.0,0.0,7.0,9.333333333333332,0.0
2026-06-25,RealEstate,-0.0221819123827007,0.6493150684931507,0.6363636363636364,21.0,19.75,33.0,33.0,30.416666666666664,21.0,12.0,0.0,19.75,10.666666666666666,0.0
2026-06-25,SteelMaterials,-0.0028368794326241,0.36,0.5,4.0,2.25,8.0,8.0,6.25,5.0,2.0,1.0,3.25,2.0,1.0
2026-06-25,Technology,0.0003690419129176,0.339622641509434,0.3333333333333333,4.0,3.0,12.0,12.0,8.833333333333332,5.0,6.0,1.0,4.0,3.833333333333333,1.0
2026-06-25,Utilities,0.0131705859909775,0.09375,0.15,3.0,1.5,20.0,20.0,16.0,6.0,11.0,3.0,4.5,8.5,3.0
2026-06-26,Banking,0.0026383121481641,0.3868613138686131,0.2666666666666666,4.0,5.3,15.0,15.0,13.7,7.0,5.0,3.0,7.0,5.0,1.7
2026-06-26,ConsumerDiscretionary,-0.0029583004588667,0.0967741935483871,0.0909090909090909,1.0,1.0,11.0,11.0,10.333333333333332,2.0,8.0,1.0,2.0,7.333333333333333,1.0
2026-06-26,ConsumerStaples,-0.0006921643824902,0.5172413793103448,0.5,3.0,2.5,6.0,6.0,4.833333333333334,3.0,3.0,0.0,2.5,2.333333333333333,0.0
2026-06-26,Energy,-0.0061104621230147,0.4210526315789473,0.4166666666666667,5.0,4.0,12.0,12.0,9.5,5.0,7.0,0.0,4.0,5.5,0.0
2026-06-26,Healthcare,-0.0069198411585542,0.0,0.0,0.0,0.0,1.0,1.0,1.0,0.0,1.0,0.0,0.0,1.0,0.0
2026-06-26,IndustrialLogistics,0.0003051033836281,0.7241379310344828,0.6,6.0,6.3,10.0,10.0,8.7,7.0,2.0,1.0,6.5,2.0,0.2
2026-06-26,RealEstate,0.0135324684483681,0.4357682619647355,0.4146341463414634,17.0,17.3,41.0,41.0,39.7,19.0,20.0,2.0,18.5,20.0,1.2
2026-06-26,SteelMaterials,-0.0028309711854015,0.4285714285714285,0.5,2.0,1.5,4.0,4.0,3.5,2.0,2.0,0.0,1.5,2.0,0.0
2026-06-26,Technology,-0.0012533990684521,0.5163934426229508,0.4,6.0,6.3,15.0,15.0,12.2,10.0,1.0,4.0,9.0,0.5,2.7
2026-06-26,Utilities,0.0040089684784124,0.2109375,0.1538461538461538,2.0,1.8,13.0,13.0,8.533333333333333,4.0,7.0,2.0,3.0,4.333333333333334,1.2
2026-06-29,Banking,0.0118219732147543,0.5361890694239291,0.5609756097560976,23.0,18.15,41.0,41.0,33.85,28.0,8.0,5.0,23.15,5.699999999999999,5.0
2026-06-29,ConsumerDiscretionary,0.0103420981516645,0.1321882001493652,0.1785714285714285,5.0,2.95,28.0,28.0,22.316666666666663,7.0,19.0,2.0,4.95,15.366666666666664,2.0
2026-06-29,ConsumerStaples,-0.0026717923633669,0.0318772136953955,0.2105263157894736,4.0,0.4499999999999999,19.0,19.0,14.116666666666664,8.0,7.0,4.0,4.45,5.666666666666667,4.0
2026-06-29,Energy,0.0181567400775389,0.1764705882352941,0.2352941176470588,4.0,2.5,17.0,17.0,14.166666666666666,6.0,9.0,2.0,4.5,7.666666666666666,2.0
2026-06-29,Healthcare,0.0025415943894204,0.0,0.0,0.0,0.0,6.0,6.0,6.0,1.0,4.0,1.0,1.0,4.0,1.0
2026-06-29,IndustrialLogistics,-0.0006783592504759,0.5617283950617284,0.5714285714285714,20.0,18.2,35.0,35.0,32.4,20.0,15.0,0.0,18.2,14.2,0.0
2026-06-29,RealEstate,-0.0279689608636977,0.5800159235668789,0.5955056179775281,53.0,48.56666666666666,89.0,89.0,83.73333333333333,60.0,22.0,7.0,55.56666666666666,21.166666666666664,7.0
2026-06-29,SteelMaterials,0.0120877219161785,0.7400722021660651,0.7142857142857143,5.0,3.4166666666666665,7.0,7.0,4.616666666666666,5.0,2.0,0.0,3.4166666666666665,1.2,0.0
2026-06-29,Technology,-0.0032340631859385,0.2596843615494978,0.3529411764705882,12.0,6.033333333333333,34.0,34.0,23.23333333333333,14.0,18.0,2.0,8.033333333333331,13.2,2.0
2026-06-29,Utilities,0.0051787200878545,0.5242369838420108,0.5517241379310345,16.0,9.733333333333334,29.0,29.0,18.566666666666663,17.0,11.0,1.0,10.733333333333334,6.833333333333333,1.0
2026-06-30,Banking,0.0015292787527937,0.3432835820895523,0.25,3.0,3.8333333333333335,12.0,12.0,11.166666666666666,5.0,5.0,2.0,5.0,5.0,1.1666666666666663
2026-06-30,ConsumerDiscretionary,-0.0052397670071072,0.3063063063063063,0.1666666666666666,2.0,2.833333333333333,12.0,12.0,9.25,3.0,8.0,1.0,3.0,6.083333333333333,0.1666666666666666
2026-06-30,ConsumerStaples,-0.0042358434436708,0.4941176470588235,0.4444444444444444,4.0,3.5,9.0,9.0,7.083333333333333,5.0,3.0,1.0,4.5,1.5833333333333333,1.0
2026-06-30,Energy,-0.0024346133518583,0.1538461538461538,0.0833333333333333,1.0,1.5,12.0,12.0,9.75,4.0,5.0,3.0,4.0,3.25,2.5
2026-06-30,Healthcare,-0.0033272038860327,,,,,,,,,,,,,
2026-06-30,IndustrialLogistics,0.0012679346012679,0.4861111111111111,0.3333333333333333,5.0,5.833333333333334,15.0,15.0,12.0,6.0,8.0,1.0,6.0,5.833333333333333,0.1666666666666666
2026-06-30,RealEstate,0.003639731022719,0.6634382566585958,0.6111111111111112,22.0,22.833333333333336,36.0,36.0,34.416666666666664,26.0,6.0,4.0,26.0,5.25,3.1666666666666665
2026-06-30,SteelMaterials,-0.0063514911609913,-0.1428571428571428,-0.5,-1.0,-0.1666666666666666,2.0,2.0,1.1666666666666663,0.0,1.0,1.0,0.0,1.0,0.1666666666666666
2026-06-30,Technology,0.0016593233851197,0.5000000000000001,0.4375,7.0,6.833333333333334,16.0,16.0,13.666666666666666,9.0,5.0,2.0,8.0,4.5,1.1666666666666663
2026-06-30,Utilities,-0.0058145321986218,0.1333333333333333,0.2,2.0,1.0,10.0,10.0,7.5,5.0,2.0,3.0,3.5,1.5,2.5
2026-07-01,Banking,0.0139085164521638,0.6512925969447709,0.5,10.0,10.557142857142855,20.0,20.0,16.20952380952381,13.0,4.0,3.0,12.2,2.3666666666666667,1.6428571428571428
2026-07-01,ConsumerDiscretionary,0.0056882221505729,0.2762430939226519,0.2,3.0,2.857142857142857,15.0,15.0,10.342857142857142,5.0,8.0,2.0,4.0,5.2,1.1428571428571428
2026-07-01,ConsumerStaples,0.0032540202611537,0.914798206278027,0.5714285714285714,4.0,4.857142857142858,7.0,7.0,5.309523809523809,5.0,1.0,1.0,5.0,0.1666666666666666,0.1428571428571428
2026-07-01,Energy,0.0136715765901951,0.6226415094339623,0.5454545454545454,6.0,5.5,11.0,11.0,8.833333333333332,6.0,5.0,0.0,5.5,3.333333333333333,0.0
2026-07-01,Healthcare,0.0062781853121058,0.3333333333333333,0.5,1.0,0.5,2.0,2.0,1.5,1.0,1.0,0.0,0.5,1.0,0.0
2026-07-01,IndustrialLogistics,-0.0020414808233914,0.5649697401210395,0.4736842105263157,9.0,7.557142857142857,19.0,19.0,13.376190476190477,11.0,6.0,2.0,8.7,3.533333333333333,1.1428571428571428
2026-07-01,RealEstate,-0.0071688837887996,0.6169620623992969,0.5714285714285714,20.0,20.057142857142857,35.0,35.0,32.50952380952381,24.0,7.0,4.0,23.2,6.166666666666666,3.142857142857143
2026-07-01,SteelMaterials,0.0049593130601714,0.1587516960651289,0.1428571428571428,1.0,0.5571428571428572,7.0,7.0,3.509523809523809,3.0,2.0,2.0,1.7,0.6666666666666666,1.1428571428571428
2026-07-01,Technology,0.0253014788271503,0.3670140462165836,0.25,4.0,3.857142857142857,16.0,16.0,10.50952380952381,7.0,6.0,3.0,5.5,3.3666666666666667,1.6428571428571428
2026-07-01,Utilities,0.0015990256869911,0.6470588235294118,0.6470588235294118,11.0,7.7,17.0,17.0,11.9,12.0,4.0,1.0,8.7,2.2,1.0
2026-07-02,Banking,-0.0101270279571273,0.2075471698113207,0.25,4.0,3.142857142857143,16.0,16.0,15.142857142857142,6.0,8.0,2.0,5.142857142857142,8.0,2.0
2026-07-02,ConsumerDiscretionary,0.0016884259326616,0.6605080831408775,0.6666666666666666,10.0,6.809523809523809,16.0,16.0,11.309523809523808,10.0,5.0,0.0,6.809523809523809,3.5,0.0
2026-07-02,ConsumerStaples,0.0030464895757249,-0.0792291220556745,0.25,2.0,-0.4404761904761906,8.0,8.0,5.559523809523809,4.0,2.0,2.0,1.559523809523809,2.0,2.0
2026-07-02,Energy,-0.0121893547450036,-0.043859649122807,0.0,0.0,-0.3571428571428572,11.0,11.0,8.142857142857142,2.0,7.0,2.0,0.6428571428571428,6.5,1.0
2026-07-02,Healthcare,0.007202395403415,1.0,1.0,4.0,2.75,4.0,4.0,2.75,4.0,0.0,0.0,2.75,0.0,0.0
2026-07-02,IndustrialLogistics,0.0029677138486159,0.3999999999999999,0.3571428571428571,5.0,4.666666666666666,14.0,14.0,11.666666666666666,8.0,3.0,3.0,6.666666666666666,3.0,2.0
2026-07-02,RealEstate,0.0060680126778501,0.6296296296296297,0.625,15.0,14.166666666666666,24.0,24.0,22.5,15.0,9.0,0.0,14.166666666666666,8.333333333333332,0.0
2026-07-02,SteelMaterials,-0.0091154287963128,0.6111111111111112,0.6,3.0,1.309523809523809,5.0,5.0,2.1428571428571423,3.0,2.0,0.0,1.309523809523809,0.8333333333333333,0.0
2026-07-02,Technology,-0.0056092073647238,0.542649727767695,0.6363636363636364,7.0,3.5595238095238093,11.0,11.0,6.559523809523809,7.0,4.0,0.0,3.5595238095238093,3.0,0.0
2026-07-02,Utilities,0.0030053953449882,0.4295692665890571,0.4705882352941176,8.0,4.392857142857142,17.0,17.0,10.226190476190474,8.0,9.0,0.0,4.392857142857142,5.833333333333333,0.0
2026-07-03,Banking,-0.0038460825121352,0.6313993174061434,0.5333333333333333,8.0,7.708333333333334,15.0,15.0,12.208333333333332,9.0,5.0,1.0,7.833333333333333,4.25,0.125
2026-07-03,ConsumerDiscretionary,-0.0261843547319275,-0.5707620528771384,-0.5862068965517241,-17.0,-15.291666666666666,29.0,29.0,26.791666666666664,1.0,10.0,18.0,1.0,9.5,16.291666666666664
2026-07-03,ConsumerStaples,-0.0111310810936695,0.6684491978609627,0.4545454545454545,5.0,5.208333333333334,11.0,11.0,7.791666666666666,8.0,0.0,3.0,6.5,0.0,1.2916666666666663
2026-07-03,Energy,-0.0164023132501315,0.2592592592592592,0.0,0.0,0.875,5.0,5.0,3.375,1.0,3.0,1.0,1.0,2.25,0.125
2026-07-03,Healthcare,0.0019011406844106,,,,,,,,,,,,,
2026-07-03,IndustrialLogistics,0.0067344900032473,0.1362126245847176,0.0,0.0,1.7083333333333337,15.0,15.0,12.541666666666666,4.0,7.0,4.0,4.0,6.25,2.2916666666666665
2026-07-03,RealEstate,-0.001356489788943,0.727164887307236,0.6578947368421053,25.0,25.541666666666668,38.0,38.0,35.125,29.0,5.0,4.0,27.83333333333333,5.0,2.2916666666666665
2026-07-03,SteelMaterials,-0.0007724132977682,0.0746268656716418,-0.2,-1.0,0.2083333333333333,5.0,5.0,2.7916666666666665,1.0,2.0,2.0,0.5,2.0,0.2916666666666666
2026-07-03,Technology,-0.0063753903403216,0.5666666666666667,0.4615384615384615,6.0,5.666666666666667,13.0,13.0,10.0,7.0,5.0,1.0,5.833333333333334,4.0,0.1666666666666666
2026-07-03,Utilities,-0.008624191367288,-0.4883720930232558,-0.375,-3.0,-2.625,8.0,8.0,5.375,1.0,3.0,4.0,0.5,1.75,3.125
2026-07-06,Banking,-0.0114144324999418,0.2495667244367418,0.2068965517241379,6.0,6.857142857142858,29.0,29.0,27.476190476190474,11.0,13.0,5.0,11.0,12.333333333333332,4.142857142857142
2026-07-06,ConsumerDiscretionary,-0.037409882588611,0.0970552553214955,0.1568627450980392,8.0,4.190476190476191,51.0,51.0,43.17619047619048,16.0,27.0,8.0,11.333333333333332,24.7,7.142857142857142
2026-07-06,ConsumerStaples,-0.0088870058100833,0.1052631578947368,0.0588235294117647,1.0,1.523809523809524,17.0,17.0,14.476190476190474,6.0,6.0,5.0,5.0,6.0,3.4761904761904763
2026-07-06,Energy,-0.029264998062548,0.1210428305400372,0.0555555555555555,1.0,1.8571428571428568,18.0,18.0,15.342857142857143,4.0,11.0,3.0,3.5,10.2,1.6428571428571428
2026-07-06,Healthcare,0.0006584111747861,1.0,1.0,6.0,5.5,6.0,6.0,5.5,6.0,0.0,0.0,5.5,0.0,0.0
2026-07-06,IndustrialLogistics,-0.0034452263124939,0.4067796610169492,0.4090909090909091,9.0,8.0,22.0,22.0,19.666666666666664,13.0,5.0,4.0,11.333333333333332,5.0,3.333333333333333
2026-07-06,RealEstate,0.0068519352739701,0.4308664381259663,0.3815789473684211,29.0,30.52380952380953,76.0,76.0,70.84285714285714,39.0,27.0,10.0,38.5,24.366666666666664,7.976190476190476
2026-07-06,SteelMaterials,-0.0022587627426337,0.116231647634584,0.0666666666666666,1.0,1.3571428571428572,15.0,15.0,11.676190476190476,5.0,6.0,4.0,4.5,4.033333333333333,3.142857142857143
2026-07-06,Technology,-0.0048463560912089,0.4691749773345423,0.3461538461538461,9.0,9.857142857142858,26.0,26.0,21.00952380952381,11.0,13.0,2.0,11.0,8.866666666666665,1.1428571428571428
2026-07-06,Utilities,-0.0231262605802111,0.5508982035928144,0.5405405405405406,20.0,15.333333333333332,38.0,38.0,28.83333333333333,23.0,11.0,3.0,17.333333333333332,8.5,2.0
2026-07-07,Banking,0.0039798671962397,0.3175735950044602,0.2857142857142857,4.0,3.3904761904761904,14.0,14.0,10.676190476190476,7.0,4.0,3.0,5.033333333333333,4.0,1.6428571428571428
2026-07-07,ConsumerDiscretionary,-0.021950076135729,0.2101046281459138,0.2333333333333333,7.0,5.307142857142857,30.0,30.0,25.25952380952381,14.0,9.0,7.0,11.45,7.666666666666666,6.142857142857142
2026-07-07,ConsumerStaples,-0.0094333105047632,-0.3839999999999999,-0.3333333333333333,-2.0,-1.1428571428571428,6.0,6.0,2.9761904761904763,1.0,2.0,3.0,0.25,1.3333333333333333,1.3928571428571428
2026-07-07,Energy,0.0082632319502249,0.256198347107438,0.25,2.0,1.0333333333333332,8.0,8.0,4.033333333333333,3.0,4.0,1.0,1.5333333333333332,2.0,0.5
2026-07-07,Healthcare,-0.0159370837225828,0.0,0.0,0.0,0.0,3.0,3.0,2.5,0.0,3.0,0.0,0.0,2.5,0.0
2026-07-07,IndustrialLogistics,-0.0050210136565923,0.2223350253807106,0.0714285714285714,1.0,2.607142857142857,14.0,14.0,11.726190476190476,4.0,7.0,3.0,4.0,6.333333333333333,1.3928571428571428
2026-07-07,RealEstate,-0.0032542795615304,0.4201438848920863,0.3846153846153846,20.0,20.857142857142858,52.0,52.0,49.64285714285714,26.0,20.0,6.0,25.25,20.0,4.392857142857142
2026-07-07,SteelMaterials,-0.0012992168609476,0.5654142145767317,0.5,5.0,2.973809523809524,10.0,10.0,5.259523809523809,6.0,3.0,1.0,3.1166666666666667,2.0,0.1428571428571428
2026-07-07,Technology,-6.181688165385335e-05,0.2871251571197701,0.1578947368421052,3.0,3.807142857142857,19.0,19.0,13.259523809523811,5.0,12.0,2.0,4.2,8.666666666666666,0.3928571428571428
2026-07-07,Utilities,-8.2016065311367e-05,0.2159090909090909,0.25,5.0,3.1666666666666665,20.0,20.0,14.666666666666666,5.0,15.0,0.0,3.1666666666666665,11.5,0.0
2026-07-08,Banking,0.0052399802100369,0.5677966101694916,0.5714285714285714,12.0,11.166666666666666,21.0,21.0,19.666666666666664,12.0,9.0,0.0,11.166666666666666,8.5,0.0
2026-07-08,ConsumerDiscretionary,0.013888256352246,-0.366412213740458,-0.24,-6.0,-8.0,26.0,26.0,22.833333333333336,4.0,11.0,10.0,2.0,9.833333333333332,10.0
2026-07-08,ConsumerStaples,0.0051964100470877,0.3488372093023256,0.4285714285714285,6.0,3.75,14.0,14.0,10.75,6.0,8.0,0.0,3.75,7.0,0.0
2026-07-08,Energy,0.0073602452880326,0.3333333333333333,0.3333333333333333,2.0,2.0,6.0,6.0,6.0,3.0,2.0,1.0,3.0,2.0,1.0
2026-07-08,Healthcare,-0.0022403579745189,0.3333333333333333,0.3333333333333333,1.0,1.0,3.0,3.0,3.0,1.0,2.0,0.0,1.0,2.0,0.0
2026-07-08,IndustrialLogistics,0.0083678653766972,0.5068493150684932,0.5714285714285714,12.0,9.25,21.0,21.0,18.25,14.0,5.0,2.0,11.25,5.0,2.0
2026-07-08,RealEstate,0.0030392036091233,0.49,0.5,26.0,24.5,52.0,52.0,50.0,31.0,16.0,5.0,29.5,15.5,5.0
2026-07-08,SteelMaterials,0.0100178806700545,1.0,1.0,3.0,1.5833333333333333,3.0,3.0,1.5833333333333333,3.0,0.0,0.0,1.5833333333333333,0.0,0.0
2026-07-08,Technology,-0.0014423985578512,0.6781609195402298,0.6363636363636364,7.0,4.916666666666666,11.0,11.0,7.25,7.0,4.0,0.0,4.916666666666666,2.333333333333333,0.0
2026-07-08,Utilities,-0.0002410831177954,0.0982142857142857,0.1818181818181818,4.0,1.8333333333333333,22.0,22.0,18.666666666666664,7.0,12.0,3.0,4.833333333333334,10.833333333333332,3.0
2026-07-09,Banking,-0.0114525498688331,0.486322188449848,0.4444444444444444,8.0,8.0,18.0,18.0,16.45,9.0,8.0,1.0,9.0,6.45,1.0
2026-07-09,ConsumerDiscretionary,-0.019136086329244,0.4173166926677067,0.3846153846153846,10.0,8.916666666666668,26.0,26.0,21.366666666666667,11.0,14.0,1.0,9.25,11.783333333333331,0.3333333333333333
2026-07-09,ConsumerStaples,-0.0008605072463767,-0.2542372881355932,0.0,0.0,-0.75,5.0,5.0,2.95,1.0,3.0,1.0,0.25,1.7,1.0
2026-07-09,Energy,0.0245582710205037,0.2571428571428572,0.375,3.0,1.5,8.0,8.0,5.833333333333333,4.0,3.0,1.0,2.5,2.333333333333333,1.0
2026-07-09,Healthcare,-0.0016224547740731,1.0,1.0,2.0,2.0,2.0,2.0,2.0,2.0,0.0,0.0,2.0,0.0,0.0
2026-07-09,IndustrialLogistics,-0.0202651144133807,0.6936416184971098,0.6428571428571429,9.0,8.0,14.0,14.0,11.533333333333331,10.0,3.0,1.0,9.0,1.5333333333333332,1.0
2026-07-09,RealEstate,-0.0077058773547417,0.3085642317380352,0.3095238095238095,13.0,12.25,42.0,42.0,39.7,16.0,23.0,3.0,15.25,21.45,3.0
2026-07-09,SteelMaterials,-0.0098302371029643,0.4891304347826087,0.4166666666666667,5.0,3.75,12.0,12.0,7.666666666666666,6.0,5.0,1.0,4.75,1.9166666666666663,1.0
2026-07-09,Technology,-0.0037583120971897,0.2121212121212121,0.2105263157894736,4.0,2.916666666666667,19.0,19.0,13.75,6.0,11.0,2.0,4.25,8.166666666666666,1.3333333333333333
2026-07-09,Utilities,-0.0113378684807256,-0.0892018779342723,-0.0454545454545454,-1.0,-1.5833333333333333,22.0,22.0,17.75,4.0,13.0,5.0,2.75,10.666666666666666,4.333333333333333
2026-07-10,Banking,-0.0087218046348593,0.6296296296296297,0.5454545454545454,12.0,12.75,22.0,22.0,20.25,14.0,6.0,2.0,14.0,5.0,1.25
2026-07-10,ConsumerDiscretionary,-0.0337334902820025,0.0,0.0,0.0,0.0,13.0,13.0,12.5,2.0,9.0,2.0,2.0,8.5,2.0
2026-07-10,ConsumerStaples,0.0049022034727126,0.0555555555555555,0.0,0.0,0.6666666666666667,15.0,15.0,12.0,5.0,5.0,5.0,4.25,4.166666666666666,3.583333333333333
2026-07-10,Energy,-0.0158154975839974,0.1666666666666666,0.0,0.0,1.1666666666666667,9.0,9.0,7.0,3.0,3.0,3.0,3.0,2.1666666666666665,1.8333333333333333
2026-07-10,Healthcare,-0.0023640661938534,,,,,,,,,,,,,
2026-07-10,IndustrialLogistics,0.004993787276919,0.4608695652173914,0.3333333333333333,4.0,4.416666666666667,12.0,12.0,9.583333333333332,6.0,4.0,2.0,5.25,3.5,0.8333333333333333
2026-07-10,RealEstate,-0.0034715896717643,0.4576271186440678,0.4166666666666667,15.0,15.75,37.0,37.0,35.416666666666664,18.0,15.0,3.0,18.0,14.166666666666666,2.25
2026-07-10,SteelMaterials,-0.007939780109945,0.45,0.3333333333333333,3.0,3.0,9.0,9.0,6.666666666666666,4.0,4.0,1.0,3.25,3.1666666666666665,0.25
2026-07-10,Technology,-0.0110831367878642,0.4064516129032258,0.4,6.0,5.25,15.0,15.0,12.916666666666666,6.0,9.0,0.0,5.25,7.666666666666666,0.0
2026-07-10,Utilities,-0.0082847340967347,0.36,0.3157894736842105,6.0,6.0,19.0,19.0,16.666666666666664,7.0,11.0,1.0,7.0,8.666666666666666,1.0
2026-07-13,Banking,-0.028304880654624,0.2133526850507982,0.125,4.0,6.125,32.0,32.0,28.708333333333336,10.0,16.0,6.0,10.0,14.833333333333332,3.875
2026-07-13,ConsumerDiscretionary,-0.0218453319313965,0.2639236190043192,0.2142857142857142,9.0,9.675,43.0,43.0,37.65833333333333,15.0,21.0,6.0,14.0,18.33333333333333,4.325
2026-07-13,ConsumerStaples,-0.0184554877588374,0.4368482039397451,0.2962962962962963,8.0,9.425,27.0,27.0,21.575,13.0,9.0,5.0,12.0,7.0,2.575
2026-07-13,Energy,-0.0179815763117631,0.0407239819004525,0.0,0.0,0.375,14.0,14.0,9.208333333333332,4.0,6.0,4.0,3.0,3.583333333333333,2.625
2026-07-13,Healthcare,-0.0100256804537705,0.5,0.5,1.0,0.5,2.0,2.0,1.0,1.0,1.0,0.0,0.5,0.5,0.0
2026-07-13,IndustrialLogistics,-0.0013772656829055,0.6842105263157895,0.6206896551724138,18.0,17.875,29.0,29.0,26.125,21.0,5.0,3.0,19.5,5.0,1.625
2026-07-13,RealEstate,-0.0167105579122167,0.3977613977613977,0.3684210526315789,35.0,36.425,95.0,95.0,91.575,44.0,42.0,9.0,43.0,42.0,6.575
2026-07-13,SteelMaterials,-0.0178987387971584,0.3245033112582781,0.2,3.0,3.675,16.0,16.0,12.325,8.0,2.0,5.0,6.5,2.0,2.825
2026-07-13,Technology,-0.0146577377003258,-0.0052972336668628,-0.1428571428571428,-3.0,-0.0749999999999999,21.0,21.0,14.158333333333331,3.0,12.0,6.0,3.0,8.083333333333332,3.075
2026-07-13,Utilities,-0.0207658273147244,0.1061946902654867,0.0652173913043478,3.0,4.0,46.0,46.0,37.66666666666667,9.0,31.0,6.0,8.5,24.666666666666664,4.5
2026-07-14,Banking,0.0042372881355932,0.5950920245398773,0.3846153846153846,5.0,6.466666666666667,13.0,13.0,10.866666666666667,7.0,4.0,2.0,7.0,3.333333333333333,0.5333333333333333
2026-07-14,ConsumerDiscretionary,0.0305502293389538,0.2210796915167095,0.217391304347826,5.0,4.3,23.0,23.0,19.45,9.0,10.0,4.0,7.5,8.75,3.2
2026-07-14,ConsumerStaples,0.0107736685889592,0.0,0.0,0.0,0.0,7.0,7.0,5.583333333333333,2.0,3.0,2.0,2.0,1.5833333333333333,2.0
2026-07-14,Energy,0.0485971321649843,0.1375661375661376,0.0,0.0,1.3,13.0,13.0,9.45,3.0,7.0,3.0,2.5,5.75,1.2
2026-07-14,Healthcare,-0.0032250629512466,1.0,1.0,2.0,2.0,2.0,2.0,2.0,2.0,0.0,0.0,2.0,0.0,0.0
2026-07-14,IndustrialLogistics,0.0089618217108256,0.4444444444444444,0.4,4.0,4.0,10.0,10.0,9.0,5.0,4.0,1.0,4.5,4.0,0.5
2026-07-14,RealEstate,-0.0075186902542475,0.3489208633093525,0.25,5.0,6.466666666666667,20.0,20.0,18.53333333333333,9.0,7.0,4.0,9.0,7.0,2.533333333333333
2026-07-14,SteelMaterials,0.0132259869759871,-0.0066225165562913,-0.2857142857142857,-2.0,-0.0333333333333332,7.0,7.0,5.033333333333333,2.0,1.0,4.0,2.0,1.0,2.033333333333333
2026-07-14,Technology,-0.0058685053636589,0.3636363636363636,0.3333333333333333,2.0,2.0,6.0,6.0,5.5,2.0,4.0,0.0,2.0,3.5,0.0
2026-07-14,Utilities,0.0119412124923453,0.1028571428571428,0.1666666666666666,3.0,1.5,18.0,18.0,14.583333333333332,5.0,11.0,2.0,3.5,9.083333333333334,2.0
2026-07-15,Banking,-0.0107452097087401,0.2861035422343324,0.2666666666666666,4.0,3.5,15.0,15.0,12.233333333333333,4.0,11.0,0.0,3.5,8.733333333333333,0.0
2026-07-15,ConsumerDiscretionary,-0.0359559249247281,-0.2028397565922921,-0.1851851851851851,-5.0,-5.0,27.0,27.0,24.65,5.0,12.0,10.0,5.0,9.65,10.0
2026-07-15,ConsumerStaples,-0.0061634240252886,0.5741626794258373,0.4615384615384615,6.0,6.0,13.0,13.0,10.45,6.0,7.0,0.0,6.0,4.45,0.0
2026-07-15,Energy,-0.0148812546716077,0.6666666666666666,0.5555555555555556,5.0,4.5,9.0,9.0,6.75,5.0,4.0,0.0,4.5,2.25,0.0
2026-07-15,Healthcare,-0.0076114087244026,0.0,0.0,0.0,0.0,2.0,2.0,2.0,1.0,0.0,1.0,1.0,0.0,1.0
2026-07-15,IndustrialLogistics,-0.0134625237433917,0.2439024390243902,0.2222222222222222,2.0,2.0,10.0,10.0,8.7,3.0,5.0,1.0,3.0,4.2,1.0
2026-07-15,RealEstate,-0.0239706179241324,0.3924418604651163,0.3783783783783784,14.0,13.5,37.0,37.0,34.4,16.0,19.0,2.0,15.5,16.9,2.0
2026-07-15,SteelMaterials,0.0014045214045213,0.6741573033707865,0.5,3.0,3.0,6.0,6.0,4.45,3.0,3.0,0.0,3.0,1.45,0.0
2026-07-15,Technology,-0.0230408236751176,-0.0415512465373961,-0.0666666666666666,-1.0,-0.5,15.0,15.0,12.033333333333331,2.0,10.0,3.0,2.0,7.533333333333333,2.5
2026-07-15,Utilities,-0.0051385961197667,0.2033898305084746,0.1666666666666666,2.0,2.0,13.0,13.0,10.333333333333332,3.0,8.0,1.0,2.5,6.833333333333333,0.5
2026-07-16,Banking,0.0009820186070615,0.579256360078278,0.5263157894736842,10.0,9.866666666666667,19.0,19.0,17.03333333333333,12.0,5.0,2.0,11.2,4.5,1.3333333333333333
2026-07-16,ConsumerDiscretionary,-0.0170153797060422,0.270935960591133,0.25,5.0,4.583333333333333,20.0,20.0,16.916666666666664,9.0,7.0,4.0,7.833333333333333,5.833333333333333,3.25
2026-07-16,ConsumerStaples,0.0022438873413803,0.6575342465753425,0.5714285714285714,4.0,3.2,7.0,7.0,4.866666666666666,4.0,3.0,0.0,3.2,1.6666666666666663,0.0
2026-07-16,Energy,0.0020600326881993,0.3132530120481927,0.2941176470588235,5.0,4.333333333333333,17.0,17.0,13.833333333333334,6.0,10.0,1.0,5.333333333333333,7.5,1.0
2026-07-16,Healthcare,0.0112305234589174,0.75,0.75,3.0,3.0,4.0,4.0,4.0,3.0,1.0,0.0,3.0,1.0,0.0
2026-07-16,IndustrialLogistics,-0.0018329801903608,0.4222222222222222,0.3076923076923077,4.0,4.75,13.0,13.0,11.25,5.0,7.0,1.0,5.0,6.0,0.25
2026-07-16,RealEstate,0.0483867727028201,0.2974452554744526,0.2894736842105263,11.0,10.866666666666667,38.0,38.0,36.53333333333333,15.0,19.0,4.0,14.2,19.0,3.333333333333333
2026-07-16,SteelMaterials,-0.0114689525333665,0.3220338983050847,0.2,1.0,0.95,6.0,6.0,3.95,2.0,2.0,1.0,1.2,1.5,0.25
2026-07-16,Technology,0.0035386017389634,-0.0729023383768913,-0.0588235294117647,-1.0,-0.8833333333333331,17.0,17.0,12.116666666666667,5.0,6.0,6.0,3.7,3.8333333333333335,4.583333333333334
2026-07-16,Utilities,-0.0015960654804568,0.1403508771929824,0.1428571428571428,2.0,1.3333333333333333,14.0,14.0,9.5,2.0,12.0,0.0,1.3333333333333333,8.166666666666666,0.0
2026-07-17,Banking,-0.0086028828554031,0.7887323943661971,0.8,12.0,11.2,15.0,15.0,14.2,12.0,3.0,0.0,11.2,3.0,0.0
2026-07-17,ConsumerDiscretionary,0.011851756530691,0.1846921797004992,0.3076923076923077,8.0,3.7,26.0,26.0,20.03333333333333,12.0,10.0,4.0,7.699999999999999,8.333333333333332,4.0
2026-07-17,ConsumerStaples,0.0205271148885517,0.5277777777777778,0.5,4.0,3.1666666666666665,8.0,8.0,6.0,4.0,4.0,0.0,3.1666666666666665,2.833333333333333,0.0
2026-07-17,Energy,-0.017587157021844,0.0666666666666666,0.2,1.0,0.25,5.0,5.0,3.75,1.0,4.0,0.0,0.25,3.5,0.0
2026-07-17,Healthcare,-0.0118059517133236,0.0,0.0,0.0,0.0,2.0,2.0,1.3333333333333333,0.0,2.0,0.0,0.0,1.3333333333333333,0.0
2026-07-17,IndustrialLogistics,-0.0128041548405808,0.3814432989690721,0.5,6.0,3.7,12.0,12.0,9.7,7.0,4.0,1.0,4.7,4.0,1.0
2026-07-17,RealEstate,-0.009853119125079,0.4624074795481106,0.5106382978723404,24.0,19.78333333333333,47.0,47.0,42.78333333333333,25.0,21.0,1.0,20.78333333333333,21.0,1.0
2026-07-17,SteelMaterials,-0.0254199564544391,0.52,0.5833333333333334,7.0,5.416666666666666,12.0,12.0,10.416666666666666,9.0,1.0,2.0,7.416666666666666,1.0,2.0
2026-07-17,Technology,-0.0023327158558474,0.1160220994475137,0.4,4.0,0.6999999999999997,10.0,10.0,6.033333333333333,5.0,4.0,1.0,1.7,3.333333333333333,1.0
2026-07-17,Utilities,0.0020922641219703,0.5480225988700564,0.55,11.0,8.083333333333332,20.0,20.0,14.75,11.0,9.0,0.0,8.083333333333332,6.666666666666666,0.0
2026-07-20,Banking,-0.0382212102797458,0.6666666666666666,0.5,4.0,4.8,20.0,20.0,18.2,5.0,2.0,1.0,5.0,2.0,0.2
2026-07-20,ConsumerDiscretionary,-0.0420889728942734,0.0927152317880794,-0.1428571428571428,-1.0,0.4666666666666667,25.0,25.0,18.53333333333333,2.0,2.0,3.0,2.0,1.5,1.5333333333333332
2026-07-20,ConsumerStaples,-0.0157004374297345,-1.0,-1.0,-1.0,-0.3333333333333333,1.0,1.0,0.3333333333333333,0.0,0.0,1.0,0.0,0.0,0.3333333333333333
2026-07-20,Energy,-0.0263464101700457,0.0,0.0,0.0,0.0,13.0,13.0,11.5,0.0,3.0,0.0,0.0,2.0,0.0
2026-07-20,Healthcare,-0.0167202642150848,,,,,1.0,1.0,1.0,0.0,0.0,0.0,0.0,0.0,0.0
2026-07-20,IndustrialLogistics,-0.0278793150538195,-0.25,-0.5,-1.0,-0.3333333333333333,10.0,10.0,7.833333333333333,0.0,1.0,1.0,0.0,1.0,0.3333333333333333
2026-07-20,RealEstate,-0.0138110174935179,0.2745098039215686,0.1818181818181818,2.0,2.8,31.0,31.0,29.7,3.0,7.0,1.0,3.0,7.0,0.2
2026-07-20,SteelMaterials,-0.0606649786237022,0.3636363636363636,0.0,0.0,0.8,11.0,11.0,10.2,1.0,1.0,1.0,1.0,1.0,0.2
2026-07-20,Technology,-0.026799245274272,-1.0,-1.0,-1.0,-0.2,3.0,3.0,2.2,0.0,0.0,1.0,0.0,0.0,0.2
2026-07-20,Utilities,-0.0257599792117143,0.0,0.0,0.0,0.0,30.0,30.0,23.5,0.0,2.0,0.0,0.0,1.5,0.0
2026-07-21,Banking,-0.0007298355748397,,,,,10.0,10.0,9.0,0.0,0.0,0.0,0.0,0.0,0.0
2026-07-21,ConsumerDiscretionary,-0.0162714553030831,,,,,11.0,11.0,9.0,0.0,0.0,0.0,0.0,0.0,0.0
2026-07-21,ConsumerStaples,-0.0021646251495592,,,,,4.0,4.0,4.0,0.0,0.0,0.0,0.0,0.0,0.0
2026-07-21,Energy,-0.0530974475726855,,,,,9.0,9.0,8.5,0.0,0.0,0.0,0.0,0.0,0.0
2026-07-21,Healthcare,-0.0011808331823598,,,,,,,,,,,,,
2026-07-21,IndustrialLogistics,-0.0033333333333333,,,,,8.0,8.0,7.5,0.0,0.0,0.0,0.0,0.0,0.0
2026-07-21,RealEstate,-0.001292278483747,,,,,12.0,12.0,12.0,0.0,0.0,0.0,0.0,0.0,0.0
2026-07-21,SteelMaterials,0.0033114837059866,,,,,2.0,2.0,2.0,0.0,0.0,0.0,0.0,0.0,0.0
2026-07-21,Technology,-0.0217073457971228,,,,,1.0,1.0,0.5,0.0,0.0,0.0,0.0,0.0,0.0
2026-07-21,Utilities,0.0155231869340779,,,,,14.0,14.0,11.5,0.0,0.0,0.0,0.0,0.0,0.0
2026-07-22,Banking,-0.0343661821600596,,,,,8.0,8.0,7.5,0.0,0.0,0.0,0.0,0.0,0.0
2026-07-22,ConsumerDiscretionary,-0.0572178570973572,,,,,10.0,10.0,8.5,0.0,0.0,0.0,0.0,0.0,0.0
2026-07-22,ConsumerStaples,-0.0014439100966359,,,,,6.0,6.0,5.0,0.0,0.0,0.0,0.0,0.0,0.0
2026-07-22,Energy,-0.0346158556388273,,,,,9.0,9.0,8.5,0.0,0.0,0.0,0.0,0.0,0.0
2026-07-22,Healthcare,-0.0051055649126388,,,,,,,,,,,,,
2026-07-22,IndustrialLogistics,-0.0246490616318304,,,,,5.0,5.0,4.5,0.0,0.0,0.0,0.0,0.0,0.0
2026-07-22,RealEstate,-0.0465324908602375,,,,,6.0,6.0,4.5,0.0,0.0,0.0,0.0,0.0,0.0
2026-07-22,SteelMaterials,-0.0047621217644914,,,,,2.0,2.0,2.0,0.0,0.0,0.0,0.0,0.0,0.0
2026-07-22,Technology,-0.0075477650823573,,,,,1.0,1.0,1.0,0.0,0.0,0.0,0.0,0.0,0.0
2026-07-22,Utilities,-0.029082975313139,,,,,12.0,12.0,9.5,0.0,0.0,0.0,0.0,0.0,0.0
2026-07-23,Banking,-0.0011970144405017,,,,,10.0,10.0,9.0,0.0,0.0,0.0,0.0,0.0,0.0
2026-07-23,ConsumerDiscretionary,-0.0153458648520052,,,,,16.0,16.0,13.166666666666666,0.0,0.0,0.0,0.0,0.0,0.0
2026-07-23,ConsumerStaples,-0.0065070437278926,,,,,2.0,2.0,1.5,0.0,0.0,0.0,0.0,0.0,0.0
2026-07-23,Energy,0.0380476127811303,,,,,11.0,11.0,9.833333333333332,0.0,0.0,0.0,0.0,0.0,0.0
2026-07-23,Healthcare,-0.0143634020301046,,,,,1.0,1.0,1.0,0.0,0.0,0.0,0.0,0.0,0.0
2026-07-23,IndustrialLogistics,0.0036921467894126,,,,,10.0,10.0,8.833333333333332,0.0,0.0,0.0,0.0,0.0,0.0
2026-07-23,RealEstate,0.0356691249813466,,,,,7.0,7.0,6.5,0.0,0.0,0.0,0.0,0.0,0.0
2026-07-23,SteelMaterials,0.0063798054644736,,,,,7.0,7.0,7.0,0.0,0.0,0.0,0.0,0.0,0.0
2026-07-23,Technology,0.0131158542081909,,,,,1.0,1.0,1.0,0.0,0.0,0.0,0.0,0.0,0.0
2026-07-23,Utilities,0.0161379614435702,,,,,13.0,13.0,9.166666666666666,0.0,0.0,0.0,0.0,0.0,0.0
2026-07-24,Banking,4.356048532753546e-05,,,,,5.0,5.0,5.0,0.0,0.0,0.0,0.0,0.0,0.0
2026-07-24,ConsumerDiscretionary,-0.0515204909273184,,,,,11.0,11.0,8.333333333333332,0.0,0.0,0.0,0.0,0.0,0.0
2026-07-24,ConsumerStaples,0.0023356544838031,,,,,2.0,2.0,0.8333333333333333,0.0,0.0,0.0,0.0,0.0,0.0
2026-07-24,Energy,0.0149923863998755,,,,,6.0,6.0,4.333333333333333,0.0,0.0,0.0,0.0,0.0,0.0
2026-07-24,Healthcare,0.0020122937765755,,,,,1.0,1.0,1.0,0.0,0.0,0.0,0.0,0.0,0.0
2026-07-24,IndustrialLogistics,0.0021454958795112,,,,,9.0,9.0,8.5,0.0,0.0,0.0,0.0,0.0,0.0
2026-07-24,RealEstate,0.0001093055806426,,,,,12.0,12.0,11.5,0.0,0.0,0.0,0.0,0.0,0.0
2026-07-24,SteelMaterials,-0.0047319556753519,,,,,2.0,2.0,2.0,0.0,0.0,0.0,0.0,0.0,0.0
2026-07-24,Technology,-0.013945053757489,,,,,1.0,1.0,0.3333333333333333,0.0,0.0,0.0,0.0,0.0,0.0
2026-07-24,Utilities,-0.0064497529958064,,,,,8.0,8.0,5.166666666666666,0.0,0.0,0.0,0.0,0.0,0.0
2026-07-27,Banking,-0.0155569663020308,,,,,18.0,18.0,16.333333333333332,0.0,0.0,0.0,0.0,0.0,0.0
2026-07-27,ConsumerDiscretionary,-0.0032249402229752,,,,,29.0,29.0,21.5,0.0,0.0,0.0,0.0,0.0,0.0
2026-07-27,ConsumerStaples,-0.0049698128968003,,,,,7.0,7.0,5.833333333333333,0.0,0.0,0.0,0.0,0.0,0.0
2026-07-27,Energy,-0.0235679750118488,,,,,24.0,24.0,21.0,0.0,0.0,0.0,0.0,0.0,0.0
2026-07-27,Healthcare,-0.0112061619502598,,,,,3.0,3.0,2.5,0.0,0.0,0.0,0.0,0.0,0.0
2026-07-27,IndustrialLogistics,-0.0140897473913105,,,,,12.0,12.0,11.5,0.0,0.0,0.0,0.0,0.0,0.0
2026-07-27,RealEstate,-0.0032452195286545,,,,,18.0,18.0,17.0,0.0,0.0,0.0,0.0,0.0,0.0
2026-07-27,SteelMaterials,-0.023145312290049,,,,,9.0,9.0,7.0,0.0,0.0,0.0,0.0,0.0,0.0
2026-07-27,Technology,-0.0284455393124405,,,,,7.0,7.0,5.5,0.0,0.0,0.0,0.0,0.0,0.0
2026-07-27,Utilities,-0.006875208805894,,,,,32.0,32.0,22.83333333333333,0.0,0.0,0.0,0.0,0.0,0.0
2026-07-28,Banking,0.0073130432138428,,,,,8.0,8.0,7.0,0.0,0.0,0.0,0.0,0.0,0.0
2026-07-28,ConsumerDiscretionary,0.0155118500614746,,,,,6.0,6.0,4.5,0.0,0.0,0.0,0.0,0.0,0.0
2026-07-28,ConsumerStaples,0.0157362934506257,,,,,5.0,5.0,4.0,0.0,0.0,0.0,0.0,0.0,0.0
2026-07-28,Energy,0.0003709676545934,,,,,11.0,11.0,9.5,0.0,0.0,0.0,0.0,0.0,0.0
2026-07-28,Healthcare,-0.0058746886593074,,,,,,,,,,,,,
2026-07-28,IndustrialLogistics,0.0054808981935538,,,,,3.0,3.0,3.0,0.0,0.0,0.0,0.0,0.0,0.0
2026-07-28,RealEstate,0.0093201402008455,,,,,6.0,6.0,5.5,0.0,0.0,0.0,0.0,0.0,0.0
2026-07-28,SteelMaterials,0.0319268295014562,,,,,7.0,7.0,7.0,0.0,0.0,0.0,0.0,0.0,0.0
2026-07-28,Technology,0.006432326186878,,,,,4.0,4.0,3.0,0.0,0.0,0.0,0.0,0.0,0.0
2026-07-28,Utilities,-0.0062026697097786,,,,,15.0,15.0,12.5,0.0,0.0,0.0,0.0,0.0,0.0
2026-07-29,Banking,0.010452257265049,,,,,10.0,10.0,8.0,0.0,0.0,0.0,0.0,0.0,0.0
2026-07-29,ConsumerDiscretionary,0.0267084819032317,,,,,9.0,9.0,7.0,0.0,0.0,0.0,0.0,0.0,0.0
2026-07-29,ConsumerStaples,0.0041225279442014,,,,,5.0,5.0,5.0,0.0,0.0,0.0,0.0,0.0,0.0
2026-07-29,Energy,0.0079475128623898,,,,,17.0,17.0,14.0,0.0,0.0,0.0,0.0,0.0,0.0
2026-07-29,Healthcare,0.0216913124020915,,,,,1.0,1.0,1.0,0.0,0.0,0.0,0.0,0.0,0.0
2026-07-29,IndustrialLogistics,0.0036357705295753,,,,,7.0,7.0,6.0,0.0,0.0,0.0,0.0,0.0,0.0
2026-07-29,RealEstate,0.0266269516502316,,,,,6.0,6.0,5.5,0.0,0.0,0.0,0.0,0.0,0.0
2026-07-29,SteelMaterials,0.0245217717789993,,,,,3.0,3.0,2.5,0.0,0.0,0.0,0.0,0.0,0.0
2026-07-29,Technology,0.0165126959330397,,,,,4.0,4.0,3.0,0.0,0.0,0.0,0.0,0.0,0.0
2026-07-29,Utilities,0.0061311816125679,,,,,11.0,11.0,8.0,0.0,0.0,0.0,0.0,0.0,0.0
2026-07-30,Banking,0.0410705126164552,,,,,6.0,6.0,6.0,0.0,0.0,0.0,0.0,0.0,0.0
2026-07-30,ConsumerDiscretionary,0.0248407656583829,,,,,7.0,7.0,5.5,0.0,0.0,0.0,0.0,0.0,0.0
2026-07-30,ConsumerStaples,0.0178116851988261,,,,,5.0,5.0,4.5,0.0,0.0,0.0,0.0,0.0,0.0
2026-07-30,Energy,0.02206407920883,,,,,3.0,3.0,2.5,0.0,0.0,0.0,0.0,0.0,0.0
2026-07-30,Healthcare,0.006794976054938,,,,,,,,,,,,,
2026-07-30,IndustrialLogistics,0.0281145325409388,,,,,4.0,4.0,4.0,0.0,0.0,0.0,0.0,0.0,0.0
2026-07-30,RealEstate,0.0236121514214403,,,,,11.0,11.0,9.5,0.0,0.0,0.0,0.0,0.0,0.0
2026-07-30,SteelMaterials,0.0162504029078264,,,,,1.0,1.0,1.0,0.0,0.0,0.0,0.0,0.0,0.0
2026-07-30,Technology,0.0263946264371931,,,,,2.0,2.0,1.5,0.0,0.0,0.0,0.0,0.0,0.0
2026-07-30,Utilities,0.0187379957745126,,,,,14.0,14.0,11.5,0.0,0.0,0.0,0.0,0.0,0.0
2026-07-31,Banking,0.0270421125529235,,,,,8.0,8.0,8.0,0.0,0.0,0.0,0.0,0.0,0.0
2026-07-31,ConsumerDiscretionary,-0.0139938184566672,,,,,11.0,11.0,9.5,0.0,0.0,0.0,0.0,0.0,0.0
2026-07-31,ConsumerStaples,-0.0093184374958276,,,,,1.0,1.0,0.5,0.0,0.0,0.0,0.0,0.0,0.0
2026-07-31,Energy,-0.0190828408606261,,,,,6.0,6.0,5.0,0.0,0.0,0.0,0.0,0.0,0.0
2026-07-31,Healthcare,-0.0086748633879781,,,,,,,,,,,,,
2026-07-31,IndustrialLogistics,0.0004548870409219,,,,,6.0,6.0,5.5,0.0,0.0,0.0,0.0,0.0,0.0
2026-07-31,RealEstate,-0.0084886389247444,,,,,6.0,6.0,5.5,0.0,0.0,0.0,0.0,0.0,0.0
2026-07-31,SteelMaterials,-0.0121497644433425,,,,,6.0,6.0,5.0,0.0,0.0,0.0,0.0,0.0,0.0
2026-07-31,Technology,0.0130303385378388,,,,,4.0,4.0,3.0,0.0,0.0,0.0,0.0,0.0,0.0
2026-07-31,Utilities,0.0056051664133529,,,,,11.0,11.0,10.0,0.0,0.0,0.0,0.0,0.0,0.0
2026-08-03,Banking,0.0214095884057165,,,,,23.0,23.0,20.75,0.0,0.0,0.0,0.0,0.0,0.0
2026-08-03,ConsumerDiscretionary,0.0396153049848098,,,,,19.0,19.0,16.333333333333332,0.0,0.0,0.0,0.0,0.0,0.0
2026-08-03,ConsumerStaples,0.0168734897599833,,,,,4.0,4.0,3.0,0.0,0.0,0.0,0.0,0.0,0.0
2026-08-03,Energy,0.0256779859660454,,,,,16.0,16.0,13.5,0.0,0.0,0.0,0.0,0.0,0.0
2026-08-03,Healthcare,0.0283137069273141,,,,,5.0,5.0,4.5,0.0,0.0,0.0,0.0,0.0,0.0
2026-08-03,IndustrialLogistics,0.0131288075250189,,,,,11.0,11.0,9.083333333333334,0.0,0.0,0.0,0.0,0.0,0.0
2026-08-03,RealEstate,0.001908485336957,,,,,15.0,15.0,12.25,0.0,0.0,0.0,0.0,0.0,0.0
2026-08-03,SteelMaterials,0.0299774177225745,,,,,3.0,3.0,1.75,0.0,0.0,0.0,0.0,0.0,0.0
2026-08-03,Technology,0.0484569442477323,,,,,6.0,6.0,4.5,0.0,0.0,0.0,0.0,0.0,0.0
2026-08-03,Utilities,0.0309286617872955,,,,,26.0,26.0,19.33333333333333,0.0,0.0,0.0,0.0,0.0,0.0
2026-08-04,Banking,-0.0060033828994678,,,,,10.0,10.0,10.0,0.0,0.0,0.0,0.0,0.0,0.0
2026-08-04,ConsumerDiscretionary,0.0442300894484091,,,,,8.0,8.0,6.5,0.0,0.0,0.0,0.0,0.0,0.0
2026-08-04,ConsumerStaples,-0.0012126728168494,,,,,2.0,2.0,2.0,0.0,0.0,0.0,0.0,0.0,0.0
2026-08-04,Energy,-0.0065677538021698,,,,,6.0,6.0,4.5,0.0,0.0,0.0,0.0,0.0,0.0
2026-08-04,Healthcare,-0.0087510544537486,,,,,1.0,1.0,1.0,0.0,0.0,0.0,0.0,0.0,0.0
2026-08-04,IndustrialLogistics,-0.0075940337224383,,,,,3.0,3.0,3.0,0.0,0.0,0.0,0.0,0.0,0.0
2026-08-04,RealEstate,0.0251978977853234,,,,,6.0,6.0,6.0,0.0,0.0,0.0,0.0,0.0,0.0
2026-08-04,SteelMaterials,-0.0148828523569585,,,,,4.0,4.0,4.0,0.0,0.0,0.0,0.0,0.0,0.0
2026-08-04,Technology,-0.0091241261353903,,,,,4.0,4.0,2.0,0.0,0.0,0.0,0.0,0.0,0.0
2026-08-04,Utilities,-0.0030858861572063,,,,,11.0,11.0,8.0,0.0,0.0,0.0,0.0,0.0,0.0
2026-08-05,Banking,-0.0038888888888889,,,,,7.0,7.0,6.0,0.0,0.0,0.0,0.0,0.0,0.0
2026-08-05,ConsumerDiscretionary,0.0197115835766608,,,,,6.0,6.0,6.0,0.0,0.0,0.0,0.0,0.0,0.0
2026-08-05,ConsumerStaples,-0.0160636581236143,,,,,2.0,2.0,0.8333333333333333,0.0,0.0,0.0,0.0,0.0,0.0
2026-08-05,Energy,0.0071349234356797,,,,,10.0,10.0,8.333333333333332,0.0,0.0,0.0,0.0,0.0,0.0
2026-08-05,Healthcare,0.0110910667425364,,,,,1.0,1.0,1.0,0.0,0.0,0.0,0.0,0.0,0.0
2026-08-05,IndustrialLogistics,-0.0099979931455708,,,,,5.0,5.0,5.0,0.0,0.0,0.0,0.0,0.0,0.0
2026-08-05,RealEstate,0.0157139223330607,,,,,7.0,7.0,7.0,0.0,0.0,0.0,0.0,0.0,0.0
2026-08-05,SteelMaterials,-0.0022851390274642,,,,,2.0,2.0,1.0,0.0,0.0,0.0,0.0,0.0,0.0
2026-08-05,Technology,0.0086106919257519,,,,,1.0,1.0,1.0,0.0,0.0,0.0,0.0,0.0,0.0
2026-08-05,Utilities,-0.0117108416231268,,,,,8.0,8.0,5.833333333333333,0.0,0.0,0.0,0.0,0.0,0.0
2026-08-06,Banking,-0.0078563223118152,,,,,5.0,5.0,5.0,0.0,0.0,0.0,0.0,0.0,0.0
2026-08-06,ConsumerDiscretionary,-0.0101325413904672,,,,,8.0,8.0,7.0,0.0,0.0,0.0,0.0,0.0,0.0
2026-08-06,ConsumerStaples,-0.0064521646219598,,,,,4.0,4.0,3.5,0.0,0.0,0.0,0.0,0.0,0.0
2026-08-06,Energy,-0.0114546135804651,,,,,11.0,11.0,11.0,0.0,0.0,0.0,0.0,0.0,0.0
2026-08-06,Healthcare,-0.0009057971014492,,,,,1.0,1.0,1.0,0.0,0.0,0.0,0.0,0.0,0.0
2026-08-06,IndustrialLogistics,0.011818998684961,,,,,7.0,7.0,6.5,0.0,0.0,0.0,0.0,0.0,0.0
2026-08-06,RealEstate,-0.0039999658027588,,,,,8.0,8.0,8.0,0.0,0.0,0.0,0.0,0.0,0.0
2026-08-06,SteelMaterials,-0.0052757302757302,,,,,6.0,6.0,6.0,0.0,0.0,0.0,0.0,0.0,0.0
2026-08-06,Technology,-0.0089877513450523,,,,,3.0,3.0,2.0,0.0,0.0,0.0,0.0,0.0,0.0
2026-08-06,Utilities,-0.0116635299986734,,,,,11.0,11.0,9.0,0.0,0.0,0.0,0.0,0.0,0.0
2026-08-07,Banking,0.0263317628500151,,,,,11.0,11.0,9.5,0.0,0.0,0.0,0.0,0.0,0.0
2026-08-07,ConsumerDiscretionary,-0.0100515559254635,,,,,16.0,16.0,14.5,0.0,0.0,0.0,0.0,0.0,0.0
2026-08-07,ConsumerStaples,0.0294695840559394,,,,,4.0,4.0,2.5,0.0,0.0,0.0,0.0,0.0,0.0
2026-08-07,Energy,0.0508385263847084,,,,,4.0,4.0,2.5,0.0,0.0,0.0,0.0,0.0,0.0
2026-08-07,Healthcare,0.00282014174923,,,,,,,,,,,,,
2026-08-07,IndustrialLogistics,0.020561150076829,,,,,4.0,4.0,4.0,0.0,0.0,0.0,0.0,0.0,0.0
2026-08-07,RealEstate,-0.0186488700101821,,,,,12.0,12.0,11.0,0.0,0.0,0.0,0.0,0.0,0.0
2026-08-07,SteelMaterials,0.002260271158059,,,,,4.0,4.0,4.0,0.0,0.0,0.0,0.0,0.0,0.0
2026-08-07,Technology,0.0065514606822216,,,,,1.0,1.0,0.5,0.0,0.0,0.0,0.0,0.0,0.0
2026-08-07,Utilities,0.0061175539116589,,,,,17.0,17.0,14.5,0.0,0.0,0.0,0.0,0.0,0.0
2026-08-10,Banking,0.0102573761860619,,,,,17.0,17.0,15.0,0.0,0.0,0.0,0.0,0.0,0.0
2026-08-10,ConsumerDiscretionary,0.0165409215965089,,,,,24.0,24.0,18.5,0.0,0.0,0.0,0.0,0.0,0.0
2026-08-10,ConsumerStaples,0.0150566956842902,,,,,5.0,5.0,3.5,0.0,0.0,0.0,0.0,0.0,0.0
2026-08-10,Energy,0.041283647644083,,,,,10.0,10.0,9.5,0.0,0.0,0.0,0.0,0.0,0.0
2026-08-10,Healthcare,0.006410912757949,,,,,1.0,1.0,1.0,0.0,0.0,0.0,0.0,0.0,0.0
2026-08-10,IndustrialLogistics,0.0121864935461289,,,,,5.0,5.0,4.5,0.0,0.0,0.0,0.0,0.0,0.0
2026-08-10,RealEstate,-0.0164702134437719,,,,,8.0,8.0,6.5,0.0,0.0,0.0,0.0,0.0,0.0
2026-08-10,SteelMaterials,0.0106912011836772,,,,,6.0,6.0,6.0,0.0,0.0,0.0,0.0,0.0,0.0
2026-08-10,Technology,0.0158827257350004,,,,,4.0,4.0,3.5,0.0,0.0,0.0,0.0,0.0,0.0
2026-08-10,Utilities,0.0127885818975531,,,,,34.0,34.0,28.0,0.0,0.0,0.0,0.0,0.0,0.0
2026-08-11,Banking,-0.0111812970300415,,,,,9.0,9.0,8.5,0.0,0.0,0.0,0.0,0.0,0.0
2026-08-11,ConsumerDiscretionary,-0.0022555051364642,,,,,11.0,11.0,8.0,0.0,0.0,0.0,0.0,0.0,0.0
2026-08-11,ConsumerStaples,-0.0095841683657606,,,,,3.0,3.0,3.0,0.0,0.0,0.0,0.0,0.0,0.0
2026-08-11,Energy,-0.0185414388713717,,,,,7.0,7.0,6.5,0.0,0.0,0.0,0.0,0.0,0.0
2026-08-11,Healthcare,-0.0053673450927181,,,,,,,,,,,,,
2026-08-11,IndustrialLogistics,-0.0126574306713976,,,,,3.0,3.0,2.5,0.0,0.0,0.0,0.0,0.0,0.0
2026-08-11,RealEstate,-0.006065538630548,,,,,,,,,,,,,
2026-08-11,SteelMaterials,-0.0007541478129713,,,,,4.0,4.0,2.833333333333333,0.0,0.0,0.0,0.0,0.0,0.0
2026-08-11,Technology,-0.0081781077503313,,,,,2.0,2.0,1.3333333333333333,0.0,0.0,0.0,0.0,0.0,0.0
2026-08-11,Utilities,-0.0040843240560399,,,,,18.0,18.0,13.333333333333332,0.0,0.0,0.0,0.0,0.0,0.0
2026-08-12,Banking,-0.0003143598076171,,,,,13.0,13.0,12.5,0.0,0.0,0.0,0.0,0.0,0.0
2026-08-12,ConsumerDiscretionary,0.0043408807269426,,,,,10.0,10.0,8.5,0.0,0.0,0.0,0.0,0.0,0.0
2026-08-12,ConsumerStaples,0.0041677599296759,,,,,3.0,3.0,3.0,0.0,0.0,0.0,0.0,0.0,0.0
2026-08-12,Energy,0.0203684263161918,,,,,6.0,6.0,5.0,0.0,0.0,0.0,0.0,0.0,0.0
2026-08-12,Healthcare,0.001661063719765,,,,,,,,,,,,,
2026-08-12,IndustrialLogistics,0.0017514910338134,,,,,2.0,2.0,2.0,0.0,0.0,0.0,0.0,0.0,0.0
2026-08-12,RealEstate,0.0190505016236663,,,,,4.0,4.0,3.5,0.0,0.0,0.0,0.0,0.0,0.0
2026-08-12,SteelMaterials,0.000755857898715,,,,,2.0,2.0,2.0,0.0,0.0,0.0,0.0,0.0,0.0
2026-08-12,Technology,-0.0049818326038975,,,,,8.0,8.0,7.0,0.0,0.0,0.0,0.0,0.0,0.0
2026-08-12,Utilities,0.0016093474426807,,,,,17.0,17.0,14.5,0.0,0.0,0.0,0.0,0.0,0.0
2026-08-13,Banking,-0.0050819430819536,,,,,10.0,10.0,10.0,0.0,0.0,0.0,0.0,0.0,0.0
2026-08-13,ConsumerDiscretionary,0.0180554288675091,,,,,15.0,15.0,14.0,0.0,0.0,0.0,0.0,0.0,0.0
2026-08-13,ConsumerStaples,-0.0023343624881715,,,,,1.0,1.0,0.5,0.0,0.0,0.0,0.0,0.0,0.0
2026-08-13,Energy,-0.0254270258757837,,,,,9.0,9.0,8.5,0.0,0.0,0.0,0.0,0.0,0.0
2026-08-13,Healthcare,0.0006684776440084,,,,,1.0,1.0,1.0,0.0,0.0,0.0,0.0,0.0,0.0
2026-08-13,IndustrialLogistics,-0.0023583498999828,,,,,5.0,5.0,5.0,0.0,0.0,0.0,0.0,0.0,0.0
2026-08-13,RealEstate,-0.0244790676831749,,,,,4.0,4.0,3.5,0.0,0.0,0.0,0.0,0.0,0.0
2026-08-13,SteelMaterials,-0.0166136761691267,,,,,3.0,3.0,3.0,0.0,0.0,0.0,0.0,0.0,0.0
2026-08-13,Technology,-0.0198207618187944,,,,,3.0,3.0,2.5,0.0,0.0,0.0,0.0,0.0,0.0
2026-08-13,Utilities,-0.0130140399127856,,,,,7.0,7.0,6.0,0.0,0.0,0.0,0.0,0.0,0.0
2026-08-14,Banking,-0.0179937340633009,,,,,8.0,8.0,7.0,0.0,0.0,0.0,0.0,0.0,0.0
2026-08-14,ConsumerDiscretionary,-0.0060770728823199,,,,,15.0,15.0,15.0,0.0,0.0,0.0,0.0,0.0,0.0
2026-08-14,ConsumerStaples,-0.0104088023935352,,,,,2.0,2.0,1.5,0.0,0.0,0.0,0.0,0.0,0.0
2026-08-14,Energy,-0.0196271980605918,,,,,7.0,7.0,7.0,0.0,0.0,0.0,0.0,0.0,0.0
2026-08-14,Healthcare,-0.0094285127673203,,,,,,,,,,,,,
2026-08-14,IndustrialLogistics,-0.0024879817123485,,,,,2.0,2.0,1.5,0.0,0.0,0.0,0.0,0.0,0.0
2026-08-14,RealEstate,-0.0324694472305996,,,,,4.0,4.0,4.0,0.0,0.0,0.0,0.0,0.0,0.0
2026-08-14,SteelMaterials,-0.0191268177222884,,,,,2.0,2.0,2.0,0.0,0.0,0.0,0.0,0.0,0.0
2026-08-14,Technology,-0.0174778892177844,,,,,2.0,2.0,2.0,0.0,0.0,0.0,0.0,0.0,0.0
2026-08-14,Utilities,-0.0165937590166435,,,,,9.0,9.0,7.0,0.0,0.0,0.0,0.0,0.0,0.0
2026-08-17,Banking,-0.0002483613065275,,,,,23.0,23.0,19.5,0.0,0.0,0.0,0.0,0.0,0.0
2026-08-17,ConsumerDiscretionary,-7.911545932814956e-05,,,,,26.0,26.0,20.0,0.0,0.0,0.0,0.0,0.0,0.0
2026-08-17,ConsumerStaples,0.0095746027767844,,,,,2.0,2.0,2.0,0.0,0.0,0.0,0.0,0.0,0.0
2026-08-17,Energy,0.0215778795048113,,,,,9.0,9.0,8.0,0.0,0.0,0.0,0.0,0.0,0.0
2026-08-17,Healthcare,0.0050352567175268,,,,,,,,,,,,,
2026-08-17,IndustrialLogistics,0.0005203781984972,,,,,9.0,9.0,8.0,0.0,0.0,0.0,0.0,0.0,0.0
2026-08-17,RealEstate,-0.0052498776032839,,,,,20.0,20.0,18.5,0.0,0.0,0.0,0.0,0.0,0.0
2026-08-17,SteelMaterials,0.002375243936437,,,,,8.0,8.0,7.5,0.0,0.0,0.0,0.0,0.0,0.0
2026-08-17,Technology,0.0076095407423894,,,,,4.0,4.0,3.0,0.0,0.0,0.0,0.0,0.0,0.0
2026-08-17,Utilities,0.0015462928707471,,,,,30.0,30.0,22.5,0.0,0.0,0.0,0.0,0.0,0.0
2026-08-18,Banking,0.000312130263599,,,,,12.0,12.0,11.5,0.0,0.0,0.0,0.0,0.0,0.0
2026-08-18,ConsumerDiscretionary,-0.012149716770936,,,,,5.0,5.0,4.5,0.0,0.0,0.0,0.0,0.0,0.0
2026-08-18,ConsumerStaples,0.0029731241902615,,,,,6.0,6.0,6.0,0.0,0.0,0.0,0.0,0.0,0.0
2026-08-18,Energy,0.047992083057337,,,,,7.0,7.0,6.5,0.0,0.0,0.0,0.0,0.0,0.0
2026-08-18,Healthcare,0.0027173913043478,,,,,,,,,,,,,
2026-08-18,IndustrialLogistics,0.0136163915629197,,,,,5.0,5.0,5.0,0.0,0.0,0.0,0.0,0.0,0.0
2026-08-18,RealEstate,0.0082545888997502,,,,,5.0,5.0,4.5,0.0,0.0,0.0,0.0,0.0,0.0
2026-08-18,SteelMaterials,-0.0108824388211402,,,,,1.0,1.0,1.0,0.0,0.0,0.0,0.0,0.0,0.0
2026-08-18,Technology,0.0113060582078166,,,,,1.0,1.0,0.5,0.0,0.0,0.0,0.0,0.0,0.0
2026-08-18,Utilities,-0.0014635931211122,,,,,8.0,8.0,6.5,0.0,0.0,0.0,0.0,0.0,0.0
2026-08-19,Banking,-0.0120369358374167,,,,,11.0,11.0,10.5,0.0,0.0,0.0,0.0,0.0,0.0
2026-08-19,ConsumerDiscretionary,0.0130729467382786,,,,,9.0,9.0,7.5,0.0,0.0,0.0,0.0,0.0,0.0
2026-08-19,ConsumerStaples,0.0004919089246444,,,,,2.0,2.0,1.5,0.0,0.0,0.0,0.0,0.0,0.0
2026-08-19,Energy,0.0002961689853917,,,,,10.0,10.0,8.5,0.0,0.0,0.0,0.0,0.0,0.0
2026-08-19,Healthcare,0.0028503688199585,,,,,1.0,1.0,1.0,0.0,0.0,0.0,0.0,0.0,0.0
2026-08-19,IndustrialLogistics,0.0002173079393876,,,,,5.0,5.0,4.5,0.0,0.0,0.0,0.0,0.0,0.0
2026-08-19,RealEstate,-0.0055322006189058,,,,,11.0,11.0,10.0,0.0,0.0,0.0,0.0,0.0,0.0
2026-08-19,SteelMaterials,2.994908655288657e-05,,,,,3.0,3.0,3.0,0.0,0.0,0.0,0.0,0.0,0.0
2026-08-19,Technology,-0.0113314955106986,,,,,1.0,1.0,0.5,0.0,0.0,0.0,0.0,0.0,0.0
2026-08-19,Utilities,0.0021576229396469,,,,,9.0,9.0,8.0,0.0,0.0,0.0,0.0,0.0,0.0
2026-08-20,Banking,0.0080245158645676,,,,,13.0,13.0,11.333333333333334,0.0,0.0,0.0,0.0,0.0,0.0
2026-08-20,ConsumerDiscretionary,0.0172477116423669,,,,,4.0,4.0,3.0,0.0,0.0,0.0,0.0,0.0,0.0
2026-08-20,ConsumerStaples,0.0198244424202511,,,,,3.0,3.0,2.5,0.0,0.0,0.0,0.0,0.0,0.0
2026-08-20,Energy,-0.0008095311656722,,,,,5.0,5.0,4.5,0.0,0.0,0.0,0.0,0.0,0.0
2026-08-20,Healthcare,-0.0026563313167777,,,,,2.0,2.0,1.3333333333333333,0.0,0.0,0.0,0.0,0.0,0.0
2026-08-20,IndustrialLogistics,-0.0066686980135565,,,,,7.0,7.0,6.0,0.0,0.0,0.0,0.0,0.0,0.0
2026-08-20,RealEstate,0.0052629040038592,,,,,13.0,13.0,12.0,0.0,0.0,0.0,0.0,0.0,0.0
2026-08-20,SteelMaterials,-0.0007861635220126,,,,,3.0,3.0,1.3333333333333333,0.0,0.0,0.0,0.0,0.0,0.0
2026-08-20,Technology,0.013251480818678,,,,,5.0,5.0,3.333333333333333,0.0,0.0,0.0,0.0,0.0,0.0
2026-08-20,Utilities,0.0001555432758232,,,,,19.0,19.0,15.666666666666666,0.0,0.0,0.0,0.0,0.0,0.0
2026-08-21,Banking,0.0252218009094367,,,,,7.0,7.0,6.5,0.0,0.0,0.0,0.0,0.0,0.0
2026-08-21,ConsumerDiscretionary,0.0361225729272786,,,,,7.0,7.0,5.5,0.0,0.0,0.0,0.0,0.0,0.0
2026-08-21,ConsumerStaples,0.0072794297601566,,,,,3.0,3.0,3.0,0.0,0.0,0.0,0.0,0.0,0.0
2026-08-21,Energy,0.0023598251946113,,,,,8.0,8.0,7.5,0.0,0.0,0.0,0.0,0.0,0.0
2026-08-21,Healthcare,0.0046839930642902,,,,,3.0,3.0,3.0,0.0,0.0,0.0,0.0,0.0,0.0
2026-08-21,IndustrialLogistics,0.0129373667554081,,,,,5.0,5.0,5.0,0.0,0.0,0.0,0.0,0.0,0.0
2026-08-21,RealEstate,0.0244764127768615,,,,,9.0,9.0,8.0,0.0,0.0,0.0,0.0,0.0,0.0
2026-08-21,SteelMaterials,0.0292133160860579,,,,,5.0,5.0,5.0,0.0,0.0,0.0,0.0,0.0,0.0
2026-08-21,Technology,0.0251872018966581,,,,,4.0,4.0,3.0,0.0,0.0,0.0,0.0,0.0,0.0
2026-08-21,Utilities,0.010983036314814,,,,,14.0,14.0,10.5,0.0,0.0,0.0,0.0,0.0,0.0
2026-08-24,Banking,-0.0030648074320264,,,,,21.0,21.0,19.0,0.0,0.0,0.0,0.0,0.0,0.0
2026-08-24,ConsumerDiscretionary,0.0218681587690154,,,,,16.0,16.0,13.333333333333332,0.0,0.0,0.0,0.0,0.0,0.0
2026-08-24,ConsumerStaples,-0.0071654413863681,,,,,5.0,5.0,4.0,0.0,0.0,0.0,0.0,0.0,0.0
2026-08-24,Energy,0.020275257389401,,,,,12.0,12.0,10.0,0.0,0.0,0.0,0.0,0.0,0.0
2026-08-24,Healthcare,0.0183881710781703,,,,,1.0,1.0,1.0,0.0,0.0,0.0,0.0,0.0,0.0
2026-08-24,IndustrialLogistics,0.0049055877127147,,,,,8.0,8.0,8.0,0.0,0.0,0.0,0.0,0.0,0.0
2026-08-24,RealEstate,0.0283442130646214,,,,,19.0,19.0,16.0,0.0,0.0,0.0,0.0,0.0,0.0
2026-08-24,SteelMaterials,0.0237672458743781,,,,,4.0,4.0,3.5,0.0,0.0,0.0,0.0,0.0,0.0
2026-08-24,Technology,-0.0036574268105258,,,,,3.0,3.0,1.8333333333333333,0.0,0.0,0.0,0.0,0.0,0.0
2026-08-24,Utilities,-0.0016427734959614,,,,,22.0,22.0,19.33333333333333,0.0,0.0,0.0,0.0,0.0,0.0
