trade_date,sector,sector_return,ticker_count,missing_count
2024-01-03,Banking,0.015050081230039666,3,0
2024-01-04,Banking,0.016563775477936787,3,0
2024-01-05,Banking,0.012299554105559421,3,0
2024-01-08,Banking,0.022850158354184764,3,0
2024-01-09,Banking,0.006294032100639761,3,0
2024-01-10,Banking,0.02740921392878337,3,0
2024-01-11,Banking,-0.007059615710892493,3,0
2024-01-12,Banking,-0.0003059933226146801,3,0
2024-01-15,Banking,0.00806502979648116,3,0
2024-01-16,Banking,0.002175558077941675,3,0
2024-01-17,Banking,0.0002705483243142422,3,0
2024-01-18,Banking,0.009191907371376281,3,0
2024-01-19,Banking,0.033554111708372636,3,0
2024-01-22,Banking,-0.0020313832195168655,3,0
2024-01-23,Banking,-0.009005965722610365,3,0
2024-01-24,Banking,-0.006974241464629327,3,0
2024-01-25,Banking,-0.0031971655090161644,3,0
2024-01-26,Banking,0.007957979817470632,3,0
2024-01-29,Banking,-0.00247403811654745,3,0
2024-01-30,Banking,-0.0035104686876284616,3,0
2024-01-31,Banking,-0.020646488026401493,3,0
2024-02-01,Banking,0.006618981059618223,3,0
2024-02-02,Banking,-0.004260756282014573,3,0
2024-02-05,Banking,0.03448171838157369,3,0
2024-02-06,Banking,0.004089787881450794,3,0
2024-02-07,Banking,0.01356419966462948,3,0
2024-02-15,Banking,-0.005063599528673857,3,0
2024-02-16,Banking,-0.0015201528070017585,3,0
2024-02-19,Banking,0.008778689882200208,3,0
2024-02-20,Banking,0.0029994764703607326,3,0
2024-02-21,Banking,0.005155721230972521,3,0
2024-02-22,Banking,-0.004827695789794954,3,0
2024-02-23,Banking,0.00829485472134972,3,0
2024-02-26,Banking,0.016683253454388963,3,0
2024-02-27,Banking,0.007000368494784914,3,0
2024-02-28,Banking,0.026744354043755192,3,0
2024-02-29,Banking,-0.009579579952541181,3,0
2024-03-01,Banking,0.0037156701452017624,3,0
2024-03-04,Banking,-0.0007313709560900309,3,0
2024-03-05,Banking,0.007974127291403454,3,0
2024-03-06,Banking,-0.0028783725593456064,3,0
2024-03-07,Banking,-0.00877121818371803,3,0
2024-03-08,Banking,-0.02837127032681752,3,0
2024-03-11,Banking,-0.010685096053355103,3,0
2024-03-12,Banking,0.014261974420814338,3,0
2024-03-13,Banking,0.015824058663815938,3,0
2024-03-14,Banking,-0.015777186986456804,3,0
2024-03-15,Banking,0.002555882407894764,3,0
2024-03-18,Banking,-0.018738807858146522,3,0
2024-03-19,Banking,-0.004339153362260428,3,0
2024-03-20,Banking,0.02209534300544987,3,0
2024-03-21,Banking,0.012484550735385014,3,0
2024-03-22,Banking,0.0194049170873641,3,0
2024-03-25,Banking,-0.01907835707748799,3,0
2024-03-26,Banking,0.006897549733888046,3,0
2024-03-27,Banking,-0.002091338285977814,3,0
2024-03-28,Banking,0.002717777345098593,3,0
2024-03-29,Banking,-0.007919444895382544,3,0
2024-04-01,Banking,-0.0040700819103151415,3,0
2024-04-02,Banking,-0.0037145432416605395,3,0
2024-04-03,Banking,-0.01731633756110144,3,0
2024-04-04,Banking,0.002897189902701195,3,0
2024-04-05,Banking,-0.012598517326634973,3,0
2024-04-08,Banking,0.007161551966215078,3,0
2024-04-09,Banking,0.017638254183571123,3,0
2024-04-10,Banking,-0.009446334779229995,3,0
2024-04-11,Banking,0.00511545700835947,3,0
2024-04-12,Banking,0.02641674208601197,3,0
2024-04-15,Banking,-0.05508089978725735,3,0
2024-04-16,Banking,0.006499096866085519,3,0
2024-04-17,Banking,-0.029657599410002677,3,0
2024-04-19,Banking,-0.009575976233735073,3,0
2024-04-22,Banking,0.020015341129853887,3,0
2024-04-23,Banking,-0.014755404853514712,3,0
2024-04-24,Banking,0.021219590786984766,3,0
2024-04-25,Banking,-0.0007431338389046379,3,0
2024-04-26,Banking,-0.004036504421995583,3,0
2024-05-02,Banking,-0.0019616701332276407,3,0
2024-05-03,Banking,0.002660794346278269,3,0
2024-05-06,Banking,0.018811339852261428,3,0
2024-05-07,Banking,-0.0077119749369206625,3,0
2024-05-08,Banking,-0.002897371391880991,3,0
2024-05-09,Banking,-0.0008041261972072666,3,0
2024-05-10,Banking,-0.005283566008499552,3,0
2024-05-13,Banking,-0.012244651839262525,3,0
2024-05-14,Banking,-0.004892843616116009,3,0
2024-05-15,Banking,0.005393451823711833,3,0
2024-05-16,Banking,0.021429223048171853,3,0
2024-05-17,Banking,-0.005422961308112151,3,0
2024-05-20,Banking,0.004562119294545752,3,0
2024-05-21,Banking,0.0027609063761847574,3,0
2024-05-22,Banking,-0.009274960507339928,3,0
2024-05-23,Banking,0.0016226213207288787,3,0
2024-05-24,Banking,-0.012476107970856076,3,0
2024-05-27,Banking,-0.0031234000543203986,3,0
2024-05-28,Banking,0.0012234343631423543,3,0
2024-05-29,Banking,-0.012374529829502748,3,0
2024-05-30,Banking,-0.009061422042828485,3,0
2024-05-31,Banking,-0.008327939970662834,3,0
2024-06-03,Banking,0.012504371188639155,3,0
2024-06-04,Banking,0.006004844403697529,3,0
2024-06-05,Banking,-0.003443079129045475,3,0
2024-06-06,Banking,0.0046316343283305805,3,0
2024-06-07,Banking,-0.0009212369130273309,3,0
2024-06-10,Banking,0.004597552091821555,3,0
2024-06-11,Banking,-0.008119664250841615,3,0
2024-06-12,Banking,0.012684776639891501,3,0
2024-06-13,Banking,0.0059648862706932855,3,0
2024-06-14,Banking,-0.020130178913919255,3,0
2024-06-17,Banking,-0.009065863615489852,3,0
2024-06-18,Banking,-0.00406871609403255,3,0
2024-06-19,Banking,-0.0032363007482010633,3,0
2024-06-20,Banking,-0.009619633776846529,3,0
2024-06-21,Banking,0.000678097452291008,3,0
2024-06-24,Banking,-0.011962936507613597,3,0
2024-06-25,Banking,-0.00659875578885849,3,0
2024-06-26,Banking,-0.002013910569595286,3,0
2024-06-27,Banking,-0.002971768202080227,3,0
2024-06-28,Banking,-0.009550380911720113,3,0
2024-07-01,Banking,0.019163789221967525,3,0
2024-07-02,Banking,0.025467129718904635,3,0
2024-07-03,Banking,0.012049520769967273,3,0
2024-07-04,Banking,-0.0015979311034891586,3,0
2024-07-05,Banking,0.004124656278643446,3,0
2024-07-08,Banking,-0.006190692245830909,3,0
2024-07-09,Banking,0.00804816078634,3,0
2024-07-10,Banking,-0.005448903267043688,3,0
2024-07-11,Banking,-0.004617484399907353,3,0
2024-07-12,Banking,-0.005454320318572588,3,0
2024-07-15,Banking,0.000354708570209102,3,0
2024-07-16,Banking,0.010011198495284349,3,0
2024-07-17,Banking,0.011491159244203223,3,0
2024-07-18,Banking,0.007975756587037678,3,0
2024-07-19,Banking,-0.007826779740867465,3,0
2024-07-22,Banking,0.0032637435191236186,3,0
2024-07-23,Banking,-0.025044252994066245,3,0
2024-07-24,Banking,-0.0013098088837718569,3,0
2024-07-25,Banking,-0.008222402495392115,3,0
2024-07-26,Banking,0.0070429504244973185,3,0
2024-07-29,Banking,0.00665768062936604,3,0
2024-07-30,Banking,-0.002416874256016962,3,0
2024-07-31,Banking,0.012165769717930042,3,0
2024-08-01,Banking,-0.005737404925163947,3,0
2024-08-02,Banking,0.000569457080925447,3,0
2024-08-05,Banking,-0.03318873183794228,3,0
2024-08-06,Banking,0.010620197791732547,3,0
2024-08-07,Banking,-0.004602454891466083,3,0
2024-08-08,Banking,-0.004407986507192836,3,0
2024-08-09,Banking,0.020926849217675143,3,0
2024-08-12,Banking,0.003137816948428629,3,0
2024-08-13,Banking,0.006977650668664699,3,0
2024-08-14,Banking,-0.00322934707629167,3,0
2024-08-15,Banking,-0.0038405605204751003,3,0
2024-08-16,Banking,0.014772140141291246,3,0
2024-08-19,Banking,0.006945334112603119,3,0
2024-08-20,Banking,0.021860155919565544,3,0
2024-08-21,Banking,0.027242788426514064,3,0
2024-08-22,Banking,0.0005068805788359665,3,0
2024-08-23,Banking,0.004737598015196465,3,0
2024-08-26,Banking,-0.0068201684000179785,3,0
2024-08-27,Banking,-0.0033422479369067393,3,0
2024-08-28,Banking,-0.0010134033555902662,3,0
2024-08-29,Banking,0.00039050402725463823,3,0
2024-08-30,Banking,-0.001540285493337697,3,0
2024-09-04,Banking,0.00021553254571190136,3,0
2024-09-05,Banking,-0.007788813862140698,3,0
2024-09-06,Banking,0.009203941783916406,3,0
2024-09-09,Banking,-0.0022548744125111173,3,0
2024-09-10,Banking,-0.012712772319087962,3,0
2024-09-11,Banking,-0.003672068248235442,3,0
2024-09-12,Banking,0.004910940838211679,3,0
2024-09-13,Banking,-0.0004629686288247041,3,0
2024-09-16,Banking,-0.009229056816927131,3,0
2024-09-17,Banking,0.015615608095851016,3,0
2024-09-18,Banking,0.011257947440463564,3,0
2024-09-19,Banking,0.006086906579005162,3,0
2024-09-20,Banking,-0.0046062776779794605,3,0
2024-09-23,Banking,-0.002234695184538634,3,0
2024-09-24,Banking,0.0061990232676401025,3,0
2024-09-25,Banking,0.0105743690812626,3,0
2024-09-26,Banking,0.002609907458436663,3,0
2024-09-27,Banking,0.0061275391605257745,3,0
2024-09-30,Banking,-0.0049329995648071945,3,0
2024-10-01,Banking,-0.004139957264957306,3,0
2024-10-02,Banking,-0.0012222067137838133,3,0
2024-10-03,Banking,-0.0006361606779210863,3,0
2024-10-04,Banking,-0.008451110707547596,3,0
2024-10-07,Banking,-0.00036984964401494863,3,0
2024-10-08,Banking,-0.0032176323537463913,3,0
2024-10-09,Banking,0.005044871373025339,3,0
2024-10-10,Banking,0.005878961806164984,3,0
2024-10-11,Banking,-0.0029167718143959798,3,0
2024-10-14,Banking,-0.0021573634801119734,3,0
2024-10-15,Banking,0.004973237068858142,3,0
2024-10-16,Banking,0.0007829015736576425,3,0
2024-10-17,Banking,0.007861757083111357,3,0
2024-10-18,Banking,-0.0021214976112223414,3,0
2024-10-21,Banking,-0.01252627209368192,3,0
2024-10-22,Banking,-0.013051910288739754,3,0
2024-10-23,Banking,-0.0015405657829270132,3,0
2024-10-24,Banking,-0.003843862407820975,3,0
2024-10-25,Banking,-0.005510312488319864,3,0
2024-10-28,Banking,0.0017151583497658773,3,0
2024-10-29,Banking,0.002788715157688267,3,0
2024-10-30,Banking,-0.002057203715670789,3,0
2024-10-31,Banking,0.016358866618890817,3,0
2024-11-01,Banking,-0.001153995948162086,3,0
2024-11-04,Banking,-0.003110229801686922,3,0
2024-11-05,Banking,-0.00788042695219989,3,0
2024-11-06,Banking,0.013911415919220035,3,0
2024-11-07,Banking,-0.004778153987570939,3,0
2024-11-08,Banking,-0.010748316554768192,3,0
2024-11-11,Banking,-0.007461074928590457,3,0
2024-11-12,Banking,-0.006183849136226975,3,0
2024-11-13,Banking,-0.0002748065355192564,3,0
2024-11-14,Banking,-0.013813271161125887,3,0
2024-11-15,Banking,-0.01185737715770907,3,0
2024-11-18,Banking,-0.0024748344816381738,3,0
2024-11-19,Banking,-0.001887971369325207,3,0
2024-11-20,Banking,0.010599354698217415,3,0
2024-11-21,Banking,0.01299825803878285,3,0
2024-11-22,Banking,0.003016170797442245,3,0
2024-11-25,Banking,0.002495759690849068,3,0
2024-11-26,Banking,0.01085043814464326,3,0
2024-11-27,Banking,0.00045993834179517784,3,0
2024-11-28,Banking,0.00019782710691240712,3,0
2024-11-29,Banking,0.010545774308344061,3,0
2024-12-02,Banking,0.002291757951027984,3,0
2024-12-03,Banking,-0.006917196661943348,3,0
2024-12-04,Banking,-0.010349489237004184,3,0
2024-12-05,Banking,0.018619288148073638,3,0
2024-12-06,Banking,0.003520403510769062,3,0
2024-12-09,Banking,0.0064369164079144765,3,0
2024-12-10,Banking,-0.003331975173402483,3,0
2024-12-11,Banking,-0.005321736727473714,3,0
2024-12-12,Banking,0.0003522166355509985,3,0
2024-12-13,Banking,-0.002472525360569189,3,0
2024-12-16,Banking,0.0015193981841281994,3,0
2024-12-17,Banking,-0.0013634576403559473,3,0
2024-12-18,Banking,0.002123730763588109,3,0
2024-12-19,Banking,-0.005731915016961575,3,0
2024-12-20,Banking,-2.5541367773773693e-05,3,0
2024-12-23,Banking,0.002238812434513552,3,0
2024-12-24,Banking,-0.0058453478344251035,3,0
2024-12-25,Banking,0.024380760508191452,3,0
2024-12-26,Banking,0.001920148135448348,3,0
2024-12-27,Banking,0.006896037661385135,3,0
2024-12-30,Banking,-0.007581337115091087,3,0
2024-12-31,Banking,-0.01840068213650059,3,0
2025-01-02,Banking,0.010985031281635083,3,0
2025-01-03,Banking,-0.007387480116830066,3,0
2025-01-06,Banking,0.008394601571704833,3,0
2025-01-07,Banking,0.013932880464093836,3,0
2025-01-08,Banking,0.0029084885338915103,3,0
2025-01-09,Banking,-0.00858325916199143,3,0
2025-01-10,Banking,-0.00800545176221649,3,0
2025-01-13,Banking,0.005215211996025519,3,0
2025-01-14,Banking,-0.009765013898393052,3,0
2025-01-15,Banking,-0.0012924504724625512,3,0
2025-01-16,Banking,0.00697260408673787,3,0
2025-01-17,Banking,0.0037426503531839592,3,0
2025-01-20,Banking,0.0013085378985139655,3,0
2025-01-21,Banking,-0.0019256282171001098,3,0
2025-01-22,Banking,-0.00328263689481445,3,0
2025-01-23,Banking,0.015331352000008383,3,0
2025-01-24,Banking,0.000372689336571382,3,0
2025-02-03,Banking,-0.008172625182447471,3,0
2025-02-04,Banking,0.01536607280561797,3,0
2025-02-05,Banking,0.0014022580595689134,3,0
2025-02-06,Banking,0.004002959504248708,3,0
2025-02-07,Banking,0.01723347840805456,3,0
2025-02-10,Banking,-0.008255812986837086,3,0
2025-02-11,Banking,0.0030210241919914984,3,0
2025-02-12,Banking,-0.006701059942342639,3,0
2025-02-13,Banking,0.003189355224178033,3,0
2025-02-14,Banking,0.0030481464536331235,3,0
2025-02-17,Banking,-0.006959705881198319,3,0
2025-02-18,Banking,0.0036754221453555815,3,0
2025-02-19,Banking,0.004924151201965839,3,0
2025-02-20,Banking,0.003248015481900716,3,0
2025-02-21,Banking,0.010394039164263624,3,0
2025-02-24,Banking,0.006281787538355399,3,0
2025-02-25,Banking,-0.0023603598697321537,3,0
2025-02-26,Banking,-0.005489054199208236,3,0
2025-02-27,Banking,0.005301222224211329,3,0
2025-02-28,Banking,-0.0025305551068755725,3,0
2025-03-03,Banking,-0.0020216434772268124,3,0
2025-03-04,Banking,0.0005952435896332172,3,0
2025-03-05,Banking,-0.0043636649052613,3,0
2025-03-06,Banking,0.006554037619282305,3,0
2025-03-07,Banking,0.014584431576625478,3,0
2025-03-10,Banking,0.008346395848015295,3,0
2025-03-11,Banking,0.0011626555051738041,3,0
2025-03-12,Banking,0.006542788121139768,3,0
2025-03-13,Banking,-0.014465885292209454,3,0
2025-03-14,Banking,0.004163570363057885,3,0
2025-03-17,Banking,0.008448756938528645,3,0
2025-03-18,Banking,-0.009988623562911303,3,0
2025-03-19,Banking,-0.006802139515839818,3,0
2025-03-20,Banking,0.00200258938756089,3,0
2025-03-21,Banking,-0.006576773623774031,3,0
2025-03-24,Banking,0.0007438131400580398,3,0
2025-03-25,Banking,0.007662043748656311,3,0
2025-03-26,Banking,-0.007647021291537344,3,0
2025-03-27,Banking,-0.006450628687594384,3,0
2025-03-28,Banking,-0.005583051764671702,3,0
2025-03-31,Banking,-0.006273241118722554,3,0
2025-04-01,Banking,0.007968527387250216,3,0
2025-04-02,Banking,-0.00033284471713819946,3,0
2025-04-03,Banking,-0.0693405568734684,3,0
2025-04-04,Banking,-0.004716952821405125,3,0
2025-04-08,Banking,-0.06968749440722992,3,0
2025-04-09,Banking,-0.050581086659687934,3,0
2025-04-10,Banking,0.06917134492122042,3,0
2025-04-11,Banking,0.06251464402657492,3,0
2025-04-14,Banking,-0.0014504170598063453,3,0
2025-04-15,Banking,-0.005356171981803788,3,0
2025-04-16,Banking,-0.013321105128394276,3,0
2025-04-17,Banking,-0.007756253672785911,3,0
2025-04-18,Banking,0.0028710561350446806,3,0
2025-04-21,Banking,-0.007746077542562291,3,0
2025-04-22,Banking,-0.0010262334398247752,3,0
2025-04-23,Banking,0.0012225472987794639,3,0
2025-04-24,Banking,0.0030211928585793433,3,0
2025-04-25,Banking,-0.010470203455654192,3,0
2025-04-28,Banking,-0.006923934279926621,3,0
2025-04-29,Banking,0.0020953764011453213,3,0
2025-05-05,Banking,0.0029911215922326186,3,0
2025-05-06,Banking,0.0025938283967815723,3,0
2025-05-07,Banking,-0.0017292632042007483,3,0
2025-05-08,Banking,0.006602596449694816,3,0
2025-05-09,Banking,-0.006982018365686608,3,0
2025-05-12,Banking,0.005010197267493262,3,0
2025-05-13,Banking,0.01986034271578596,3,0
2025-05-14,Banking,0.0282648685236615,3,0
2025-05-15,Banking,0.0007597719048021423,3,0
2025-05-16,Banking,-0.020248575013429065,3,0
2025-05-19,Banking,-0.0055825456482232845,3,0
2025-05-20,Banking,0.004001765388154628,3,0
2025-05-21,Banking,-0.00037481259370316283,3,0
2025-05-22,Banking,-0.008225683882365812,3,0
2025-05-23,Banking,-0.0023928404107876147,3,0
2025-05-26,Banking,0.005007516961149945,3,0
2025-05-27,Banking,0.006098091216883354,3,0
2025-05-28,Banking,0.0013076985113872712,3,0
2025-05-29,Banking,-0.006586168647766806,3,0
2025-05-30,Banking,-0.010905205895186029,3,0
2025-06-02,Banking,-0.0030308470656315776,3,0
2025-06-03,Banking,0.006675994986128586,3,0
2025-06-04,Banking,-0.0030652017895488695,3,0
2025-06-05,Banking,-0.003625374792685173,3,0
2025-06-06,Banking,-0.006532714435179665,3,0
2025-06-09,Banking,-0.002826306341205953,3,0
2025-06-10,Banking,-0.0018151683266228735,3,0
2025-06-11,Banking,-0.0013564547241379232,3,0
2025-06-12,Banking,0.008499248165247497,3,0
2025-06-13,Banking,0.015701659654990967,3,0
2025-06-16,Banking,0.00851597826076104,3,0
2025-06-17,Banking,0.004404426203761469,3,0
2025-06-18,Banking,-0.006883335060313726,3,0
2025-06-19,Banking,0.005440862669582436,3,0
2025-06-20,Banking,0.009733803917611287,3,0
2025-06-23,Banking,-0.003963547496705799,3,0
2025-06-24,Banking,0.0029742620197415657,3,0
2025-06-25,Banking,-0.00010999357637512623,3,0
2025-06-26,Banking,-0.0009791025123162544,3,0
2025-06-27,Banking,0.005767252240998166,3,0
2025-06-30,Banking,0.003355938670555614,3,0
2025-07-01,Banking,0.009718002005106788,3,0
2025-07-02,Banking,-0.0029550467080463236,3,0
2025-07-03,Banking,0.0034031863494348538,3,0
2025-07-04,Banking,0.006682187461059123,3,0
2025-07-07,Banking,0.020330566769547847,3,0
2025-07-08,Banking,0.004896981225065063,3,0
2025-07-09,Banking,0.024876924614543567,3,0
2025-07-10,Banking,-0.0001691209677876134,3,0
2025-07-11,Banking,0.0045728647827172715,3,0
2025-07-14,Banking,-0.0007360565154111987,3,0
2025-07-15,Banking,-0.01129150879704277,3,0
2025-07-16,Banking,0.010919273100209534,3,0
2025-07-17,Banking,0.0016120538048332393,3,0
2025-07-18,Banking,-0.0008137699068783885,3,0
2025-07-21,Banking,-0.00431666578176156,3,0
2025-07-22,Banking,0.014939611941735764,3,0
2025-07-23,Banking,-0.0019986574460041373,3,0
2025-07-24,Banking,0.0017503743201407278,3,0
2025-07-25,Banking,-0.0013010547147656408,3,0
2025-07-28,Banking,0.009002343501820867,3,0
2025-07-29,Banking,-0.03966669972308671,3,0
2025-07-30,Banking,0.024047437342036293,3,0
2025-07-31,Banking,-0.008278034752059385,3,0
2025-08-01,Banking,-0.017291986871970682,3,0
2025-08-04,Banking,0.02278156180464282,3,0
2025-08-05,Banking,0.014558599546158643,3,0
2025-08-06,Banking,0.01785146395173287,3,0
2025-08-07,Banking,0.007311942094964441,3,0
2025-08-08,Banking,-0.006113299993557068,3,0
2025-08-11,Banking,0.005999412973169489,3,0
2025-08-12,Banking,0.01693285140526224,3,0
2025-08-13,Banking,0.007276132822517822,3,0
2025-08-14,Banking,0.024920501660618433,3,0
2025-08-15,Banking,-0.02160643002407936,3,0
2025-08-18,Banking,-0.004111587845871438,3,0
2025-08-19,Banking,0.006453666252903223,3,0
2025-08-20,Banking,-0.0007049143928560634,3,0
2025-08-21,Banking,0.027398268872676306,3,0
2025-08-22,Banking,0.0037370566969111563,3,0
2025-08-25,Banking,-0.0343136802281316,3,0
2025-08-26,Banking,0.025976306665290865,3,0
2025-08-27,Banking,0.030569943575084062,3,0
2025-08-28,Banking,0.0003983150717596547,3,0
2025-08-29,Banking,-0.0010839162552492472,3,0
2025-09-03,Banking,-0.007169159633340268,3,0
2025-09-04,Banking,0.011244547550384102,3,0
2025-09-05,Banking,-0.022505404978912884,3,0
2025-09-08,Banking,-0.026515084525260784,3,0
2025-09-09,Banking,-0.001324111546417428,3,0
2025-09-10,Banking,0.011018580679318305,3,0
2025-09-11,Banking,-0.00013708247882745125,3,0
2025-09-12,Banking,0.001517784181539028,3,0
2025-09-15,Banking,0.018162251435826837,3,0
2025-09-16,Banking,0.003648506017896902,3,0
2025-09-17,Banking,-0.019349201592842258,3,0
2025-09-18,Banking,-0.007682022403188604,3,0
2025-09-19,Banking,-0.012788471232607254,3,0
2025-09-22,Banking,-0.007590816748436757,3,0
2025-09-23,Banking,0.004553103601439974,3,0
2025-09-24,Banking,0.008876713928519001,3,0
2025-09-25,Banking,-0.0021354327635685713,3,0
2025-09-26,Banking,-0.00020036747757157247,3,0
2025-09-29,Banking,-0.002171035149250211,3,0
2025-09-30,Banking,-0.007076437111029454,3,0
2025-10-01,Banking,0.0073030968396070595,3,0
2025-10-02,Banking,-0.0012638024386084634,3,0
2025-10-03,Banking,-0.0067794087640810075,3,0
2025-10-06,Banking,0.030875555764086144,3,0
2025-10-07,Banking,-0.008717687848367314,3,0
2025-10-08,Banking,0.012663626267672071,3,0
2025-10-09,Banking,0.012018878842852576,3,0
2025-10-10,Banking,0.006577679295897513,3,0
2025-10-13,Banking,-0.003265449236947456,3,0
2025-10-14,Banking,-0.013910024371717475,3,0
2025-10-15,Banking,-0.0028585344794333314,3,0
2025-10-16,Banking,-0.0005366462091171235,3,0
2025-10-17,Banking,-0.021100049746764382,3,0
2025-10-20,Banking,-0.05624823745685529,3,0
2025-10-21,Banking,0.011575326111716558,3,0
2025-10-22,Banking,0.006688113487474705,3,0
2025-10-23,Banking,-0.006875755164708693,3,0
2025-10-24,Banking,-0.0009406099795752724,3,0
2025-10-27,Banking,-0.013367756140702772,3,0
2025-10-28,Banking,0.012732766871261866,3,0
2025-10-29,Banking,0.014632167058115098,3,0
2025-10-30,Banking,-0.002656806858575981,3,0
2025-10-31,Banking,-0.011351139375823105,3,0
2025-11-03,Banking,-0.007690199366954105,3,0
2025-11-04,Banking,0.021656803209796644,3,0
2025-11-05,Banking,0.019490256559165697,3,0
2025-11-06,Banking,-0.005404959603299194,3,0
2025-11-07,Banking,-0.02782904526948604,3,0
2025-11-10,Banking,-0.010589164291906816,3,0
2025-11-11,Banking,0.009434619856632853,3,0
2025-11-12,Banking,0.010450127526520525,3,0
2025-11-13,Banking,-0.0002789764457758655,3,0
2025-11-14,Banking,-0.0005039598836174738,3,0
2025-11-17,Banking,0.003606731986081746,3,0
2025-11-18,Banking,0.002133336556504717,3,0
2025-11-19,Banking,-0.005772961039554825,3,0
2025-11-20,Banking,-0.0030103850050658965,3,0
2025-11-21,Banking,-0.005301410382543244,3,0
2025-11-24,Banking,-0.0026545582752618424,3,0
2025-11-25,Banking,-0.01372297465937559,3,0
2025-11-26,Banking,0.00792383188315171,3,0
2025-11-27,Banking,0.00017870504138295384,3,0
2025-11-28,Banking,-0.005834370058084996,3,0
2025-12-01,Banking,-0.004770540594593402,3,0
2025-12-02,Banking,0.004059484449247012,3,0
2025-12-03,Banking,0.04166826692068204,3,0
2025-12-04,Banking,-0.0017825311942958704,3,0
2025-12-05,Banking,-0.010057513397960424,3,0
2025-12-08,Banking,-0.0075409856712261485,3,0
2025-12-09,Banking,-0.006415071744042507,3,0
2025-12-10,Banking,0.006010141793496719,3,0
2025-12-11,Banking,-0.00694289625524321,3,0
2025-12-12,Banking,-0.013982349064177132,3,0
2025-12-15,Banking,0.0013847675568744073,3,0
2025-12-16,Banking,0.012961573682765145,3,0
2025-12-17,Banking,-0.0011612103697737908,3,0
2025-12-18,Banking,-0.002723946218283202,3,0
2025-12-19,Banking,0.0024138689250074266,3,0
2025-12-22,Banking,0.014744206258186177,3,0
2025-12-23,Banking,-0.008346527307043402,3,0
2025-12-24,Banking,0.005136987758902293,3,0
2025-12-25,Banking,0.0012799280663967627,3,0
2025-12-26,Banking,0.001837346484866072,3,0
2025-12-29,Banking,0.0009617234083478069,3,0
2025-12-30,Banking,0.00958149709079644,3,0
2025-12-31,Banking,-0.002083982890925299,3,0
2026-01-05,Banking,-0.008444004774630809,3,0
2026-01-06,Banking,0.011538427316280039,3,0
2026-01-07,Banking,0.04253241881506072,3,0
2026-01-08,Banking,0.046650474026364984,3,0
2026-01-09,Banking,0.06803728104403091,3,0
2026-01-12,Banking,0.05233526295600662,3,0
2026-01-13,Banking,0.016182651903779027,3,0
2026-01-14,Banking,0.03310866295437043,3,0
2026-01-15,Banking,-0.05294394495959839,3,0
2026-01-16,Banking,0.0044246571581096905,3,0
2026-01-19,Banking,0.007849637784056007,3,0
2026-01-20,Banking,0.00846583271464385,3,0
2026-01-21,Banking,0.00023501866845291688,3,0
2026-01-22,Banking,-0.017111341942079823,3,0
2026-01-23,Banking,-0.026423899922073835,3,0
2026-01-26,Banking,0.009129699379833286,3,0
2026-01-27,Banking,0.005910544287719495,3,0
2026-01-28,Banking,-0.007838046054528461,3,0
2026-01-29,Banking,8.453571986610786e-05,3,0
2026-01-30,Banking,0.020052910287764975,3,0
2026-02-02,Banking,0.016739499824871402,3,0
2026-02-03,Banking,-0.0010625794463617149,3,0
2026-02-04,Banking,-0.01227919615994899,3,0
2026-02-05,Banking,-0.029209043092832194,3,0
2026-02-06,Banking,-0.02704733048959333,3,0
2026-02-09,Banking,-0.008327418662744779,3,0
2026-02-10,Banking,-0.03278885664844233,3,0
2026-02-11,Banking,0.02539829562330535,3,0
2026-02-12,Banking,-0.008189947254727251,3,0
2026-02-13,Banking,0.0017562342721840023,3,0
2026-02-23,Banking,0.02688226588626863,3,0
2026-02-24,Banking,-0.013669967157387367,3,0
2026-02-25,Banking,0.0013132290635734882,3,0
2026-02-26,Banking,0.0012517919729003364,3,0
2026-02-27,Banking,-0.00847200181416774,3,0
2026-03-02,Banking,-0.04126877280280439,3,0
2026-03-03,Banking,-0.027722507784522454,3,0
2026-03-04,Banking,0.028018563366437377,3,0
2026-03-05,Banking,-0.013296971134629687,3,0
2026-03-06,Banking,-0.01624583503497971,3,0
2026-03-09,Banking,-0.06909661247390841,3,0
2026-03-10,Banking,0.04683802586122391,3,0
2026-03-11,Banking,-0.0002929832935847365,3,0
2026-03-12,Banking,-0.01855954148257888,3,0
2026-03-13,Banking,-0.008196784546102434,3,0
2026-03-16,Banking,-0.0024821026005198052,3,0
2026-03-17,Banking,0.0133904061170577,3,0
2026-03-18,Banking,0.012751101018897796,3,0
2026-03-19,Banking,-0.012507706395377497,3,0
2026-03-20,Banking,-0.02742434515137926,3,0
2026-03-23,Banking,-0.024072929873253452,3,0
2026-03-24,Banking,0.01984835087911511,3,0
2026-03-25,Banking,0.009507385498194187,3,0
2026-03-26,Banking,-0.010370614425069294,3,0
2026-03-27,Banking,0.023129777349966723,3,0
2026-03-30,Banking,-0.015058921900710934,3,0
2026-03-31,Banking,0.005491214443619108,3,0
2026-04-01,Banking,0.013840750461873164,3,0
2026-04-02,Banking,-0.013351631643876427,3,0
2026-04-03,Banking,-0.013167851309849507,3,0
2026-04-06,Banking,0.003329603131633404,3,0
2026-04-07,Banking,0.0003661997619702391,3,0
2026-04-08,Banking,0.047785125750447945,3,0
2026-04-09,Banking,-0.015949529457071288,3,0
2026-04-10,Banking,0.0038929470518946907,3,0
2026-04-13,Banking,-0.008959128129886343,3,0
2026-04-14,Banking,0.0019868989112752367,3,0
2026-04-15,Banking,0.0039962913141761884,3,0
2026-04-16,Banking,-0.00798892118395674,3,0
2026-04-17,Banking,0.003908077801263232,3,0
2026-04-20,Banking,0.00781685369362132,3,0
2026-04-21,Banking,-0.006394841194353999,3,0
2026-04-22,Banking,-0.0018906547139474854,3,0
2026-04-23,Banking,0.035979366191379945,3,0
2026-04-24,Banking,-0.023181347083270798,3,0
2026-04-28,Banking,-0.011234051432427358,3,0
2026-04-29,Banking,0.0010103703692067405,3,0
2026-05-04,Banking,0.015125204009046081,3,0
2026-05-05,Banking,-0.007377604270593678,3,0
2026-05-06,Banking,0.008607323220963877,3,0
2026-05-07,Banking,0.0009168003745632092,3,0
2026-05-08,Banking,0.018526781014553,3,0
2026-05-11,Banking,-0.014783861829140599,3,0
2026-05-12,Banking,-0.0035607554525628102,3,0
2026-05-13,Banking,0.012373354612847498,3,0
2026-05-14,Banking,0.014498934236343816,3,0
2026-05-15,Banking,-0.0074666710494976085,3,0
2026-05-18,Banking,0.03656590407402042,3,0
2026-05-19,Banking,-0.00595526853429762,3,0
2026-05-20,Banking,-0.007285991082572847,3,0
2026-05-21,Banking,-0.0014856520890028646,3,0
2026-05-22,Banking,-0.014737759083894408,3,0
2026-05-25,Banking,0.0010587052035360884,3,0
2026-05-26,Banking,0.012580998631435728,3,0
2026-05-27,Banking,-0.002397115982186134,3,0
2026-05-28,Banking,-0.018126674706012886,3,0
2026-05-29,Banking,-0.00861346913378854,3,0
2026-06-01,Banking,-0.0021736943555130672,3,0
2026-06-02,Banking,-0.011484812658903257,3,0
2026-06-03,Banking,0.0041783596632691085,3,0
2026-06-04,Banking,0.009002716687631787,3,0
2026-06-05,Banking,-0.009701808527384115,3,0
2026-06-08,Banking,-0.016547412416829704,3,0
2026-06-09,Banking,0.0038541920595643506,3,0
2026-06-10,Banking,0.006221780979344042,3,0
2026-06-11,Banking,-0.004136127550676198,3,0
2026-06-12,Banking,-0.0022775192960250803,3,0
2026-06-15,Banking,0.007516477844110285,3,0
2026-06-16,Banking,0.0035161583418394184,3,0
2026-06-17,Banking,0.016386324975279365,3,0
2026-06-18,Banking,-0.008235912267321788,3,0
2026-06-19,Banking,-0.00876563491101375,3,0
2026-06-22,Banking,0.00408196997728801,3,0
2026-06-23,Banking,0.0029272149643390457,3,0
2026-06-24,Banking,-0.006948786839911921,3,0
2026-06-25,Banking,-0.006481989104912489,3,0
2026-06-26,Banking,0.002638312148164198,3,0
2026-06-29,Banking,0.011821973214754347,3,0
2026-06-30,Banking,0.001529278752793702,3,0
2026-07-01,Banking,0.013908516452163807,3,0
2026-07-02,Banking,-0.010127027957127313,3,0
2026-07-03,Banking,-0.0038460825121352884,3,0
2026-07-06,Banking,-0.01141443249994186,3,0
2026-07-07,Banking,0.003979867196239735,3,0
2026-07-08,Banking,0.00523998021003691,3,0
2026-07-09,Banking,-0.011452549868833114,3,0
2026-07-10,Banking,-0.00872180463485935,3,0
2026-07-13,Banking,-0.028304880654624,3,0
2026-07-14,Banking,0.004237288135593209,3,0
2026-07-15,Banking,-0.010745209708740119,3,0
2026-07-16,Banking,0.0009820186070615966,3,0
2026-07-17,Banking,-0.008602882855403152,3,0
2026-07-20,Banking,-0.03822121027974582,3,0
2026-07-21,Banking,-0.0007298355748397064,3,0
2026-07-22,Banking,-0.034366182160059634,3,0
2026-07-23,Banking,-0.001197014440501724,3,0
2026-07-24,Banking,4.356048532753546e-05,3,0
2026-07-27,Banking,-0.015556966302030887,3,0
2026-07-28,Banking,0.007313043213842851,3,0
2026-07-29,Banking,0.010452257265049022,3,0
2026-07-30,Banking,0.041070512616455224,3,0
2026-07-31,Banking,0.02704211255292351,3,0
2026-08-03,Banking,0.021409588405716534,3,0
2026-08-04,Banking,-0.006003382899467817,3,0
2026-08-05,Banking,-0.003888888888888905,3,0
2026-08-06,Banking,-0.007856322311815248,3,0
2026-08-07,Banking,0.026331762850015112,3,0
2026-08-10,Banking,0.010257376186061965,3,0
2026-08-11,Banking,-0.011181297030041523,3,0
2026-08-12,Banking,-0.00031435980761718163,3,0
2026-08-13,Banking,-0.005081943081953644,3,0
2026-08-14,Banking,-0.017993734063300997,3,0
2026-08-17,Banking,-0.00024836130652753735,3,0
2026-08-18,Banking,0.00031213026359907153,3,0
2026-08-19,Banking,-0.012036935837416754,3,0
2026-08-20,Banking,0.008024515864567686,3,0
2026-08-21,Banking,0.025221800909436782,3,0
2026-08-24,Banking,-0.0030648074320264542,3,0
2026-08-25,Banking,-0.0038252126954381924,3,0
2026-08-26,Banking,0.010570739181093339,3,0
2026-08-27,Banking,-0.00013062577418495222,3,0
2026-08-28,Banking,-0.0003796539422502206,3,0
2026-09-03,Banking,-0.016077944339544608,3,0
2026-09-04,Banking,0.0005347646544777337,3,0
2026-09-07,Banking,-0.016029015405064257,3,0
2026-09-08,Banking,0.001885438954404443,3,0
2026-09-09,Banking,0.0047419559978351495,3,0
2026-09-10,Banking,-0.0003829624402126308,3,0
2026-09-11,Banking,-0.01794399794797615,3,0
2026-09-14,Banking,0.0020097413859064086,3,0
2026-09-15,Banking,0.026154080425437137,3,0
2026-09-16,Banking,-0.004691653423151994,3,0
2026-09-17,Banking,0.010838611207966364,3,0
2026-09-18,Banking,-0.01915873511926088,3,0
2026-09-21,Banking,0.006895436733044824,3,0
2026-09-22,Banking,-0.0005376344086021426,3,0
2026-09-23,Banking,-0.0035750231649114284,3,0
2024-01-03,RealEstate,0.005502480667965992,3,0
2024-01-04,RealEstate,0.0011720396203677523,3,0
2024-01-05,RealEstate,-0.003161630226951521,3,0
2024-01-08,RealEstate,0.012827210684435894,3,0
2024-01-09,RealEstate,-0.010936652993829177,3,0
2024-01-10,RealEstate,-0.007474745447881366,3,0
2024-01-11,RealEstate,-0.006266731788497459,3,0
2024-01-12,RealEstate,-0.021177395358496942,3,0
2024-01-15,RealEstate,0.0026563151597351156,3,0
2024-01-16,RealEstate,0.016672573801556883,3,0
2024-01-17,RealEstate,-0.014733705049191359,3,0
2024-01-18,RealEstate,0.013636780152177804,3,0
2024-01-19,RealEstate,0.0006157192051928773,3,0
2024-01-22,RealEstate,0.017647795187327064,3,0
2024-01-23,RealEstate,-0.01233229872290161,3,0
2024-01-24,RealEstate,-0.004295047714063749,3,0
2024-01-25,RealEstate,-0.007807568025007594,3,0
2024-01-26,RealEstate,-0.0008222331853313669,3,0
2024-01-29,RealEstate,-0.006615795806919918,3,0
2024-01-30,RealEstate,0.00283310011070285,3,0
2024-01-31,RealEstate,-0.0005068657375443264,3,0
2024-02-01,RealEstate,-0.0034337082180219878,3,0
2024-02-02,RealEstate,0.0039639180596370656,3,0
2024-02-05,RealEstate,0.0011277871427476753,3,0
2024-02-06,RealEstate,0.003835879276195553,3,0
2024-02-07,RealEstate,0.008204372312544969,3,0
2024-02-15,RealEstate,0.006353186193809757,3,0
2024-02-16,RealEstate,0.020591010025611405,3,0
2024-02-19,RealEstate,0.04263002767296342,3,0
2024-02-20,RealEstate,0.015046262608622518,3,0
2024-02-21,RealEstate,-0.020788961415822538,3,0
2024-02-22,RealEstate,-0.00374810799917998,3,0
2024-02-23,RealEstate,-0.030028405736420887,3,0
2024-02-26,RealEstate,-0.007900100970087864,3,0
2024-02-27,RealEstate,0.01563892299072352,3,0
2024-02-28,RealEstate,0.0037632661728868033,3,0
2024-02-29,RealEstate,-0.009761224242805122,3,0
2024-03-01,RealEstate,0.009695721313836373,3,0
2024-03-04,RealEstate,0.003936192251916326,3,0
2024-03-05,RealEstate,-0.007496338113638257,3,0
2024-03-06,RealEstate,-0.011989969869965108,3,0
2024-03-07,RealEstate,0.00493010416671454,3,0
2024-03-08,RealEstate,-0.018661533825756454,3,0
2024-03-11,RealEstate,-0.012394330696447945,3,0
2024-03-12,RealEstate,0.00164528854594496,3,0
2024-03-13,RealEstate,0.016497378859053224,3,0
2024-03-14,RealEstate,0.004839420709521554,3,0
2024-03-15,RealEstate,-0.014097078474318995,3,0
2024-03-18,RealEstate,0.014222977727334126,3,0
2024-03-19,RealEstate,0.009057521017156475,3,0
2024-03-20,RealEstate,-0.005904325596838733,3,0
2024-03-21,RealEstate,0.014521115068181656,3,0
2024-03-22,RealEstate,-8.98659643936428e-05,3,0
2024-03-25,RealEstate,0.01129908382120448,3,0
2024-03-26,RealEstate,0.005722569718559815,3,0
2024-03-27,RealEstate,0.00287564251173796,3,0
2024-03-28,RealEstate,0.002008575968425815,3,0
2024-03-29,RealEstate,-0.010748239451816724,3,0
2024-04-01,RealEstate,0.005622433002239413,3,0
2024-04-02,RealEstate,0.0008358776947412864,3,0
2024-04-03,RealEstate,-0.004672051742865224,3,0
2024-04-04,RealEstate,0.005588467773943358,3,0
2024-04-05,RealEstate,0.014550747159442748,3,0
2024-04-08,RealEstate,-0.003900241801766402,3,0
2024-04-09,RealEstate,0.0016103059581320522,3,0
2024-04-10,RealEstate,0.006750737340528001,3,0
2024-04-11,RealEstate,-0.0016878536547554706,3,0
2024-04-12,RealEstate,0.0026221067313838184,3,0
2024-04-15,RealEstate,-0.04809796608255449,3,0
2024-04-16,RealEstate,-0.017170846601211487,3,0
2024-04-17,RealEstate,-0.03181847045428562,3,0
2024-04-19,RealEstate,-0.033594966053982454,3,0
2024-04-22,RealEstate,0.00538816398558184,3,0
2024-04-23,RealEstate,-0.026855056915177162,3,0
2024-04-24,RealEstate,0.024210678603211317,3,0
2024-04-25,RealEstate,0.004057643124139254,3,0
2024-04-26,RealEstate,0.02139410879863483,3,0
2024-05-02,RealEstate,-0.004163267383013795,3,0
2024-05-03,RealEstate,-0.007944209942162458,3,0
2024-05-06,RealEstate,0.009609962730982394,3,0
2024-05-07,RealEstate,-0.005619757379436763,3,0
2024-05-08,RealEstate,-0.0212135698646031,3,0
2024-05-09,RealEstate,0.0041969365748815895,3,0
2024-05-10,RealEstate,-0.012790603595614273,3,0
2024-05-13,RealEstate,0.00296778286999592,3,0
2024-05-14,RealEstate,0.00935204934530535,3,0
2024-05-15,RealEstate,0.01278444336449458,3,0
2024-05-16,RealEstate,0.004137713017107932,3,0
2024-05-17,RealEstate,0.006563778509052136,3,0
2024-05-20,RealEstate,-0.004216092714532198,3,0
2024-05-21,RealEstate,-0.003909205363725299,3,0
2024-05-22,RealEstate,-0.002033051045049916,3,0
2024-05-23,RealEstate,0.0007434851918254326,3,0
2024-05-24,RealEstate,-0.009292646628776194,3,0
2024-05-27,RealEstate,0.0018331991752810566,3,0
2024-05-28,RealEstate,0.0013917884481558691,3,0
2024-05-29,RealEstate,-0.01704872293703963,3,0
2024-05-30,RealEstate,-0.013168958432116332,3,0
2024-05-31,RealEstate,0.008939022265252191,3,0
2024-06-03,RealEstate,0.01845897298848446,3,0
2024-06-04,RealEstate,-0.001412427382204114,3,0
2024-06-05,RealEstate,-0.0025434436906282367,3,0
2024-06-06,RealEstate,-0.005884903969719302,3,0
2024-06-07,RealEstate,-0.0006609481163929454,3,0
2024-06-10,RealEstate,-0.0025620106764645914,3,0
2024-06-11,RealEstate,-0.019465230978371866,3,0
2024-06-12,RealEstate,0.007389021814655654,3,0
2024-06-13,RealEstate,-0.002927320243851894,3,0
2024-06-14,RealEstate,-0.01454621733690653,3,0
2024-06-17,RealEstate,-0.00010688157576499435,3,0
2024-06-18,RealEstate,-0.00047667440960119656,3,0
2024-06-19,RealEstate,-0.010851841845755161,3,0
2024-06-20,RealEstate,-0.007700282957040838,3,0
2024-06-21,RealEstate,-0.005583628356258363,3,0
2024-06-24,RealEstate,-0.009480746253003621,3,0
2024-06-25,RealEstate,0.0063791622850290315,3,0
2024-06-26,RealEstate,-0.004971807218998296,3,0
2024-06-27,RealEstate,0.005317947183705596,3,0
2024-06-28,RealEstate,-0.0039061536366482206,3,0
2024-07-01,RealEstate,0.0016622130353059668,3,0
2024-07-02,RealEstate,0.009747208058152582,3,0
2024-07-03,RealEstate,-0.0009537199463102904,3,0
2024-07-04,RealEstate,0.00057489353265013,3,0
2024-07-05,RealEstate,-0.00481540930979137,3,0
2024-07-08,RealEstate,-0.010476048978281286,3,0
2024-07-09,RealEstate,0.006931794451831601,3,0
2024-07-10,RealEstate,-0.0057680878685576475,3,0
2024-07-11,RealEstate,0.012002492882870882,3,0
2024-07-12,RealEstate,0.0024152509552173664,3,0
2024-07-15,RealEstate,-0.008859559306874801,3,0
2024-07-16,RealEstate,-0.018690596735835768,3,0
2024-07-17,RealEstate,-0.021953601759978698,3,0
2024-07-18,RealEstate,0.007615335114423509,3,0
2024-07-19,RealEstate,-0.006862931181942367,3,0
2024-07-22,RealEstate,-0.020529141137246205,3,0
2024-07-23,RealEstate,-0.0011794692319403444,3,0
2024-07-24,RealEstate,0.00920220386406275,3,0
2024-07-25,RealEstate,0.0025088845156192954,3,0
2024-07-26,RealEstate,-0.0076609403916730505,3,0
2024-07-29,RealEstate,-0.007488524468529841,3,0
2024-07-30,RealEstate,0.013317637331021018,3,0
2024-07-31,RealEstate,0.01399743658529314,3,0
2024-08-01,RealEstate,-0.02198858828160762,3,0
2024-08-02,RealEstate,0.003986830567968225,3,0
2024-08-05,RealEstate,-0.03404611718404985,3,0
2024-08-06,RealEstate,0.013762922970357305,3,0
2024-08-07,RealEstate,0.032689830047339864,3,0
2024-08-08,RealEstate,-0.0008704734458147382,3,0
2024-08-09,RealEstate,-0.00828376818490221,3,0
2024-08-12,RealEstate,-0.01684268226670656,3,0
2024-08-13,RealEstate,0.0007725873450875239,3,0
2024-08-14,RealEstate,0.005760455794872499,3,0
2024-08-15,RealEstate,0.007376788941313587,3,0
2024-08-16,RealEstate,0.03027363754736852,3,0
2024-08-19,RealEstate,0.0059994189613155795,3,0
2024-08-20,RealEstate,0.027468700528196315,3,0
2024-08-21,RealEstate,0.0015660572926839977,3,0
2024-08-22,RealEstate,0.006081185483498379,3,0
2024-08-23,RealEstate,0.007429830665738768,3,0
2024-08-26,RealEstate,0.011081912014506257,3,0
2024-08-27,RealEstate,0.033038205876779525,3,0
2024-08-28,RealEstate,-0.009187737272619715,3,0
2024-08-29,RealEstate,-0.004137208092985049,3,0
2024-08-30,RealEstate,-0.0011028398125172052,3,0
2024-09-04,RealEstate,0.006499712382065333,3,0
2024-09-05,RealEstate,0.01781687846203976,3,0
2024-09-06,RealEstate,-0.0007464111535006035,3,0
2024-09-09,RealEstate,-0.008718501268170123,3,0
2024-09-10,RealEstate,-0.019546582786097073,3,0
2024-09-11,RealEstate,-0.02084188392882458,3,0
2024-09-12,RealEstate,-0.012674215048058731,3,0
2024-09-13,RealEstate,0.003599302871864829,3,0
2024-09-16,RealEstate,-0.026275761859925084,3,0
2024-09-17,RealEstate,0.024895187872877884,3,0
2024-09-18,RealEstate,7.234214574980413e-05,3,0
2024-09-19,RealEstate,0.005510459222578756,3,0
2024-09-20,RealEstate,-0.006378368678462827,3,0
2024-09-23,RealEstate,-0.004720716564550309,3,0
2024-09-24,RealEstate,0.009359349719218812,3,0
2024-09-25,RealEstate,0.0007938040428346893,3,0
2024-09-26,RealEstate,0.006283983267955318,3,0
2024-09-27,RealEstate,-0.008266102173795309,3,0
2024-09-30,RealEstate,-0.022823614668573782,3,0
2024-10-01,RealEstate,0.011934258767045533,3,0
2024-10-02,RealEstate,-0.006846098541461824,3,0
2024-10-03,RealEstate,-0.02542811863045184,3,0
2024-10-04,RealEstate,-0.0037334391707088224,3,0
2024-10-07,RealEstate,-0.004957922380468993,3,0
2024-10-08,RealEstate,0.0003651706804093842,3,0
2024-10-09,RealEstate,0.014535946118704976,3,0
2024-10-10,RealEstate,-0.0025426097200290654,3,0
2024-10-11,RealEstate,0.014550661177347823,3,0
2024-10-14,RealEstate,0.011725855322645362,3,0
2024-10-15,RealEstate,-0.015691428129652924,3,0
2024-10-16,RealEstate,-0.006372575491093491,3,0
2024-10-17,RealEstate,0.009329719466638705,3,0
2024-10-18,RealEstate,-8.72132392913949e-05,3,0
2024-10-21,RealEstate,0.018863337227989052,3,0
2024-10-22,RealEstate,-0.00042277633832565886,3,0
2024-10-23,RealEstate,0.0024673036486784947,3,0
2024-10-24,RealEstate,-0.03448773004753014,3,0
2024-10-25,RealEstate,-0.002040362420508831,3,0
2024-10-28,RealEstate,-0.004729674549436957,3,0
2024-10-29,RealEstate,-0.0003192464281958444,3,0
2024-10-30,RealEstate,-0.004296512236176479,3,0
2024-10-31,RealEstate,0.0013832029355480187,3,0
2024-11-01,RealEstate,-0.007663918505478391,3,0
2024-11-04,RealEstate,-0.004845967462789906,3,0
2024-11-05,RealEstate,0.003970283827977594,3,0
2024-11-06,RealEstate,0.00766753701894,3,0
2024-11-07,RealEstate,0.010968816237261906,3,0
2024-11-08,RealEstate,-0.01979841623402423,3,0
2024-11-11,RealEstate,0.001729686489689149,3,0
2024-11-12,RealEstate,-0.008045333548971153,3,0
2024-11-13,RealEstate,0.008648283845959245,3,0
2024-11-14,RealEstate,0.0013364819799231615,3,0
2024-11-15,RealEstate,-0.014771829800136619,3,0
2024-11-18,RealEstate,0.008318758484662311,3,0
2024-11-19,RealEstate,0.017491528315704812,3,0
2024-11-20,RealEstate,0.024027559055118147,3,0
2024-11-21,RealEstate,0.0,3,0
2024-11-22,RealEstate,-0.019613121400391027,3,0
2024-11-25,RealEstate,0.01326894153743837,3,0
2024-11-26,RealEstate,0.0013138141000635188,3,0
2024-11-27,RealEstate,-0.003451007768319673,3,0
2024-11-28,RealEstate,-0.009649709555919964,3,0
2024-11-29,RealEstate,-0.008513681269289938,3,0
2024-12-02,RealEstate,-0.0016611692269028477,3,0
2024-12-03,RealEstate,-0.00633121140147519,3,0
2024-12-04,RealEstate,-0.01576352632596297,3,0
2024-12-05,RealEstate,0.028620347572980636,3,0
2024-12-06,RealEstate,0.0030517113248473837,3,0
2024-12-09,RealEstate,0.0010117753138271235,3,0
2024-12-10,RealEstate,-0.012121880446552158,3,0
2024-12-11,RealEstate,-0.001726435468730451,3,0
2024-12-12,RealEstate,-0.005434881345104947,3,0
2024-12-13,RealEstate,-0.0033703716739393506,3,0
2024-12-16,RealEstate,2.3259912206678262e-05,3,0
2024-12-17,RealEstate,0.0032867055136427403,3,0
2024-12-18,RealEstate,0.00022799160663485493,3,0
2024-12-19,RealEstate,-0.011107750341498282,3,0
2024-12-20,RealEstate,-0.008114443021307371,3,0
2024-12-23,RealEstate,0.016002284799835342,3,0
2024-12-24,RealEstate,-0.008528465010676056,3,0
2024-12-25,RealEstate,0.005518603389768802,3,0
2024-12-26,RealEstate,0.0003410059676044093,3,0
2024-12-27,RealEstate,-0.00940956923650993,3,0
2024-12-30,RealEstate,0.002646554300189711,3,0
2024-12-31,RealEstate,-0.00414523384198177,3,0
2025-01-02,RealEstate,0.004896817068905213,3,0
2025-01-03,RealEstate,0.004497028821696484,3,0
2025-01-06,RealEstate,-0.004757050628610278,3,0
2025-01-07,RealEstate,-0.004825922095829031,3,0
2025-01-08,RealEstate,0.004896817068905213,3,0
2025-01-09,RealEstate,0.0006023306636801321,3,0
2025-01-10,RealEstate,-0.01587565952667676,3,0
2025-01-13,RealEstate,-0.01609173878344461,3,0
2025-01-14,RealEstate,-0.01970217704700587,3,0
2025-01-15,RealEstate,0.009535356431129646,3,0
2025-01-16,RealEstate,0.0006541746406296678,3,0
2025-01-17,RealEstate,0.0047731278078266826,3,0
2025-01-20,RealEstate,-0.009468665884943698,3,0
2025-01-21,RealEstate,9.916668626482512e-05,3,0
2025-01-22,RealEstate,-0.018124022380269666,3,0
2025-01-23,RealEstate,0.0020652622883105356,3,0
2025-01-24,RealEstate,0.007799671592775059,3,0
2025-02-03,RealEstate,-0.008379765307442185,3,0
2025-02-04,RealEstate,0.01648551707587694,3,0
2025-02-05,RealEstate,0.00077624814121983,3,0
2025-02-06,RealEstate,0.002580641699702143,3,0
2025-02-07,RealEstate,0.0034170089269955164,3,0
2025-02-10,RealEstate,-0.021050940452949713,3,0
2025-02-11,RealEstate,-0.001863778053533549,3,0
2025-02-12,RealEstate,0.00014208712274780635,3,0
2025-02-13,RealEstate,0.004311739481081767,3,0
2025-02-14,RealEstate,0.008700536246343704,3,0
2025-02-17,RealEstate,-0.002322499113844042,3,0
2025-02-18,RealEstate,0.006779873326917911,3,0
2025-02-19,RealEstate,0.006886326753722027,3,0
2025-02-20,RealEstate,0.039967360658642447,3,0
2025-02-21,RealEstate,-0.003234907278223509,3,0
2025-02-24,RealEstate,-0.005615229426043866,3,0
2025-02-25,RealEstate,0.003515293282389198,3,0
2025-02-26,RealEstate,0.00031735711486842916,3,0
2025-02-27,RealEstate,0.010092943138432231,3,0
2025-02-28,RealEstate,0.018791841316779506,3,0
2025-03-03,RealEstate,0.01129355647082956,3,0
2025-03-04,RealEstate,-0.007641038596356453,3,0
2025-03-05,RealEstate,0.004195697291966598,3,0
2025-03-06,RealEstate,0.01283589229827431,3,0
2025-03-07,RealEstate,0.0383033762473138,3,0
2025-03-10,RealEstate,0.013923506130606333,3,0
2025-03-11,RealEstate,0.006354273005197826,3,0
2025-03-12,RealEstate,0.014928243020219297,3,0
2025-03-13,RealEstate,0.025501741096646824,3,0
2025-03-14,RealEstate,0.02851804952661204,3,0
2025-03-17,RealEstate,7.396755153532553e-05,3,0
2025-03-18,RealEstate,-0.014524323594321728,3,0
2025-03-19,RealEstate,-0.00024184342502420186,3,0
2025-03-20,RealEstate,-0.0012423431973082784,3,0
2025-03-21,RealEstate,0.013022046739172585,3,0
2025-03-24,RealEstate,0.03036385394076735,3,0
2025-03-25,RealEstate,0.004265042179068794,3,0
2025-03-26,RealEstate,-0.00287558224913483,3,0
2025-03-27,RealEstate,-0.0014313337106206525,3,0
2025-03-28,RealEstate,0.005253940455341481,3,0
2025-03-31,RealEstate,0.0024249957608690753,3,0
2025-04-01,RealEstate,0.02257597735832421,3,0
2025-04-02,RealEstate,0.002177728378827274,3,0
2025-04-03,RealEstate,-0.06974100322061098,3,0
2025-04-04,RealEstate,0.0023601790444244632,3,0
2025-04-08,RealEstate,-0.06303155064940269,3,0
2025-04-09,RealEstate,0.007294229395751713,3,0
2025-04-10,RealEstate,0.0689667990696717,3,0
2025-04-11,RealEstate,0.05669421334113367,3,0
2025-04-14,RealEstate,0.04530030749115347,3,0
2025-04-15,RealEstate,0.006513933976780202,3,0
2025-04-16,RealEstate,-0.013540621118796725,3,0
2025-04-17,RealEstate,0.01667443081460333,3,0
2025-04-18,RealEstate,-0.022509631130161172,3,0
2025-04-21,RealEstate,-0.0017156945144841673,3,0
2025-04-22,RealEstate,0.013163740545377093,3,0
2025-04-23,RealEstate,0.008227420393299156,3,0
2025-04-24,RealEstate,0.05396179979743524,3,0
2025-04-25,RealEstate,0.015534330720731885,3,0
2025-04-28,RealEstate,0.003141956224822421,3,0
2025-04-29,RealEstate,-0.002156591185975184,3,0
2025-05-05,RealEstate,0.025600999679508945,3,0
2025-05-06,RealEstate,0.025542141739324824,3,0
2025-05-07,RealEstate,0.030857916302264494,3,0
2025-05-08,RealEstate,0.02286142807339786,3,0
2025-05-09,RealEstate,-0.016456163996434903,3,0
2025-05-12,RealEstate,0.013192648604609744,3,0
2025-05-13,RealEstate,-0.007528667805745903,3,0
2025-05-14,RealEstate,-0.002408663398268026,3,0
2025-05-15,RealEstate,-0.016986533470683646,3,0
2025-05-16,RealEstate,0.0020195545109072586,3,0
2025-05-19,RealEstate,0.025213613468986356,3,0
2025-05-20,RealEstate,0.04063867721666555,3,0
2025-05-21,RealEstate,0.05319198450081286,3,0
2025-05-22,RealEstate,-0.003517599179134782,3,0
2025-05-23,RealEstate,0.0038250647365635957,3,0
2025-05-26,RealEstate,0.03761418663541738,3,0
2025-05-27,RealEstate,0.00479286147155437,3,0
2025-05-28,RealEstate,0.02036005101406335,3,0
2025-05-29,RealEstate,0.028368319913461965,3,0
2025-05-30,RealEstate,0.012404057118731085,3,0
2025-06-02,RealEstate,0.005518604729469301,3,0
2025-06-03,RealEstate,-0.005026498959383526,3,0
2025-06-04,RealEstate,-0.0021413276231263545,3,0
2025-06-05,RealEstate,0.0006740335743594672,3,0
2025-06-06,RealEstate,-0.006916774281372866,3,0
2025-06-09,RealEstate,-0.043998806702236735,3,0
2025-06-10,RealEstate,0.009120660735020566,3,0
2025-06-11,RealEstate,-0.01424689125106112,3,0
2025-06-12,RealEstate,-0.01384995057492,3,0
2025-06-13,RealEstate,-0.011603010653962556,3,0
2025-06-16,RealEstate,0.008786432795894675,3,0
2025-06-17,RealEstate,0.03213142018365681,3,0
2025-06-18,RealEstate,0.013041890328817196,3,0
2025-06-19,RealEstate,0.005511775497180034,3,0
2025-06-20,RealEstate,-0.01872143812247214,3,0
2025-06-23,RealEstate,0.032506116502189854,3,0
2025-06-24,RealEstate,0.025650967317351652,3,0
2025-06-25,RealEstate,-0.0007361633530359827,3,0
2025-06-26,RealEstate,-0.005427668983219003,3,0
2025-06-27,RealEstate,0.0029062233475859824,3,0
2025-06-30,RealEstate,0.0023458850897964214,3,0
2025-07-01,RealEstate,-0.0017149562234858677,3,0
2025-07-02,RealEstate,-0.003004562214900678,3,0
2025-07-03,RealEstate,-0.006285871068102818,3,0
2025-07-04,RealEstate,-0.003797983638302934,3,0
2025-07-07,RealEstate,0.010119865929480184,3,0
2025-07-08,RealEstate,0.019644285335121303,3,0
2025-07-09,RealEstate,0.011837405020123648,3,0
2025-07-10,RealEstate,0.040251911830859154,3,0
2025-07-11,RealEstate,0.020899626360764107,3,0
2025-07-14,RealEstate,0.022219228177671635,3,0
2025-07-15,RealEstate,-0.012719398745349256,3,0
2025-07-16,RealEstate,0.025077689302476374,3,0
2025-07-17,RealEstate,0.05906615073570428,3,0
2025-07-18,RealEstate,0.009638136831433811,3,0
2025-07-21,RealEstate,-0.04148679120994377,3,0
2025-07-22,RealEstate,0.03724058381538938,3,0
2025-07-23,RealEstate,-0.02073266737277557,3,0
2025-07-24,RealEstate,0.002222722835473423,3,0
2025-07-25,RealEstate,0.005815579301612102,3,0
2025-07-28,RealEstate,0.018856872169805028,3,0
2025-07-29,RealEstate,-0.04201841686647364,3,0
2025-07-30,RealEstate,-0.006918250175868408,3,0
2025-07-31,RealEstate,-0.016544230365749108,3,0
2025-08-01,RealEstate,0.006926892737969685,3,0
2025-08-04,RealEstate,0.054599891048489134,3,0
2025-08-05,RealEstate,0.024468217674161963,3,0
2025-08-06,RealEstate,0.0118849088646981,3,0
2025-08-07,RealEstate,-0.0184359876518246,3,0
2025-08-08,RealEstate,0.011638562378831466,3,0
2025-08-11,RealEstate,-0.004431853883891483,3,0
2025-08-12,RealEstate,-0.007113370700204198,3,0
2025-08-13,RealEstate,0.0004745722351765143,3,0
2025-08-14,RealEstate,0.017681180944491226,3,0
2025-08-15,RealEstate,-0.01290400832016636,3,0
2025-08-18,RealEstate,-0.003132855699804334,3,0
2025-08-19,RealEstate,0.0,3,0
2025-08-20,RealEstate,0.02410624192756065,3,0
2025-08-21,RealEstate,-0.005901965788073745,3,0
2025-08-22,RealEstate,-0.02673856812186663,3,0
2025-08-25,RealEstate,0.022676589268721587,3,0
2025-08-26,RealEstate,0.05008435772877551,3,0
2025-08-27,RealEstate,-0.010518608641170305,3,0
2025-08-28,RealEstate,-0.006930630683029941,3,0
2025-08-29,RealEstate,-0.002730214096204331,3,0
2025-09-03,RealEstate,-0.004526577480936951,3,0
2025-09-04,RealEstate,-0.0031452670906803406,3,0
2025-09-05,RealEstate,-0.005636165245635409,3,0
2025-09-08,RealEstate,-0.021131137352392765,3,0
2025-09-09,RealEstate,0.016944233154015498,3,0
2025-09-10,RealEstate,-0.0035077337843675283,3,0
2025-09-11,RealEstate,0.024115332123725148,3,0
2025-09-12,RealEstate,0.00431124360809354,3,0
2025-09-15,RealEstate,-0.005197387869178449,3,0
2025-09-16,RealEstate,-0.01162046625420654,3,0
2025-09-17,RealEstate,0.016564492522773328,3,0
2025-09-18,RealEstate,-0.0021762349246125337,3,0
2025-09-19,RealEstate,0.03177454113235153,3,0
2025-09-22,RealEstate,-0.024201243017958896,3,0
2025-09-23,RealEstate,-0.0006687305234544342,3,0
2025-09-24,RealEstate,0.007769493191745173,3,0
2025-09-25,RealEstate,0.02211308296909849,3,0
2025-09-26,RealEstate,0.0026998998451028453,3,0
2025-09-29,RealEstate,0.02760577888975872,3,0
2025-09-30,RealEstate,0.00030070666483272834,3,0
2025-10-01,RealEstate,-0.006427838248239004,3,0
2025-10-02,RealEstate,-0.009794860342596393,3,0
2025-10-03,RealEstate,0.0068720467318764316,3,0
2025-10-06,RealEstate,0.030464206129620457,3,0
2025-10-07,RealEstate,-0.006552784677117729,3,0
2025-10-08,RealEstate,0.008391190446274566,3,0
2025-10-09,RealEstate,0.025868576400791394,3,0
2025-10-10,RealEstate,0.0529489533217972,3,0
2025-10-13,RealEstate,0.03502843686470721,3,0
2025-10-14,RealEstate,0.0077689473205832344,3,0
2025-10-15,RealEstate,-0.009544472196720796,3,0
2025-10-16,RealEstate,0.01432618608491032,3,0
2025-10-17,RealEstate,-0.02357959966703375,3,0
2025-10-20,RealEstate,-0.06094766921539552,3,0
2025-10-21,RealEstate,0.000779183912389588,3,0
2025-10-22,RealEstate,-0.0035617574244971215,3,0
2025-10-23,RealEstate,0.030450016638493338,3,0
2025-10-24,RealEstate,0.00702773148271955,3,0
2025-10-27,RealEstate,-0.04241748400015729,3,0
2025-10-28,RealEstate,0.0011966148427869177,3,0
2025-10-29,RealEstate,-0.018485601058748153,3,0
2025-10-30,RealEstate,-0.005405243858549717,3,0
2025-10-31,RealEstate,-0.04047117626847289,3,0
2025-11-03,RealEstate,-0.01299700292008473,3,0
2025-11-04,RealEstate,0.028093709971267627,3,0
2025-11-05,RealEstate,0.01594585752971789,3,0
2025-11-06,RealEstate,-0.006258880193407849,3,0
2025-11-07,RealEstate,-0.04870625868381103,3,0
2025-11-10,RealEstate,-0.03759972426255909,3,0
2025-11-11,RealEstate,0.012677992936599547,3,0
2025-11-12,RealEstate,0.05488355655799252,3,0
2025-11-13,RealEstate,0.0027128631134336243,3,0
2025-11-14,RealEstate,0.02427481420488457,3,0
2025-11-17,RealEstate,0.03592942280196124,3,0
2025-11-18,RealEstate,0.028047342080139998,3,0
2025-11-19,RealEstate,-0.0036697920839352896,3,0
2025-11-20,RealEstate,0.002733911714531486,3,0
2025-11-21,RealEstate,0.014224945478157483,3,0
2025-11-24,RealEstate,0.03426225003804687,3,0
2025-11-25,RealEstate,-0.0061233775852710766,3,0
2025-11-26,RealEstate,0.00557474205492899,3,0
2025-11-27,RealEstate,-0.008730843013024995,3,0
2025-11-28,RealEstate,0.017052077685753415,3,0
2025-12-01,RealEstate,0.01996488110720292,3,0
2025-12-02,RealEstate,0.011956757965888945,3,0
2025-12-03,RealEstate,-0.0034086849669761423,3,0
2025-12-04,RealEstate,-0.00796113465912555,3,0
2025-12-05,RealEstate,0.02560126063906391,3,0
2025-12-08,RealEstate,0.029046820062911555,3,0
2025-12-09,RealEstate,0.0027741269984202788,3,0
2025-12-10,RealEstate,-0.03569809376609989,3,0
2025-12-11,RealEstate,-0.01626270373438739,3,0
2025-12-12,RealEstate,-0.05086305345319394,3,0
2025-12-15,RealEstate,-0.009552898278253267,3,0
2025-12-16,RealEstate,0.015178481866251111,3,0
2025-12-17,RealEstate,-0.00750723551335708,3,0
2025-12-18,RealEstate,-0.0004665267086541025,3,0
2025-12-19,RealEstate,0.05161694478237,3,0
2025-12-22,RealEstate,0.04145601375964103,3,0
2025-12-23,RealEstate,0.038003575048865125,3,0
2025-12-24,RealEstate,0.021428877759028502,3,0
2025-12-25,RealEstate,-0.0486287540007602,3,0
2025-12-26,RealEstate,-0.02000388973198804,3,0
2025-12-29,RealEstate,0.05589698046965023,3,0
2025-12-30,RealEstate,0.0005327996665176841,3,0
2025-12-31,RealEstate,0.018789181039557807,3,0
2026-01-05,RealEstate,0.029990637399422166,3,0
2026-01-06,RealEstate,0.023127120856173338,3,0
2026-01-07,RealEstate,0.02566694587831453,3,0
2026-01-08,RealEstate,-0.025180856976265004,3,0
2026-01-09,RealEstate,-0.017855400764728874,3,0
2026-01-12,RealEstate,-0.039780031969896955,3,0
2026-01-13,RealEstate,0.016883264942178733,3,0
2026-01-14,RealEstate,-0.030519265583170346,3,0
2026-01-15,RealEstate,-0.03409038375193311,3,0
2026-01-16,RealEstate,0.03283479488681692,3,0
2026-01-19,RealEstate,0.004361238643535215,3,0
2026-01-20,RealEstate,-0.01268536939572055,3,0
2026-01-21,RealEstate,-0.005195140677245284,3,0
2026-01-22,RealEstate,0.00011623507511119661,3,0
2026-01-23,RealEstate,0.00657595294268017,3,0
2026-01-26,RealEstate,-0.0383450855059602,3,0
2026-01-27,RealEstate,-0.05454710189543921,3,0
2026-01-28,RealEstate,-0.027366069883418092,3,0
2026-01-29,RealEstate,0.015554325196776539,3,0
2026-01-30,RealEstate,0.02019824474614773,3,0
2026-02-02,RealEstate,-0.050359974670695605,3,0
2026-02-03,RealEstate,-0.0044229149115416755,3,0
2026-02-04,RealEstate,-0.051580763546460386,3,0
2026-02-05,RealEstate,0.041134482632785074,3,0
2026-02-06,RealEstate,-0.0020393325470519454,3,0
2026-02-09,RealEstate,-0.005282811284811155,3,0
2026-02-10,RealEstate,0.04797701895982417,3,0
2026-02-11,RealEstate,0.041137821253672824,3,0
2026-02-12,RealEstate,0.041469788101741845,3,0
2026-02-13,RealEstate,-0.005649068782240363,3,0
2026-02-23,RealEstate,0.012548853016142761,3,0
2026-02-24,RealEstate,0.0021703721942665974,3,0
2026-02-25,RealEstate,-0.024592283024244654,3,0
2026-02-26,RealEstate,0.023456045133163943,3,0
2026-02-27,RealEstate,-0.0006231612077465994,3,0
2026-03-02,RealEstate,-0.05138274516181496,3,0
2026-03-03,RealEstate,-0.048084161656324786,3,0
2026-03-04,RealEstate,-0.012510653246071554,3,0
2026-03-05,RealEstate,0.026330357634134865,3,0
2026-03-06,RealEstate,-0.013895065427093956,3,0
2026-03-09,RealEstate,-0.06837917952190065,3,0
2026-03-10,RealEstate,0.0014027076193752208,3,0
2026-03-11,RealEstate,0.04666440476247543,3,0
2026-03-12,RealEstate,0.019982141830992745,3,0
2026-03-13,RealEstate,0.02905679844538985,3,0
2026-03-16,RealEstate,0.029384884031517178,3,0
2026-03-17,RealEstate,0.007447395438796985,3,0
2026-03-18,RealEstate,-0.010354337711044695,3,0
2026-03-19,RealEstate,0.02189465362198965,3,0
2026-03-20,RealEstate,-0.04132720386205805,3,0
2026-03-23,RealEstate,-0.052237869102433554,3,0
2026-03-24,RealEstate,0.017996020984992533,3,0
2026-03-25,RealEstate,0.043903213754360314,3,0
2026-03-26,RealEstate,0.003072728719082559,3,0
2026-03-27,RealEstate,0.015168843022278203,3,0
2026-03-30,RealEstate,-0.018319176523510856,3,0
2026-03-31,RealEstate,0.02140339096860829,3,0
2026-04-01,RealEstate,0.038139409827250136,3,0
2026-04-02,RealEstate,0.014880740746681368,3,0
2026-04-03,RealEstate,0.015799880975438423,3,0
2026-04-06,RealEstate,0.0010842272903176149,3,0
2026-04-07,RealEstate,0.0031792782331978207,3,0
2026-04-08,RealEstate,0.06901716706903271,3,0
2026-04-09,RealEstate,0.008194496439137241,3,0
2026-04-10,RealEstate,0.005291595747644447,3,0
2026-04-13,RealEstate,0.031101976158356488,3,0
2026-04-14,RealEstate,0.025861355187563422,3,0
2026-04-15,RealEstate,0.05185816830529655,3,0
2026-04-16,RealEstate,0.02834529139590769,3,0
2026-04-17,RealEstate,-0.018634066179361364,3,0
2026-04-20,RealEstate,0.030500816920488782,3,0
2026-04-21,RealEstate,0.016944701463532812,3,0
2026-04-22,RealEstate,0.05338178692755317,3,0
2026-04-23,RealEstate,0.016869654808863672,3,0
2026-04-24,RealEstate,-0.016860988443575975,3,0
2026-04-28,RealEstate,0.06225776557579291,3,0
2026-04-29,RealEstate,-0.02804771824365197,3,0
2026-05-04,RealEstate,-0.034989821439541546,3,0
2026-05-05,RealEstate,0.010693189541815492,3,0
2026-05-06,RealEstate,-0.012690670842844734,3,0
2026-05-07,RealEstate,0.018281805469238372,3,0
2026-05-08,RealEstate,0.021375132790824775,3,0
2026-05-11,RealEstate,-0.018253579782546898,3,0
2026-05-12,RealEstate,-0.013152214398751952,3,0
2026-05-13,RealEstate,-0.009397515305459144,3,0
2026-05-14,RealEstate,0.022265099584714638,3,0
2026-05-15,RealEstate,0.012416991901439819,3,0
2026-05-18,RealEstate,-0.01574232831416685,3,0
2026-05-19,RealEstate,-0.002110962595627893,3,0
2026-05-20,RealEstate,-0.007385171610227152,3,0
2026-05-21,RealEstate,-0.024600594773642476,3,0
2026-05-22,RealEstate,-0.01142303516372134,3,0
2026-05-25,RealEstate,0.01416463814943092,3,0
2026-05-26,RealEstate,-0.01820677042387205,3,0
2026-05-27,RealEstate,-0.020304158169972258,3,0
2026-05-28,RealEstate,0.015620024685018922,3,0
2026-05-29,RealEstate,-0.0016186918129771726,3,0
2026-06-01,RealEstate,-0.015295594859139191,3,0
2026-06-02,RealEstate,-0.02566243336204917,3,0
2026-06-03,RealEstate,-0.03133167442625088,3,0
2026-06-04,RealEstate,0.014038826629523124,3,0
2026-06-05,RealEstate,0.008552695343058062,3,0
2026-06-08,RealEstate,-0.023529872506627414,3,0
2026-06-09,RealEstate,-0.018915256539216403,3,0
2026-06-10,RealEstate,0.030152589911396726,3,0
2026-06-11,RealEstate,-0.010238205484385476,3,0
2026-06-12,RealEstate,-0.01426415636677203,3,0
2026-06-15,RealEstate,-0.004773723151853797,3,0
2026-06-16,RealEstate,0.00967877036519941,3,0
2026-06-17,RealEstate,-0.010791986180858673,3,0
2026-06-18,RealEstate,0.04524621866897153,3,0
2026-06-19,RealEstate,-0.0078013174032962596,3,0
2026-06-22,RealEstate,0.04769118336392375,3,0
2026-06-23,RealEstate,-0.0015316674912820478,3,0
2026-06-24,RealEstate,0.027520589987306332,3,0
2026-06-25,RealEstate,-0.02218191238270073,3,0
2026-06-26,RealEstate,0.013532468448368196,3,0
2026-06-29,RealEstate,-0.02796896086369771,3,0
2026-06-30,RealEstate,0.003639731022719047,3,0
2026-07-01,RealEstate,-0.0071688837887996515,3,0
2026-07-02,RealEstate,0.006068012677850176,3,0
2026-07-03,RealEstate,-0.0013564897889430199,3,0
2026-07-06,RealEstate,0.006851935273970137,3,0
2026-07-07,RealEstate,-0.00325427956153046,3,0
2026-07-08,RealEstate,0.00303920360912339,3,0
2026-07-09,RealEstate,-0.007705877354741708,3,0
2026-07-10,RealEstate,-0.003471589671764382,3,0
2026-07-13,RealEstate,-0.01671055791221676,3,0
2026-07-14,RealEstate,-0.007518690254247525,3,0
2026-07-15,RealEstate,-0.023970617924132426,3,0
2026-07-16,RealEstate,0.04838677270282014,3,0
2026-07-17,RealEstate,-0.00985311912507906,3,0
2026-07-20,RealEstate,-0.01381101749351791,3,0
2026-07-21,RealEstate,-0.0012922784837470596,3,0
2026-07-22,RealEstate,-0.046532490860237585,3,0
2026-07-23,RealEstate,0.03566912498134663,3,0
2026-07-24,RealEstate,0.00010930558064266756,3,0
2026-07-27,RealEstate,-0.0032452195286545304,3,0
2026-07-28,RealEstate,0.009320140200845595,3,0
2026-07-29,RealEstate,0.026626951650231618,3,0
2026-07-30,RealEstate,0.023612151421440315,3,0
2026-07-31,RealEstate,-0.008488638924744421,3,0
2026-08-03,RealEstate,0.0019084853369570516,3,0
2026-08-04,RealEstate,0.02519789778532348,3,0
2026-08-05,RealEstate,0.015713922333060754,3,0
2026-08-06,RealEstate,-0.003999965802758854,3,0
2026-08-07,RealEstate,-0.018648870010182155,3,0
2026-08-10,RealEstate,-0.016470213443771902,3,0
2026-08-11,RealEstate,-0.00606553863054804,3,0
2026-08-12,RealEstate,0.019050501623666394,3,0
2026-08-13,RealEstate,-0.02447906768317491,3,0
2026-08-14,RealEstate,-0.032469447230599635,3,0
2026-08-17,RealEstate,-0.005249877603283992,3,0
2026-08-18,RealEstate,0.008254588899750207,3,0
2026-08-19,RealEstate,-0.00553220061890584,3,0
2026-08-20,RealEstate,0.005262904003859203,3,0
2026-08-21,RealEstate,0.024476412776861523,3,0
2026-08-24,RealEstate,0.028344213064621426,3,0
2026-08-25,RealEstate,0.004082213036836609,3,0
2026-08-26,RealEstate,0.013108167243505572,3,0
2026-08-27,RealEstate,0.0070857260049221145,3,0
2026-08-28,RealEstate,-0.006148223712908833,3,0
2026-09-03,RealEstate,0.016386412152126367,3,0
2026-09-04,RealEstate,0.021454120268828796,3,0
2026-09-07,RealEstate,-0.01882745754016398,3,0
2026-09-08,RealEstate,-0.000332444800325941,3,0
2026-09-09,RealEstate,-0.0067468920950973415,3,0
2026-09-10,RealEstate,0.0007770546605497808,3,0
2026-09-11,RealEstate,-0.02779832023355877,3,0
2026-09-14,RealEstate,-0.01082258629634869,3,0
2026-09-15,RealEstate,-0.00013808340237501474,3,0
2026-09-16,RealEstate,0.004938890185166393,3,0
2026-09-17,RealEstate,0.008211171792660732,3,0
2026-09-18,RealEstate,0.0065974754558204935,3,0
2026-09-21,RealEstate,-0.026089543236478014,3,0
2026-09-22,RealEstate,0.016210414775457,3,0
2026-09-23,RealEstate,-0.02306827408372092,3,0
2024-01-03,SteelMaterials,0.018091555212196592,3,0
2024-01-04,SteelMaterials,-0.004723250872967766,3,0
2024-01-05,SteelMaterials,-0.0008943501379703825,3,0
2024-01-08,SteelMaterials,-0.002983023594959463,3,0
2024-01-09,SteelMaterials,-0.012079379443870017,3,0
2024-01-10,SteelMaterials,-0.014209898463116563,3,0
2024-01-11,SteelMaterials,0.01362491673686006,3,0
2024-01-12,SteelMaterials,-0.012312152781526198,3,0
2024-01-15,SteelMaterials,-0.002827582120183562,3,0
2024-01-16,SteelMaterials,0.051506675143038784,3,0
2024-01-17,SteelMaterials,-0.006736747433614336,3,0
2024-01-18,SteelMaterials,0.003924803932398098,3,0
2024-01-19,SteelMaterials,-0.0021878267418139843,3,0
2024-01-22,SteelMaterials,0.017558996224954788,3,0
2024-01-23,SteelMaterials,-0.0037626865760341057,3,0
2024-01-24,SteelMaterials,-0.004417874995672551,3,0
2024-01-25,SteelMaterials,0.008340617715617707,3,0
2024-01-26,SteelMaterials,0.010200785091621256,3,0
2024-01-29,SteelMaterials,-0.022435094571377046,3,0
2024-01-30,SteelMaterials,0.007639604999488014,3,0
2024-01-31,SteelMaterials,-0.017096762479972345,3,0
2024-02-01,SteelMaterials,-0.0016571459003305034,3,0
2024-02-02,SteelMaterials,0.0040414232607541845,3,0
2024-02-05,SteelMaterials,0.004810840681922501,3,0
2024-02-06,SteelMaterials,-0.0002467602617192884,3,0
2024-02-07,SteelMaterials,0.0047689162359805986,3,0
2024-02-15,SteelMaterials,0.014250486937785523,3,0
2024-02-16,SteelMaterials,-0.004076254505377741,3,0
2024-02-19,SteelMaterials,0.004564784112864577,3,0
2024-02-20,SteelMaterials,-0.005652664236076577,3,0
2024-02-21,SteelMaterials,-0.013205109833799744,3,0
2024-02-22,SteelMaterials,-0.008650349975255415,3,0
2024-02-23,SteelMaterials,-0.01374589285600684,3,0
2024-02-26,SteelMaterials,0.01406821311890886,3,0
2024-02-27,SteelMaterials,0.029640306523867583,3,0
2024-02-28,SteelMaterials,0.003984929454841672,3,0
2024-02-29,SteelMaterials,-0.0004162503140035338,3,0
2024-03-01,SteelMaterials,0.005428711561019761,3,0
2024-03-04,SteelMaterials,0.009566507914879674,3,0
2024-03-05,SteelMaterials,0.007120474884529345,3,0
2024-03-06,SteelMaterials,-0.012353231645014562,3,0
2024-03-07,SteelMaterials,0.00026993620503693955,3,0
2024-03-08,SteelMaterials,-0.022482809305217104,3,0
2024-03-11,SteelMaterials,-0.0160502371753339,3,0
2024-03-12,SteelMaterials,0.00044053764065058826,3,0
2024-03-13,SteelMaterials,0.02823196155051318,3,0
2024-03-14,SteelMaterials,-0.012205303143621005,3,0
2024-03-15,SteelMaterials,0.0006526947567944141,3,0
2024-03-18,SteelMaterials,-0.022588456327061596,3,0
2024-03-19,SteelMaterials,0.03187483713716377,3,0
2024-03-20,SteelMaterials,0.0038365718495834513,3,0
2024-03-21,SteelMaterials,0.010531843108208502,3,0
2024-03-22,SteelMaterials,0.01336724395748908,3,0
2024-03-25,SteelMaterials,-0.010000200897648193,3,0
2024-03-26,SteelMaterials,0.020196490155734475,3,0
2024-03-27,SteelMaterials,0.009056012299361704,3,0
2024-03-28,SteelMaterials,2.4367751960944577e-05,3,0
2024-03-29,SteelMaterials,-0.014339132825637294,3,0
2024-04-01,SteelMaterials,-0.0009257472279365168,3,0
2024-04-02,SteelMaterials,0.01614780084841705,3,0
2024-04-03,SteelMaterials,-0.020154710480816334,3,0
2024-04-04,SteelMaterials,-0.014950837147140553,3,0
2024-04-05,SteelMaterials,-0.019322163246136708,3,0
2024-04-08,SteelMaterials,0.003597917458904106,3,0
2024-04-09,SteelMaterials,0.013863837570335416,3,0
2024-04-10,SteelMaterials,-0.009931797901617653,3,0
2024-04-11,SteelMaterials,0.019575103731958476,3,0
2024-04-12,SteelMaterials,0.001938652888403114,3,0
2024-04-15,SteelMaterials,-0.06297193253218743,3,0
2024-04-16,SteelMaterials,-0.0158069334378671,3,0
2024-04-17,SteelMaterials,-0.02528677841606027,3,0
2024-04-19,SteelMaterials,-0.025136767031788836,3,0
2024-04-22,SteelMaterials,0.02721215589073589,3,0
2024-04-23,SteelMaterials,-0.03897033433781031,3,0
2024-04-24,SteelMaterials,0.04254230002198408,3,0
2024-04-25,SteelMaterials,-0.009080879547971024,3,0
2024-04-26,SteelMaterials,-0.006636837140260199,3,0
2024-05-02,SteelMaterials,0.018452629967557626,3,0
2024-05-03,SteelMaterials,0.008480995184800092,3,0
2024-05-06,SteelMaterials,0.022925633317341543,3,0
2024-05-07,SteelMaterials,0.013329165572954826,3,0
2024-05-08,SteelMaterials,0.011239864034410537,3,0
2024-05-09,SteelMaterials,-0.00661813706085997,3,0
2024-05-10,SteelMaterials,0.006114370740011532,3,0
2024-05-13,SteelMaterials,0.0042428428855085425,3,0
2024-05-14,SteelMaterials,-0.0017487096814505776,3,0
2024-05-15,SteelMaterials,0.022926372385072336,3,0
2024-05-16,SteelMaterials,0.00987396201844352,3,0
2024-05-17,SteelMaterials,0.00865164970343102,3,0
2024-05-20,SteelMaterials,0.011145309957319549,3,0
2024-05-21,SteelMaterials,-0.0065772501688110925,3,0
2024-05-22,SteelMaterials,-0.004793179257575979,3,0
2024-05-23,SteelMaterials,0.027832674351174685,3,0
2024-05-24,SteelMaterials,-0.029090027712567856,3,0
2024-05-27,SteelMaterials,0.008156834632064033,3,0
2024-05-28,SteelMaterials,0.005836554681961648,3,0
2024-05-29,SteelMaterials,-0.013280772304005742,3,0
2024-05-30,SteelMaterials,-0.01407775043605423,3,0
2024-05-31,SteelMaterials,0.008620847396442496,3,0
2024-06-03,SteelMaterials,0.01910505109715155,3,0
2024-06-04,SteelMaterials,0.024242488386904643,3,0
2024-06-05,SteelMaterials,-0.0006116207951070152,3,0
2024-06-06,SteelMaterials,0.008206358337572514,3,0
2024-06-07,SteelMaterials,0.0,3,0
2024-06-10,SteelMaterials,0.017652924144951603,3,0
2024-06-11,SteelMaterials,0.0023268868088348973,3,0
2024-06-12,SteelMaterials,0.009184208116714684,3,0
2024-06-13,SteelMaterials,-0.0023486063604331773,3,0
2024-06-14,SteelMaterials,-0.02757514042494913,3,0
2024-06-17,SteelMaterials,0.04101606630474993,3,0
2024-06-18,SteelMaterials,-0.003067278615442648,3,0
2024-06-19,SteelMaterials,-0.001316247913629498,3,0
2024-06-20,SteelMaterials,-0.005150062155922545,3,0
2024-06-21,SteelMaterials,-0.01219767533326858,3,0
2024-06-24,SteelMaterials,-0.035514980313929266,3,0
2024-06-25,SteelMaterials,0.020556225492555386,3,0
2024-06-26,SteelMaterials,0.005723887596519391,3,0
2024-06-27,SteelMaterials,-0.006505313398393331,3,0
2024-06-28,SteelMaterials,-0.03400418733768914,3,0
2024-07-01,SteelMaterials,0.013321134672592475,3,0
2024-07-02,SteelMaterials,0.021932527114999784,3,0
2024-07-03,SteelMaterials,0.0013425160489436057,3,0
2024-07-04,SteelMaterials,9.311644236242866e-05,3,0
2024-07-05,SteelMaterials,-0.0038515432312810813,3,0
2024-07-08,SteelMaterials,0.016474933330590618,3,0
2024-07-09,SteelMaterials,0.0022741575247441728,3,0
2024-07-10,SteelMaterials,0.0002114205013347877,3,0
2024-07-11,SteelMaterials,-0.01187383394701739,3,0
2024-07-12,SteelMaterials,0.006095678525994945,3,0
2024-07-15,SteelMaterials,-0.005285925265039719,3,0
2024-07-16,SteelMaterials,-0.007297561657234719,3,0
2024-07-17,SteelMaterials,-0.019062839936982545,3,0
2024-07-18,SteelMaterials,0.017863689290340694,3,0
2024-07-19,SteelMaterials,-0.02327242944155013,3,0
2024-07-22,SteelMaterials,-0.024595205445978114,3,0
2024-07-23,SteelMaterials,-0.014536464581455818,3,0
2024-07-24,SteelMaterials,0.008943001689806662,3,0
2024-07-25,SteelMaterials,-0.007605866718330893,3,0
2024-07-26,SteelMaterials,0.007671811831535684,3,0
2024-07-29,SteelMaterials,0.01109561265597018,3,0
2024-07-30,SteelMaterials,-0.007140194827165658,3,0
2024-07-31,SteelMaterials,-0.03710521066523901,3,0
2024-08-01,SteelMaterials,-0.041445217397695765,3,0
2024-08-02,SteelMaterials,0.02605842114585107,3,0
2024-08-05,SteelMaterials,-0.061293498495930576,3,0
2024-08-06,SteelMaterials,0.027679665051976016,3,0
2024-08-07,SteelMaterials,0.0009204697776512191,3,0
2024-08-08,SteelMaterials,-0.014571440687979628,3,0
2024-08-09,SteelMaterials,0.017089942191775176,3,0
2024-08-12,SteelMaterials,-0.0011124705427444,3,0
2024-08-13,SteelMaterials,-0.01746199377088668,3,0
2024-08-14,SteelMaterials,-0.010559821006183467,3,0
2024-08-15,SteelMaterials,-0.024438739557396023,3,0
2024-08-16,SteelMaterials,0.03117374187552017,3,0
2024-08-19,SteelMaterials,0.016355654305512262,3,0
2024-08-20,SteelMaterials,0.0072199768284208305,3,0
2024-08-21,SteelMaterials,0.013211549110435502,3,0
2024-08-22,SteelMaterials,-0.014165691987461612,3,0
2024-08-23,SteelMaterials,0.020987465358528173,3,0
2024-08-26,SteelMaterials,-0.00766865193081238,3,0
2024-08-27,SteelMaterials,-0.007793527398402962,3,0
2024-08-28,SteelMaterials,0.005553786248400454,3,0
2024-08-29,SteelMaterials,-0.003101913114288646,3,0
2024-08-30,SteelMaterials,-0.005698333646557696,3,0
2024-09-04,SteelMaterials,-0.018183575618139547,3,0
2024-09-05,SteelMaterials,-0.01921796431394085,3,0
2024-09-06,SteelMaterials,0.008047296106809654,3,0
2024-09-09,SteelMaterials,0.018871923248578188,3,0
2024-09-10,SteelMaterials,-0.017175871992466656,3,0
2024-09-11,SteelMaterials,0.012489317181976508,3,0
2024-09-12,SteelMaterials,-0.009073281290871224,3,0
2024-09-13,SteelMaterials,-0.00767886836524867,3,0
2024-09-16,SteelMaterials,-0.014060599456871955,3,0
2024-09-17,SteelMaterials,0.02005033429361484,3,0
2024-09-18,SteelMaterials,0.001170129184227579,3,0
2024-09-19,SteelMaterials,0.008624977376319398,3,0
2024-09-20,SteelMaterials,0.005994602403827987,3,0
2024-09-23,SteelMaterials,-0.005669363506751919,3,0
2024-09-24,SteelMaterials,0.00036909460706173,3,0
2024-09-25,SteelMaterials,0.023175590084878978,3,0
2024-09-26,SteelMaterials,0.0011450978430515384,3,0
2024-09-27,SteelMaterials,0.0032216709677849544,3,0
2024-09-30,SteelMaterials,0.013196714097038006,3,0
2024-10-01,SteelMaterials,0.005102040816326481,3,0
2024-10-02,SteelMaterials,-0.005527638190954735,3,0
2024-10-03,SteelMaterials,-0.016773817871014878,3,0
2024-10-04,SteelMaterials,0.005600558541735061,3,0
2024-10-07,SteelMaterials,0.0032160362503435014,3,0
2024-10-08,SteelMaterials,0.016594406642545856,3,0
2024-10-09,SteelMaterials,0.005980870713775288,3,0
2024-10-10,SteelMaterials,-0.014711918418890376,3,0
2024-10-11,SteelMaterials,0.0021515979012313538,3,0
2024-10-14,SteelMaterials,-0.00547297009826427,3,0
2024-10-15,SteelMaterials,-0.002556217663797211,3,0
2024-10-16,SteelMaterials,-0.012382791452241379,3,0
2024-10-17,SteelMaterials,0.008841190212544925,3,0
2024-10-18,SteelMaterials,-0.011284386646708758,3,0
2024-10-21,SteelMaterials,-0.012046825139094497,3,0
2024-10-22,SteelMaterials,-0.005402459012611087,3,0
2024-10-23,SteelMaterials,-0.000948139274027926,3,0
2024-10-24,SteelMaterials,0.0032959789057350384,3,0
2024-10-25,SteelMaterials,-0.0032637075718015738,3,0
2024-10-28,SteelMaterials,0.015340819191378419,3,0
2024-10-29,SteelMaterials,0.003507559933283814,3,0
2024-10-30,SteelMaterials,-0.007687640908358236,3,0
2024-10-31,SteelMaterials,-0.003080592734840885,3,0
2024-11-01,SteelMaterials,2.385359014589472e-05,3,0
2024-11-04,SteelMaterials,-0.0112753618538316,3,0
2024-11-05,SteelMaterials,0.006462121818295567,3,0
2024-11-06,SteelMaterials,0.018754350936205217,3,0
2024-11-07,SteelMaterials,-0.0033016603529424002,3,0
2024-11-08,SteelMaterials,0.003124215776859692,3,0
2024-11-11,SteelMaterials,0.01258696401690503,3,0
2024-11-12,SteelMaterials,-0.010289681084039937,3,0
2024-11-13,SteelMaterials,-0.016832738651540002,3,0
2024-11-14,SteelMaterials,-0.03771550441877477,3,0
2024-11-15,SteelMaterials,-0.029821753506948823,3,0
2024-11-18,SteelMaterials,0.002021921341070302,3,0
2024-11-19,SteelMaterials,-0.01254852346635956,3,0
2024-11-20,SteelMaterials,0.011265906795482339,3,0
2024-11-21,SteelMaterials,0.009405776353409149,3,0
2024-11-22,SteelMaterials,0.004024993967327584,3,0
2024-11-25,SteelMaterials,0.0016256735971891627,3,0
2024-11-26,SteelMaterials,0.006734729758115361,3,0
2024-11-27,SteelMaterials,-0.0014198498039452352,3,0
2024-11-28,SteelMaterials,0.0013912783572856229,3,0
2024-11-29,SteelMaterials,0.004412763068567527,3,0
2024-12-02,SteelMaterials,0.001842546063651677,3,0
2024-12-03,SteelMaterials,-0.008167028895089764,3,0
2024-12-04,SteelMaterials,-0.019813291170126535,3,0
2024-12-05,SteelMaterials,0.03527970475636392,3,0
2024-12-06,SteelMaterials,-0.01078705748925494,3,0
2024-12-09,SteelMaterials,0.016345394877172497,3,0
2024-12-10,SteelMaterials,0.004967491643954676,3,0
2024-12-11,SteelMaterials,-0.007143041514874475,3,0
2024-12-12,SteelMaterials,-0.006489168875834506,3,0
2024-12-13,SteelMaterials,-0.01672602550625298,3,0
2024-12-16,SteelMaterials,-0.005815652839391043,3,0
2024-12-17,SteelMaterials,-0.008977520881892668,3,0
2024-12-18,SteelMaterials,0.01785413767488871,3,0
2024-12-19,SteelMaterials,0.001663634488061912,3,0
2024-12-20,SteelMaterials,-0.005367160910857797,3,0
2024-12-23,SteelMaterials,0.0009520251920457726,3,0
2024-12-24,SteelMaterials,-0.0015706516285497834,3,0
2024-12-25,SteelMaterials,0.014436894443432694,3,0
2024-12-26,SteelMaterials,-0.0062301925556793964,3,0
2024-12-27,SteelMaterials,-0.008060484236378026,3,0
2024-12-30,SteelMaterials,-0.0015731889264455716,3,0
2024-12-31,SteelMaterials,-0.010207315172053052,3,0
2025-01-02,SteelMaterials,0.012562508288241606,3,0
2025-01-03,SteelMaterials,-0.019864438853985922,3,0
2025-01-06,SteelMaterials,-0.024731327386206647,3,0
2025-01-07,SteelMaterials,-0.008438818565400852,3,0
2025-01-08,SteelMaterials,0.013564827845013635,3,0
2025-01-09,SteelMaterials,-0.01099540744314198,3,0
2025-01-10,SteelMaterials,-0.019751085181094547,3,0
2025-01-13,SteelMaterials,0.00816044258888915,3,0
2025-01-14,SteelMaterials,-0.013638142259055575,3,0
2025-01-15,SteelMaterials,0.029695755093627502,3,0
2025-01-16,SteelMaterials,-0.0034590127520053304,3,0
2025-01-17,SteelMaterials,0.007306430627828838,3,0
2025-01-20,SteelMaterials,-0.005534255767171777,3,0
2025-01-21,SteelMaterials,-0.01049339634962613,3,0
2025-01-22,SteelMaterials,-0.011816983843437545,3,0
2025-01-23,SteelMaterials,0.01721333667644583,3,0
2025-01-24,SteelMaterials,-0.005209098350334303,3,0
2025-02-03,SteelMaterials,0.008399489590798392,3,0
2025-02-04,SteelMaterials,0.027342522040048795,3,0
2025-02-05,SteelMaterials,-0.0015303521562909743,3,0
2025-02-06,SteelMaterials,-0.004031397467500512,3,0
2025-02-07,SteelMaterials,-0.006213244118743688,3,0
2025-02-10,SteelMaterials,-0.042795075417897434,3,0
2025-02-11,SteelMaterials,0.010071249484142694,3,0
2025-02-12,SteelMaterials,-0.009161016068002978,3,0
2025-02-13,SteelMaterials,0.0007152003169251057,3,0
2025-02-14,SteelMaterials,0.014719409036357009,3,0
2025-02-17,SteelMaterials,0.000514933058702353,3,0
2025-02-18,SteelMaterials,0.014949095268590154,3,0
2025-02-19,SteelMaterials,0.0027327058230466696,3,0
2025-02-20,SteelMaterials,0.010287920920298621,3,0
2025-02-21,SteelMaterials,-0.004796203512143493,3,0
2025-02-24,SteelMaterials,0.030710634044476715,3,0
2025-02-25,SteelMaterials,-0.009750067005299198,3,0
2025-02-26,SteelMaterials,0.011634225091131656,3,0
2025-02-27,SteelMaterials,0.05465157019985112,3,0
2025-02-28,SteelMaterials,0.002660867871572048,3,0
2025-03-03,SteelMaterials,-0.0010154838101726904,3,0
2025-03-04,SteelMaterials,-0.009838719177096777,3,0
2025-03-05,SteelMaterials,-0.016207022027387958,3,0
2025-03-06,SteelMaterials,0.029587928056272455,3,0
2025-03-07,SteelMaterials,-0.001306785911305619,3,0
2025-03-10,SteelMaterials,-0.00931371431322984,3,0
2025-03-11,SteelMaterials,0.015103870532038988,3,0
2025-03-12,SteelMaterials,-0.008086231575930136,3,0
2025-03-13,SteelMaterials,-0.0006941846846418853,3,0
2025-03-14,SteelMaterials,-0.00886917122223548,3,0
2025-03-17,SteelMaterials,0.011670108740363819,3,0
2025-03-18,SteelMaterials,-0.02206589700304684,3,0
2025-03-19,SteelMaterials,-0.026865890936375442,3,0
2025-03-20,SteelMaterials,0.008398372352406517,3,0
2025-03-21,SteelMaterials,-0.002748625687156392,3,0
2025-03-24,SteelMaterials,-0.000178429088783331,3,0
2025-03-25,SteelMaterials,0.005401031490811947,3,0
2025-03-26,SteelMaterials,0.006027962930533981,3,0
2025-03-27,SteelMaterials,-0.01039022075147189,3,0
2025-03-28,SteelMaterials,-0.015347127314456014,3,0
2025-03-31,SteelMaterials,-0.009771307765054527,3,0
2025-04-01,SteelMaterials,0.014141611328089812,3,0
2025-04-02,SteelMaterials,0.010027085930860583,3,0
2025-04-03,SteelMaterials,-0.06926160463996844,3,0
2025-04-04,SteelMaterials,-0.05171799292244187,3,0
2025-04-08,SteelMaterials,-0.06874650026320821,3,0
2025-04-09,SteelMaterials,-0.06851949502620969,3,0
2025-04-10,SteelMaterials,0.06844873697065539,3,0
2025-04-11,SteelMaterials,0.03651069510678151,3,0
2025-04-14,SteelMaterials,0.008165358282815541,3,0
2025-04-15,SteelMaterials,-0.016203515638904837,3,0
2025-04-16,SteelMaterials,-0.015339406519621956,3,0
2025-04-17,SteelMaterials,-3.696859875298072e-05,3,0
2025-04-18,SteelMaterials,0.010006252532111182,3,0
2025-04-21,SteelMaterials,-0.021798605178273145,3,0
2025-04-22,SteelMaterials,-0.0339144846702765,3,0
2025-04-23,SteelMaterials,0.04991159412710999,3,0
2025-04-24,SteelMaterials,0.00134653746750583,3,0
2025-04-25,SteelMaterials,-0.0008995880538561485,3,0
2025-04-28,SteelMaterials,0.00830244251632232,3,0
2025-04-29,SteelMaterials,-0.001179440414173986,3,0
2025-05-05,SteelMaterials,0.036001826532634285,3,0
2025-05-06,SteelMaterials,-0.01427488369205454,3,0
2025-05-07,SteelMaterials,0.006702572554135015,3,0
2025-05-08,SteelMaterials,0.012820351262066229,3,0
2025-05-09,SteelMaterials,-0.00011698342953114782,3,0
2025-05-12,SteelMaterials,-0.000817719823943297,3,0
2025-05-13,SteelMaterials,0.01045747014877326,3,0
2025-05-14,SteelMaterials,0.022211807485027713,3,0
2025-05-15,SteelMaterials,0.010932947408073638,3,0
2025-05-16,SteelMaterials,0.005867411965425211,3,0
2025-05-19,SteelMaterials,-0.012427213498128031,3,0
2025-05-20,SteelMaterials,0.0025222707423580757,3,0
2025-05-21,SteelMaterials,0.0018090610638427835,3,0
2025-05-22,SteelMaterials,-0.001388325472559478,3,0
2025-05-23,SteelMaterials,-0.003584814905569648,3,0
2025-05-26,SteelMaterials,0.009103901997480235,3,0
2025-05-27,SteelMaterials,0.006563926940639305,3,0
2025-05-28,SteelMaterials,0.0001840165380638803,3,0
2025-05-29,SteelMaterials,-0.0008942498474571181,3,0
2025-05-30,SteelMaterials,0.00793005516438905,3,0
2025-06-02,SteelMaterials,-0.013940286395591603,3,0
2025-06-03,SteelMaterials,0.0183974178889544,3,0
2025-06-04,SteelMaterials,-0.0049289510935596565,3,0
2025-06-05,SteelMaterials,0.0029744848568912983,3,0
2025-06-06,SteelMaterials,0.0006477679939549027,3,0
2025-06-09,SteelMaterials,-0.00813402979685999,3,0
2025-06-10,SteelMaterials,-0.007130912302553916,3,0
2025-06-11,SteelMaterials,-0.0004538880299628974,3,0
2025-06-12,SteelMaterials,0.032694813459125616,3,0
2025-06-13,SteelMaterials,-0.019484974994019355,3,0
2025-06-16,SteelMaterials,0.016319163433423656,3,0
2025-06-17,SteelMaterials,0.0103634404268765,3,0
2025-06-18,SteelMaterials,0.0024662199229651773,3,0
2025-06-19,SteelMaterials,-0.010072175952086463,3,0
2025-06-20,SteelMaterials,-0.0026298840020117695,3,0
2025-06-23,SteelMaterials,-0.009469472596148165,3,0
2025-06-24,SteelMaterials,0.015028272234924275,3,0
2025-06-25,SteelMaterials,0.0073228803716608075,3,0
2025-06-26,SteelMaterials,-0.00048579269435962874,3,0
2025-06-27,SteelMaterials,-0.004165826571156199,3,0
2025-06-30,SteelMaterials,-0.0024599142650718977,3,0
2025-07-01,SteelMaterials,0.0026548833203677478,3,0
2025-07-02,SteelMaterials,0.018168430093987276,3,0
2025-07-03,SteelMaterials,0.006067750543824024,3,0
2025-07-04,SteelMaterials,-0.0005251647593793966,3,0
2025-07-07,SteelMaterials,0.013976258615482942,3,0
2025-07-08,SteelMaterials,0.027404662636260662,3,0
2025-07-09,SteelMaterials,-0.0002259781346674409,3,0
2025-07-10,SteelMaterials,0.00831672959952486,3,0
2025-07-11,SteelMaterials,0.009240338445649901,3,0
2025-07-14,SteelMaterials,0.002238991884399392,3,0
2025-07-15,SteelMaterials,0.0006356612929775407,3,0
2025-07-16,SteelMaterials,0.011867413406216812,3,0
2025-07-17,SteelMaterials,0.00031576527232228074,3,0
2025-07-18,SteelMaterials,-0.002255241863776051,3,0
2025-07-21,SteelMaterials,0.007165909820535443,3,0
2025-07-22,SteelMaterials,0.005130501209335077,3,0
2025-07-23,SteelMaterials,0.024417831725545125,3,0
2025-07-24,SteelMaterials,-0.012586250509099043,3,0
2025-07-25,SteelMaterials,0.008361240042197071,3,0
2025-07-28,SteelMaterials,0.03942907482268857,3,0
2025-07-29,SteelMaterials,-0.03682528890279898,3,0
2025-07-30,SteelMaterials,0.026710130133520044,3,0
2025-07-31,SteelMaterials,-0.017492778339790387,3,0
2025-08-01,SteelMaterials,-0.013490160890293349,3,0
2025-08-04,SteelMaterials,0.008456892238580668,3,0
2025-08-05,SteelMaterials,0.021679953146951814,3,0
2025-08-06,SteelMaterials,0.019169922107701447,3,0
2025-08-07,SteelMaterials,0.041068480746933776,3,0
2025-08-08,SteelMaterials,-0.012537897367454143,3,0
2025-08-11,SteelMaterials,0.009048111332007927,3,0
2025-08-12,SteelMaterials,0.008712753658403813,3,0
2025-08-13,SteelMaterials,-0.013064844268059614,3,0
2025-08-14,SteelMaterials,-0.0018802383397146238,3,0
2025-08-15,SteelMaterials,0.00047933172658398693,3,0
2025-08-18,SteelMaterials,0.01786828296836392,3,0
2025-08-19,SteelMaterials,-0.010208663219693973,3,0
2025-08-20,SteelMaterials,-0.03749824528485416,3,0
2025-08-21,SteelMaterials,-0.0038714021735725876,3,0
2025-08-22,SteelMaterials,-0.039988324773465776,3,0
2025-08-25,SteelMaterials,-0.006439101636127413,3,0
2025-08-26,SteelMaterials,0.036133625171237714,3,0
2025-08-27,SteelMaterials,-0.011313959309575905,3,0
2025-08-28,SteelMaterials,0.007139731329646626,3,0
2025-08-29,SteelMaterials,0.006121358956849991,3,0
2025-09-03,SteelMaterials,0.05392235923406926,3,0
2025-09-04,SteelMaterials,0.06542550217766507,3,0
2025-09-05,SteelMaterials,-0.02637103829219393,3,0
2025-09-08,SteelMaterials,0.0016000201349656296,3,0
2025-09-09,SteelMaterials,-0.0056702813052043055,3,0
2025-09-10,SteelMaterials,-0.00864153357837801,3,0
2025-09-11,SteelMaterials,0.0360785477028401,3,0
2025-09-12,SteelMaterials,0.02603853089282519,3,0
2025-09-15,SteelMaterials,0.008712679674503399,3,0
2025-09-16,SteelMaterials,-0.015613164876925545,3,0
2025-09-17,SteelMaterials,-0.020207614833814096,3,0
2025-09-18,SteelMaterials,0.009718193926251839,3,0
2025-09-19,SteelMaterials,-0.01042282518200995,3,0
2025-09-22,SteelMaterials,-0.03877100293543545,3,0
2025-09-23,SteelMaterials,-0.0015068051684350807,3,0
2025-09-24,SteelMaterials,0.02058506927750603,3,0
2025-09-25,SteelMaterials,-0.0028281270086129018,3,0
2025-09-26,SteelMaterials,-0.006329961617041506,3,0
2025-09-29,SteelMaterials,-0.0074337359818146265,3,0
2025-09-30,SteelMaterials,-0.016233749161483308,3,0
2025-10-01,SteelMaterials,0.002766033293540341,3,0
2025-10-02,SteelMaterials,-0.02129741279016306,3,0
2025-10-03,SteelMaterials,-0.021577102701413848,3,0
2025-10-06,SteelMaterials,0.051806634699260355,3,0
2025-10-07,SteelMaterials,-0.01424937668747106,3,0
2025-10-08,SteelMaterials,0.015333910617849167,3,0
2025-10-09,SteelMaterials,-0.0009828764332253288,3,0
2025-10-10,SteelMaterials,0.012695516751466554,3,0
2025-10-13,SteelMaterials,-0.021153822985435704,3,0
2025-10-14,SteelMaterials,-0.02152222206377774,3,0
2025-10-15,SteelMaterials,0.0007046103394683737,3,0
2025-10-16,SteelMaterials,0.009785367789431954,3,0
2025-10-17,SteelMaterials,-0.0014736106471735881,3,0
2025-10-20,SteelMaterials,-0.06850338173460846,3,0
2025-10-21,SteelMaterials,-0.012473469206881157,3,0
2025-10-22,SteelMaterials,0.003022609059656308,3,0
2025-10-23,SteelMaterials,-0.007890220488242025,3,0
2025-10-24,SteelMaterials,-0.01351257139940957,3,0
2025-10-27,SteelMaterials,0.008392190544530628,3,0
2025-10-28,SteelMaterials,0.02281808098663703,3,0
2025-10-29,SteelMaterials,0.009563408579306673,3,0
2025-10-30,SteelMaterials,-0.01735832879267296,3,0
2025-10-31,SteelMaterials,0.0006107911875694594,3,0
2025-11-03,SteelMaterials,-0.003985908346594698,3,0
2025-11-04,SteelMaterials,0.029127800948467304,3,0
2025-11-05,SteelMaterials,-0.003538238450524515,3,0
2025-11-06,SteelMaterials,-0.008223339841541407,3,0
2025-11-07,SteelMaterials,-0.00472468140488036,3,0
2025-11-10,SteelMaterials,-0.0020110258063079276,3,0
2025-11-11,SteelMaterials,0.005024212717637866,3,0
2025-11-12,SteelMaterials,0.022136360969312967,3,0
2025-11-13,SteelMaterials,-0.009547516967528277,3,0
2025-11-14,SteelMaterials,0.006306844058920236,3,0
2025-11-17,SteelMaterials,0.011919991302230537,3,0
2025-11-18,SteelMaterials,0.004477664559341917,3,0
2025-11-19,SteelMaterials,0.00037165579062581333,3,0
2025-11-20,SteelMaterials,-0.01608649821605057,3,0
2025-11-21,SteelMaterials,-0.00411284372728075,3,0
2025-11-24,SteelMaterials,-0.009481758065468878,3,0
2025-11-25,SteelMaterials,-0.01236273493666551,3,0
2025-11-26,SteelMaterials,0.015598297501206856,3,0
2025-11-27,SteelMaterials,-0.007560991133717665,3,0
2025-11-28,SteelMaterials,-0.010049086305325897,3,0
2025-12-01,SteelMaterials,-0.00878636161586229,3,0
2025-12-02,SteelMaterials,-0.001145475372279529,3,0
2025-12-03,SteelMaterials,0.010075638281142737,3,0
2025-12-04,SteelMaterials,0.014237165108792471,3,0
2025-12-05,SteelMaterials,-0.011599672931462099,3,0
2025-12-08,SteelMaterials,-0.013451411900497071,3,0
2025-12-09,SteelMaterials,-0.006422163580160234,3,0
2025-12-10,SteelMaterials,0.00088936910742754,3,0
2025-12-11,SteelMaterials,-0.0023150524932421166,3,0
2025-12-12,SteelMaterials,-0.048373208994125304,3,0
2025-12-15,SteelMaterials,0.003159557661927289,3,0
2025-12-16,SteelMaterials,0.025816295046000876,3,0
2025-12-17,SteelMaterials,-0.007045813737810547,3,0
2025-12-18,SteelMaterials,-0.003148678656789805,3,0
2025-12-19,SteelMaterials,0.010305048824371443,3,0
2025-12-22,SteelMaterials,0.01224584391619099,3,0
2025-12-23,SteelMaterials,-0.010557814766505488,3,0
2025-12-24,SteelMaterials,0.0008925852533871644,3,0
2025-12-25,SteelMaterials,-0.006074338079616474,3,0
2025-12-26,SteelMaterials,0.01610043788945011,3,0
2025-12-29,SteelMaterials,-0.0015478886437515123,3,0
2025-12-30,SteelMaterials,-0.013011335539128588,3,0
2025-12-31,SteelMaterials,-0.007959918631922766,3,0
2026-01-05,SteelMaterials,-0.01865443120801032,3,0
2026-01-06,SteelMaterials,-0.003109324537895993,3,0
2026-01-07,SteelMaterials,0.03059203431537531,3,0
2026-01-08,SteelMaterials,-0.005935797625217121,3,0
2026-01-09,SteelMaterials,-0.009007307014071783,3,0
2026-01-12,SteelMaterials,0.048631652921502955,3,0
2026-01-13,SteelMaterials,-0.006292318893926378,3,0
2026-01-14,SteelMaterials,0.004269351539309518,3,0
2026-01-15,SteelMaterials,0.03035486775998549,3,0
2026-01-16,SteelMaterials,-0.005861365953109081,3,0
2026-01-19,SteelMaterials,-0.00423276563429927,3,0
2026-01-20,SteelMaterials,-0.01269096341996708,3,0
2026-01-21,SteelMaterials,-0.020666883481692617,3,0
2026-01-22,SteelMaterials,0.013281729836415623,3,0
2026-01-23,SteelMaterials,-0.009608951320628037,3,0
2026-01-26,SteelMaterials,-0.025610140954414457,3,0
2026-01-27,SteelMaterials,0.001845542305508226,3,0
2026-01-28,SteelMaterials,0.01618261637592533,3,0
2026-01-29,SteelMaterials,0.009352836900586192,3,0
2026-01-30,SteelMaterials,-0.008939469474773717,3,0
2026-02-02,SteelMaterials,-0.01698587982539716,3,0
2026-02-03,SteelMaterials,0.00461667385177759,3,0
2026-02-04,SteelMaterials,0.04756810789291074,3,0
2026-02-05,SteelMaterials,-0.021355552300712326,3,0
2026-02-06,SteelMaterials,-0.03435737748404536,3,0
2026-02-09,SteelMaterials,-0.0006664458022586084,3,0
2026-02-10,SteelMaterials,-0.0036311310467325164,3,0
2026-02-11,SteelMaterials,0.011638744652082478,3,0
2026-02-12,SteelMaterials,0.0005562508691420535,3,0
2026-02-13,SteelMaterials,-0.0027775463927068125,3,0
2026-02-23,SteelMaterials,0.025564563480745983,3,0
2026-02-24,SteelMaterials,0.030036790101345634,3,0
2026-02-25,SteelMaterials,0.019042848620031878,3,0
2026-02-26,SteelMaterials,-0.0017609561849607491,3,0
2026-02-27,SteelMaterials,-0.016256597898014775,3,0
2026-03-02,SteelMaterials,-0.01680392350715476,3,0
2026-03-03,SteelMaterials,-0.01794925775463881,3,0
2026-03-04,SteelMaterials,-0.016121764141898365,3,0
2026-03-05,SteelMaterials,-0.01538153531294025,3,0
2026-03-06,SteelMaterials,-0.009112623972159617,3,0
2026-03-09,SteelMaterials,-0.06885971908685169,3,0
2026-03-10,SteelMaterials,0.04772754340464269,3,0
2026-03-11,SteelMaterials,0.022305610785129604,3,0
2026-03-12,SteelMaterials,-0.025240791930814892,3,0
2026-03-13,SteelMaterials,-0.00315350176482454,3,0
2026-03-16,SteelMaterials,0.0048421812380372575,3,0
2026-03-17,SteelMaterials,0.004967919815197286,3,0
2026-03-18,SteelMaterials,0.00016991276485508097,3,0
2026-03-19,SteelMaterials,-0.008484531058844688,3,0
2026-03-20,SteelMaterials,-0.017929969492997227,3,0
2026-03-23,SteelMaterials,-0.03529873632711,3,0
2026-03-24,SteelMaterials,0.025916738806659234,3,0
2026-03-25,SteelMaterials,0.012658596837250716,3,0
2026-03-26,SteelMaterials,-0.004657728479997236,3,0
2026-03-27,SteelMaterials,0.028310581451946648,3,0
2026-03-30,SteelMaterials,0.008484871848493484,3,0
2026-03-31,SteelMaterials,-0.003637405980554028,3,0
2026-04-01,SteelMaterials,0.00568445826292215,3,0
2026-04-02,SteelMaterials,0.0012652969352870598,3,0
2026-04-03,SteelMaterials,-0.017124250212765757,3,0
2026-04-06,SteelMaterials,-0.004205891969606783,3,0
2026-04-07,SteelMaterials,-0.0004694302615573613,3,0
2026-04-08,SteelMaterials,0.04202614310948046,3,0
2026-04-09,SteelMaterials,0.01664690947231362,3,0
2026-04-10,SteelMaterials,-0.009559227317464688,3,0
2026-04-13,SteelMaterials,-0.0046133797834731665,3,0
2026-04-14,SteelMaterials,0.05393874891975833,3,0
2026-04-15,SteelMaterials,-0.01545405620815162,3,0
2026-04-16,SteelMaterials,-0.0052109241585854464,3,0
2026-04-17,SteelMaterials,-0.0015624805993647388,3,0
2026-04-20,SteelMaterials,0.010642576747398769,3,0
2026-04-21,SteelMaterials,-0.006676206075753736,3,0
2026-04-22,SteelMaterials,-0.008092649550765163,3,0
2026-04-23,SteelMaterials,-0.008853994493936387,3,0
2026-04-24,SteelMaterials,0.002128636199495696,3,0
2026-04-28,SteelMaterials,6.206080167721802e-05,3,0
2026-04-29,SteelMaterials,-0.0008771929824561431,3,0
2026-05-04,SteelMaterials,0.005520585386769916,3,0
2026-05-05,SteelMaterials,-0.013134644766997697,3,0
2026-05-06,SteelMaterials,0.012340549988664481,3,0
2026-05-07,SteelMaterials,0.0031481854671509732,3,0
2026-05-08,SteelMaterials,-0.006346855046895509,3,0
2026-05-11,SteelMaterials,-0.02156267837664194,3,0
2026-05-12,SteelMaterials,0.005214285620083266,3,0
2026-05-13,SteelMaterials,0.0022631368080688516,3,0
2026-05-14,SteelMaterials,-0.001727931637237649,3,0
2026-05-15,SteelMaterials,-0.011205698825615248,3,0
2026-05-18,SteelMaterials,-0.006653614054694408,3,0
2026-05-19,SteelMaterials,-0.0012445137445137682,3,0
2026-05-20,SteelMaterials,-0.006805656063204564,3,0
2026-05-21,SteelMaterials,0.014968846381612591,3,0
2026-05-22,SteelMaterials,0.01339239182907718,3,0
2026-05-25,SteelMaterials,-0.0005536340513612922,3,0
2026-05-26,SteelMaterials,0.013480482091597171,3,0
2026-05-27,SteelMaterials,-0.0037238265156469184,3,0
2026-05-28,SteelMaterials,-0.014627077128684385,3,0
2026-05-29,SteelMaterials,-0.0037269929652207954,3,0
2026-06-01,SteelMaterials,0.000694444444444479,3,0
2026-06-02,SteelMaterials,-0.015564824405343644,3,0
2026-06-03,SteelMaterials,0.011809781143464537,3,0
2026-06-04,SteelMaterials,-0.009259562471007862,3,0
2026-06-05,SteelMaterials,-0.004456146750699756,3,0
2026-06-08,SteelMaterials,-0.02439831374552885,3,0
2026-06-09,SteelMaterials,0.006437768240343367,3,0
2026-06-10,SteelMaterials,0.006034220072150968,3,0
2026-06-11,SteelMaterials,-0.0070166299448184795,3,0
2026-06-12,SteelMaterials,-0.004255473921582949,3,0
2026-06-15,SteelMaterials,0.0364200567899123,3,0
2026-06-16,SteelMaterials,0.0034346775886879475,3,0
2026-06-17,SteelMaterials,-0.005519848259043429,3,0
2026-06-18,SteelMaterials,-0.00890027947224481,3,0
2026-06-19,SteelMaterials,-0.008787050952223282,3,0
2026-06-22,SteelMaterials,-0.001366120218579218,3,0
2026-06-23,SteelMaterials,-0.015303057143404705,3,0
2026-06-24,SteelMaterials,7.183005010143646e-05,3,0
2026-06-25,SteelMaterials,-0.0028368794326241176,3,0
2026-06-26,SteelMaterials,-0.002830971185401543,3,0
2026-06-29,SteelMaterials,0.012087721916178573,3,0
2026-06-30,SteelMaterials,-0.006351491160991392,3,0
2026-07-01,SteelMaterials,0.004959313060171426,3,0
2026-07-02,SteelMaterials,-0.009115428796312849,3,0
2026-07-03,SteelMaterials,-0.0007724132977682263,3,0
2026-07-06,SteelMaterials,-0.002258762742633739,3,0
2026-07-07,SteelMaterials,-0.0012992168609476569,3,0
2026-07-08,SteelMaterials,0.010017880670054527,3,0
2026-07-09,SteelMaterials,-0.009830237102964379,3,0
2026-07-10,SteelMaterials,-0.007939780109945041,3,0
2026-07-13,SteelMaterials,-0.01789873879715842,3,0
2026-07-14,SteelMaterials,0.013225986975987128,3,0
2026-07-15,SteelMaterials,0.0014045214045213712,3,0
2026-07-16,SteelMaterials,-0.011468952533366586,3,0
2026-07-17,SteelMaterials,-0.025419956454439174,3,0
2026-07-20,SteelMaterials,-0.06066497862370224,3,0
2026-07-21,SteelMaterials,0.003311483705986662,3,0
2026-07-22,SteelMaterials,-0.004762121764491496,3,0
2026-07-23,SteelMaterials,0.006379805464473698,3,0
2026-07-24,SteelMaterials,-0.004731955675351933,3,0
2026-07-27,SteelMaterials,-0.023145312290049052,3,0
2026-07-28,SteelMaterials,0.031926829501456234,3,0
2026-07-29,SteelMaterials,0.024521771778999318,3,0
2026-07-30,SteelMaterials,0.01625040290782646,3,0
2026-07-31,SteelMaterials,-0.012149764443342518,3,0
2026-08-03,SteelMaterials,0.029977417722574524,3,0
2026-08-04,SteelMaterials,-0.014882852356958595,3,0
2026-08-05,SteelMaterials,-0.002285139027464226,3,0
2026-08-06,SteelMaterials,-0.0052757302757302504,3,0
2026-08-07,SteelMaterials,0.002260271158059083,3,0
2026-08-10,SteelMaterials,0.010691201183677279,3,0
2026-08-11,SteelMaterials,-0.0007541478129713397,3,0
2026-08-12,SteelMaterials,0.0007558578987150177,3,0
2026-08-13,SteelMaterials,-0.01661367616912679,3,0
2026-08-14,SteelMaterials,-0.019126817722288414,3,0
2026-08-17,SteelMaterials,0.002375243936437066,3,0
2026-08-18,SteelMaterials,-0.010882438821140261,3,0
2026-08-19,SteelMaterials,2.9949086552886566e-05,3,0
2026-08-20,SteelMaterials,-0.0007861635220126247,3,0
2026-08-21,SteelMaterials,0.029213316086057928,3,0
2026-08-24,SteelMaterials,0.023767245874378135,3,0
2026-08-25,SteelMaterials,-0.018727136489859537,3,0
2026-08-26,SteelMaterials,0.006873879794862425,3,0
2026-08-27,SteelMaterials,0.0022883300579699486,3,0
2026-08-28,SteelMaterials,-0.004538723031873711,3,0
2026-09-03,SteelMaterials,-0.01975294811421339,3,0
2026-09-04,SteelMaterials,-0.0015649452269171176,3,0
2026-09-07,SteelMaterials,-0.0038545350623370167,3,0
2026-09-08,SteelMaterials,0.0061980036284522795,3,0
2026-09-09,SteelMaterials,0.0030511060259343914,3,0
2026-09-10,SteelMaterials,-0.009268860876708898,3,0
2026-09-11,SteelMaterials,-0.031998858137382714,3,0
2026-09-14,SteelMaterials,-0.012795728620086525,3,0
2026-09-15,SteelMaterials,0.006434854011716951,3,0
2026-09-16,SteelMaterials,-0.011175285899256315,3,0
2026-09-17,SteelMaterials,0.006304102206161621,3,0
2026-09-18,SteelMaterials,0.0034866430039230956,3,0
2026-09-21,SteelMaterials,-0.0055692259319308395,3,0
2026-09-22,SteelMaterials,-0.0015481199365556437,3,0
2026-09-23,SteelMaterials,-0.0015760441292355838,3,0
2024-01-03,Technology,0.021162270184028237,3,0
2024-01-04,Technology,-0.004068303216644568,3,0
2024-01-05,Technology,-0.00950163048150395,3,0
2024-01-08,Technology,-0.009830272144105331,3,0
2024-01-09,Technology,-0.0031557518359397094,3,0
2024-01-10,Technology,-0.010235614949508828,3,0
2024-01-11,Technology,-0.00296236228261589,3,0
2024-01-12,Technology,-0.010302425835546266,3,0
2024-01-15,Technology,0.001302184778147512,3,0
2024-01-16,Technology,0.011245135159169731,3,0
2024-01-17,Technology,-0.00543200841937382,3,0
2024-01-18,Technology,-0.004543244911020687,3,0
2024-01-19,Technology,0.007985577554321388,3,0
2024-01-22,Technology,0.006482007316299591,3,0
2024-01-23,Technology,-0.00649957879169664,3,0
2024-01-24,Technology,-0.005652148199450109,3,0
2024-01-25,Technology,-0.0013864434360335576,3,0
2024-01-26,Technology,0.0075801331396687655,3,0
2024-01-29,Technology,-5.211520807835157e-05,3,0
2024-01-30,Technology,-0.0001794773421053275,3,0
2024-01-31,Technology,0.009453737736631421,3,0
2024-02-01,Technology,0.02776347262685112,3,0
2024-02-02,Technology,0.00998815208946254,3,0
2024-02-05,Technology,0.004986559039992899,3,0
2024-02-06,Technology,-0.0052325498825122425,3,0
2024-02-07,Technology,-0.001555074787256287,3,0
2024-02-15,Technology,-0.002110075863211954,3,0
2024-02-16,Technology,0.00037386156198041903,3,0
2024-02-19,Technology,0.006098972359342869,3,0
2024-02-20,Technology,0.007007540424740315,3,0
2024-02-21,Technology,-0.002836952953315134,3,0
2024-02-22,Technology,-0.00018323074170915424,3,0
2024-02-23,Technology,-0.003857587561755286,3,0
2024-02-26,Technology,0.030198896589140507,3,0
2024-02-27,Technology,0.025740147526753687,3,0
2024-02-28,Technology,0.0023231747192173913,3,0
2024-02-29,Technology,0.005186185438961728,3,0
2024-03-01,Technology,0.02807335436659475,3,0
2024-03-04,Technology,0.01136379316148887,3,0
2024-03-05,Technology,0.03444083011633855,3,0
2024-03-06,Technology,-0.005980800319838053,3,0
2024-03-07,Technology,-0.005383709174728228,3,0
2024-03-08,Technology,-0.026757941800218215,3,0
2024-03-11,Technology,0.017211997273346952,3,0
2024-03-12,Technology,0.027067551901245917,3,0
2024-03-13,Technology,0.02212976691899741,3,0
2024-03-14,Technology,-0.008427271533672323,3,0
2024-03-15,Technology,-0.010927633479583365,3,0
2024-03-18,Technology,-0.0360496523387834,3,0
2024-03-19,Technology,-0.008499799979535724,3,0
2024-03-20,Technology,0.013272739630410943,3,0
2024-03-21,Technology,0.014089490397786805,3,0
2024-03-22,Technology,-0.0030260686620952417,3,0
2024-03-25,Technology,-0.017426993906555,3,0
2024-03-26,Technology,0.021165036792707276,3,0
2024-03-27,Technology,0.026636502531883027,3,0
2024-03-28,Technology,0.024773905995514028,3,0
2024-03-29,Technology,0.011612968446885715,3,0
2024-04-01,Technology,0.00888895117501883,3,0
2024-04-02,Technology,0.030519963040831377,3,0
2024-04-03,Technology,0.047114702448672184,3,0
2024-04-04,Technology,0.026334795456399756,3,0
2024-04-05,Technology,0.011388272497745803,3,0
2024-04-08,Technology,-0.05739924941103528,3,0
2024-04-09,Technology,0.02641026259502029,3,0
2024-04-10,Technology,0.01061377025352154,3,0
2024-04-11,Technology,0.017377236163587773,3,0
2024-04-12,Technology,0.015201998985848508,3,0
2024-04-15,Technology,-0.05596882141581191,3,0
2024-04-16,Technology,0.02028884219360849,3,0
2024-04-17,Technology,-0.017169962838199087,3,0
2024-04-19,Technology,-0.025424587541382365,3,0
2024-04-22,Technology,0.01802506687568739,3,0
2024-04-23,Technology,0.03707649250104835,3,0
2024-04-24,Technology,0.06344077950282312,3,0
2024-04-25,Technology,0.013789413621933718,3,0
2024-04-26,Technology,0.022996692246738244,3,0
2024-05-02,Technology,0.028208914064773882,3,0
2024-05-03,Technology,-0.02480878190733397,3,0
2024-05-06,Technology,0.019451664240451787,3,0
2024-05-07,Technology,0.03408270326991366,3,0
2024-05-08,Technology,0.02706663330880558,3,0
2024-05-09,Technology,0.009987623362729329,3,0
2024-05-10,Technology,0.03272411870119855,3,0
2024-05-13,Technology,0.0024775914829942756,3,0
2024-05-14,Technology,0.032401700143850354,3,0
2024-05-15,Technology,0.03295682560844012,3,0
2024-05-16,Technology,0.0064028374651727464,3,0
2024-05-17,Technology,0.033691246886651705,3,0
2024-05-20,Technology,-0.002785614370346523,3,0
2024-05-21,Technology,0.01913108805507417,3,0
2024-05-22,Technology,0.011623175274759534,3,0
2024-05-23,Technology,0.0041155305496231405,3,0
2024-05-24,Technology,-0.0543639253201719,3,0
2024-05-27,Technology,0.0037777894210033747,3,0
2024-05-28,Technology,0.038331928129105984,3,0
2024-05-29,Technology,-0.02731306648937415,3,0
2024-05-30,Technology,-0.00460088139089158,3,0
2024-05-31,Technology,0.008138647862247569,3,0
2024-06-03,Technology,0.03290014805839688,3,0
2024-06-04,Technology,0.03484518855379467,3,0
2024-06-05,Technology,-0.0024717887445279882,3,0
2024-06-06,Technology,-0.0021163996170056043,3,0
2024-06-07,Technology,0.006450666124473277,3,0
2024-06-10,Technology,0.0070928616236979325,3,0
2024-06-11,Technology,-0.002266789216633073,3,0
2024-06-12,Technology,0.02383538823673555,3,0
2024-06-13,Technology,0.0016820025254289013,3,0
2024-06-14,Technology,0.03555508467719052,3,0
2024-06-17,Technology,0.007736718556131857,3,0
2024-06-18,Technology,-0.003057220711712031,3,0
2024-06-19,Technology,0.02589482266085308,3,0
2024-06-20,Technology,0.011003009128165875,3,0
2024-06-21,Technology,0.006414632036097008,3,0
2024-06-24,Technology,-0.046967773445642146,3,0
2024-06-25,Technology,-0.01626562066164694,3,0
2024-06-26,Technology,0.017024323231814947,3,0
2024-06-27,Technology,-0.004925995025409617,3,0
2024-06-28,Technology,-0.029347355307672036,3,0
2024-07-01,Technology,0.0057926800796184175,3,0
2024-07-02,Technology,0.009003049281459638,3,0
2024-07-03,Technology,0.002224820842175642,3,0
2024-07-04,Technology,0.03307759917240275,3,0
2024-07-05,Technology,0.002752361075177142,3,0
2024-07-08,Technology,-0.0017602960591365235,3,0
2024-07-09,Technology,0.0005337197269381644,3,0
2024-07-10,Technology,0.009861287261311783,3,0
2024-07-11,Technology,-0.008728150968222548,3,0
2024-07-12,Technology,-0.011215809312515238,3,0
2024-07-15,Technology,-0.01407281556411244,3,0
2024-07-16,Technology,-0.02499512982516953,3,0
2024-07-17,Technology,-0.051432117125909414,3,0
2024-07-18,Technology,0.00045290521170315845,3,0
2024-07-19,Technology,-0.023850641354601725,3,0
2024-07-22,Technology,-0.05123340432003395,3,0
2024-07-23,Technology,-0.03813697801486193,3,0
2024-07-24,Technology,0.00429453325272237,3,0
2024-07-25,Technology,-0.006612186723658375,3,0
2024-07-26,Technology,0.025460469757736748,3,0
2024-07-29,Technology,0.015635957719867994,3,0
2024-07-30,Technology,-0.003941704946554658,3,0
2024-07-31,Technology,-0.01904201397388679,3,0
2024-08-01,Technology,-0.07662037756335682,3,0
2024-08-02,Technology,0.00920547377176828,3,0
2024-08-05,Technology,-0.05490304820239448,3,0
2024-08-06,Technology,0.02881297194226118,3,0
2024-08-07,Technology,0.01037594065107054,3,0
2024-08-08,Technology,-0.027741119607409992,3,0
2024-08-09,Technology,0.0426473809166148,3,0
2024-08-12,Technology,0.01510932689401101,3,0
2024-08-13,Technology,0.018886191999758755,3,0
2024-08-14,Technology,-0.0063516780467249845,3,0
2024-08-15,Technology,-0.025974563634648933,3,0
2024-08-16,Technology,0.04222110052629876,3,0
2024-08-19,Technology,0.006840732590793504,3,0
2024-08-20,Technology,0.002192973464938889,3,0
2024-08-21,Technology,0.011714986917817952,3,0
2024-08-22,Technology,0.010711432162512136,3,0
2024-08-23,Technology,-0.011540264940168798,3,0
2024-08-26,Technology,-0.015089152012327559,3,0
2024-08-27,Technology,-0.004771844072616401,3,0
2024-08-28,Technology,0.009260771160804815,3,0
2024-08-29,Technology,0.006734595395874214,3,0
2024-08-30,Technology,-0.0016560829257365277,3,0
2024-09-04,Technology,-0.011541596413473854,3,0
2024-09-05,Technology,-0.021305701776259012,3,0
2024-09-06,Technology,-0.0006967803209685005,3,0
2024-09-09,Technology,-0.011380426281087633,3,0
2024-09-10,Technology,-0.015748924908353373,3,0
2024-09-11,Technology,0.004838851808535123,3,0
2024-09-12,Technology,0.01139050620422218,3,0
2024-09-13,Technology,0.0015498672094334347,3,0
2024-09-16,Technology,-0.0157200757961109,3,0
2024-09-17,Technology,0.012807685685231126,3,0
2024-09-18,Technology,0.045485387389719856,3,0
2024-09-19,Technology,0.0015005140146083413,3,0
2024-09-20,Technology,-0.007225909731024956,3,0
2024-09-23,Technology,-0.01461945594249677,3,0
2024-09-24,Technology,0.013431394911310068,3,0
2024-09-25,Technology,-0.00364522347994789,3,0
2024-09-26,Technology,-0.0037649411666751398,3,0
2024-09-27,Technology,-0.008543829244362663,3,0
2024-09-30,Technology,-0.004082044782324805,3,0
2024-10-01,Technology,0.017367181652149382,3,0
2024-10-02,Technology,-0.010940954531705812,3,0
2024-10-03,Technology,-0.011601419751140448,3,0
2024-10-04,Technology,0.002556349359726743,3,0
2024-10-07,Technology,-0.0036273076714850396,3,0
2024-10-08,Technology,-0.006156624377182118,3,0
2024-10-09,Technology,0.026334319787791143,3,0
2024-10-10,Technology,0.03293598861858057,3,0
2024-10-11,Technology,-0.0025547103761173195,3,0
2024-10-14,Technology,0.004712836284644732,3,0
2024-10-15,Technology,-0.020345048316252057,3,0
2024-10-16,Technology,-0.0012250024088611793,3,0
2024-10-17,Technology,0.009151352803652498,3,0
2024-10-18,Technology,-0.005756447748141731,3,0
2024-10-21,Technology,0.00021904700654155432,3,0
2024-10-22,Technology,-0.02259349258496568,3,0
2024-10-23,Technology,0.00240866655150059,3,0
2024-10-24,Technology,-0.005500587156331134,3,0
2024-10-25,Technology,0.00607111790458259,3,0
2024-10-28,Technology,0.01926954963389586,3,0
2024-10-29,Technology,0.03218477799540979,3,0
2024-10-30,Technology,-0.004396361997147731,3,0
2024-10-31,Technology,-0.008702250863920735,3,0
2024-11-01,Technology,-0.021841477621615923,3,0
2024-11-04,Technology,0.007935252385665947,3,0
2024-11-05,Technology,0.0027171551711981565,3,0
2024-11-06,Technology,0.010103596712469779,3,0
2024-11-07,Technology,0.03860056330882866,3,0
2024-11-08,Technology,0.024819668321403032,3,0
2024-11-11,Technology,0.03113264954575201,3,0
2024-11-12,Technology,0.018177904564627163,3,0
2024-11-13,Technology,-0.0001989499713098327,3,0
2024-11-14,Technology,-0.030896419355666487,3,0
2024-11-15,Technology,0.013570132270893653,3,0
2024-11-18,Technology,-0.00164470710094707,3,0
2024-11-19,Technology,-0.05309638692919753,3,0
2024-11-20,Technology,-0.0016365031346931385,3,0
2024-11-21,Technology,0.022126655004013784,3,0
2024-11-22,Technology,0.0002975244265889243,3,0
2024-11-25,Technology,-0.004356300872002635,3,0
2024-11-26,Technology,0.0039865941599563914,3,0
2024-11-27,Technology,0.02328587966660896,3,0
2024-11-28,Technology,0.017848199533897786,3,0
2024-11-29,Technology,0.03782194148625284,3,0
2024-12-02,Technology,0.0021775702297935164,3,0
2024-12-03,Technology,0.012007977024117636,3,0
2024-12-04,Technology,-0.012328336860075765,3,0
2024-12-05,Technology,0.0018288592624950233,3,0
2024-12-06,Technology,0.01584356560567531,3,0
2024-12-09,Technology,-0.0065252094741119855,3,0
2024-12-10,Technology,0.006874998366300529,3,0
2024-12-11,Technology,0.0034549211982511188,3,0
2024-12-12,Technology,-0.01727687246274449,3,0
2024-12-13,Technology,-0.010914956797033878,3,0
2024-12-16,Technology,0.012729878939399919,3,0
2024-12-17,Technology,-0.006555541875386243,3,0
2024-12-18,Technology,0.005600807626515565,3,0
2024-12-19,Technology,0.01571061267770202,3,0
2024-12-20,Technology,0.00955024869899379,3,0
2024-12-23,Technology,-0.005518132847063484,3,0
2024-12-24,Technology,-0.004469330038554172,3,0
2024-12-25,Technology,0.005569701095117859,3,0
2024-12-26,Technology,-0.00906058101556125,3,0
2024-12-27,Technology,-0.0222589971452386,3,0
2024-12-30,Technology,0.012792609917314715,3,0
2024-12-31,Technology,0.0042952188695073446,3,0
2025-01-02,Technology,0.0007383764939090284,3,0
2025-01-03,Technology,-0.008053050693306455,3,0
2025-01-06,Technology,-0.0023958550783069,3,0
2025-01-07,Technology,-0.008425739094394369,3,0
2025-01-08,Technology,-0.01498161884971938,3,0
2025-01-09,Technology,-0.008846782975113912,3,0
2025-01-10,Technology,-0.025911685214912866,3,0
2025-01-13,Technology,-0.0029275527415871805,3,0
2025-01-14,Technology,-0.006012539911091704,3,0
2025-01-15,Technology,0.00034309166628084437,3,0
2025-01-16,Technology,0.021715285087752223,3,0
2025-01-17,Technology,0.022806453447150304,3,0
2025-01-20,Technology,-0.00869590730173675,3,0
2025-01-21,Technology,0.016490774358375166,3,0
2025-01-22,Technology,0.001929371014062764,3,0
2025-01-23,Technology,0.014498479982390658,3,0
2025-01-24,Technology,-0.0032290203093422454,3,0
2025-02-03,Technology,-0.04508495882634689,3,0
2025-02-04,Technology,0.012425479108106282,3,0
2025-02-05,Technology,0.007658825696424361,3,0
2025-02-06,Technology,-0.00468516467566867,3,0
2025-02-07,Technology,-0.007141318879285892,3,0
2025-02-10,Technology,-0.03303592863856394,3,0
2025-02-11,Technology,0.015221758513340436,3,0
2025-02-12,Technology,0.005497451144289049,3,0
2025-02-13,Technology,-0.011283423192741338,3,0
2025-02-14,Technology,0.006679789664304529,3,0
2025-02-17,Technology,-0.014920097709592942,3,0
2025-02-18,Technology,0.0027015434560334986,3,0
2025-02-19,Technology,0.009053961417856563,3,0
2025-02-20,Technology,-0.0068288578938413185,3,0
2025-02-21,Technology,-0.006178245121357302,3,0
2025-02-24,Technology,-0.02115592776985357,3,0
2025-02-25,Technology,-0.009412675393073555,3,0
2025-02-26,Technology,0.02115817908236502,3,0
2025-02-27,Technology,-0.0059935162346395066,3,0
2025-02-28,Technology,0.0009294030877669742,3,0
2025-03-03,Technology,0.005452230902409909,3,0
2025-03-04,Technology,-0.0050719525352432475,3,0
2025-03-05,Technology,-0.004924962080192515,3,0
2025-03-06,Technology,0.013426940974580562,3,0
2025-03-07,Technology,-0.0019709430121832203,3,0
2025-03-10,Technology,-0.013264825749779718,3,0
2025-03-11,Technology,-0.014362583745364884,3,0
2025-03-12,Technology,-0.014185064412289913,3,0
2025-03-13,Technology,0.0009708414968500797,3,0
2025-03-14,Technology,-0.028321884508026234,3,0
2025-03-17,Technology,-0.012397266022711628,3,0
2025-03-18,Technology,0.012798666979332666,3,0
2025-03-19,Technology,-0.024681673384787068,3,0
2025-03-20,Technology,0.0036690959285437716,3,0
2025-03-21,Technology,0.01519977210122847,3,0
2025-03-24,Technology,-0.0007428722055431436,3,0
2025-03-25,Technology,-0.011444093658890245,3,0
2025-03-26,Technology,-0.019347017818524142,3,0
2025-03-27,Technology,0.00688390365544463,3,0
2025-03-28,Technology,-0.015592420796950815,3,0
2025-03-31,Technology,-0.027961963582735505,3,0
2025-04-01,Technology,-0.0038854100309460757,3,0
2025-04-02,Technology,0.007867130478653136,3,0
2025-04-03,Technology,-0.09447113170599275,3,0
2025-04-04,Technology,-0.017223672772288572,3,0
2025-04-08,Technology,-0.08745056504304478,3,0
2025-04-09,Technology,-0.018173822279247392,3,0
2025-04-10,Technology,0.09482768894556237,3,0
2025-04-11,Technology,0.06084034352247366,3,0
2025-04-14,Technology,0.00509394607717432,3,0
2025-04-15,Technology,-0.033169247557842264,3,0
2025-04-16,Technology,-0.04701551166290755,3,0
2025-04-17,Technology,0.013437171804685621,3,0
2025-04-18,Technology,0.024785227068190824,3,0
2025-04-21,Technology,-0.013047554658801327,3,0
2025-04-22,Technology,-0.02264768458629718,3,0
2025-04-23,Technology,0.03305440800584399,3,0
2025-04-24,Technology,0.02003663282368895,3,0
2025-04-25,Technology,-0.007187908459678464,3,0
2025-04-28,Technology,-0.01061910342612656,3,0
2025-04-29,Technology,-0.0024055372867165894,3,0
2025-05-05,Technology,0.008505928326292378,3,0
2025-05-06,Technology,0.021543023866814465,3,0
2025-05-07,Technology,-0.0018987658022285119,3,0
2025-05-08,Technology,0.02034730262853916,3,0
2025-05-09,Technology,0.006421668652364339,3,0
2025-05-12,Technology,0.008119980405696134,3,0
2025-05-13,Technology,0.008243906438988683,3,0
2025-05-14,Technology,0.04878478899453009,3,0
2025-05-15,Technology,-0.005266248571577721,3,0
2025-05-16,Technology,-0.02270011330578577,3,0
2025-05-19,Technology,-0.023135355045757516,3,0
2025-05-20,Technology,0.008205990491111703,3,0
2025-05-21,Technology,-0.014820285524847673,3,0
2025-05-22,Technology,-0.01929696407817627,3,0
2025-05-23,Technology,0.004288164899394727,3,0
2025-05-26,Technology,0.010518679533351246,3,0
2025-05-27,Technology,0.009280667378411786,3,0
2025-05-28,Technology,-0.0036381203126535366,3,0
2025-05-29,Technology,-0.004585469673520619,3,0
2025-05-30,Technology,-0.009001571664586408,3,0
2025-06-02,Technology,0.004775119405638388,3,0
2025-06-03,Technology,0.011506158177686446,3,0
2025-06-04,Technology,0.0016452133493539318,3,0
2025-06-05,Technology,0.012176241842166258,3,0
2025-06-06,Technology,-0.013653810971637278,3,0
2025-06-09,Technology,-0.006481969835836525,3,0
2025-06-10,Technology,0.007667607963684338,3,0
2025-06-11,Technology,0.04096828264044398,3,0
2025-06-12,Technology,-0.0054710984446606865,3,0
2025-06-13,Technology,-0.020832452262467032,3,0
2025-06-16,Technology,0.03722947830890222,3,0
2025-06-17,Technology,-0.009105140549092727,3,0
2025-06-18,Technology,-0.005831440118804099,3,0
2025-06-19,Technology,-0.007426480405786011,3,0
2025-06-20,Technology,-0.0024934020458181605,3,0
2025-06-23,Technology,-0.00839415187565018,3,0
2025-06-24,Technology,0.011931324792705386,3,0
2025-06-25,Technology,0.0030807534616969687,3,0
2025-06-26,Technology,-0.00023425576819272967,3,0
2025-06-27,Technology,0.03110371589075056,3,0
2025-06-30,Technology,0.024930482819362387,3,0
2025-07-01,Technology,0.0048034596804410095,3,0
2025-07-02,Technology,-0.011032032714995199,3,0
2025-07-03,Technology,0.0006124502693973799,3,0
2025-07-04,Technology,0.02259062127573852,3,0
2025-07-07,Technology,0.0011426973809307943,3,0
2025-07-08,Technology,0.004974084314659288,3,0
2025-07-09,Technology,-0.008911931940398484,3,0
2025-07-10,Technology,0.023288879653782384,3,0
2025-07-11,Technology,2.8486571929035403e-05,3,0
2025-07-14,Technology,0.0003012337197679793,3,0
2025-07-15,Technology,-0.010606317063394063,3,0
2025-07-16,Technology,0.000998557103400503,3,0
2025-07-17,Technology,0.0039787953056165115,3,0
2025-07-18,Technology,-0.0036220549911316624,3,0
2025-07-21,Technology,-0.005823401330116755,3,0
2025-07-22,Technology,0.009294011321212844,3,0
2025-07-23,Technology,0.014354375754663695,3,0
2025-07-24,Technology,-0.004438664498173872,3,0
2025-07-25,Technology,0.00912710055234267,3,0
2025-07-28,Technology,0.004474720754363985,3,0
2025-07-29,Technology,-0.05941543159076083,3,0
2025-07-30,Technology,0.0027404821751821906,3,0
2025-07-31,Technology,-0.003575054799615063,3,0
2025-08-01,Technology,0.005121153975557717,3,0
2025-08-04,Technology,-0.0018755055159620875,3,0
2025-08-05,Technology,-0.0041640077658793295,3,0
2025-08-06,Technology,0.017702411248502508,3,0
2025-08-07,Technology,0.007384799309344436,3,0
2025-08-08,Technology,0.022502656232415208,3,0
2025-08-11,Technology,0.0057599933813960265,3,0
2025-08-12,Technology,0.0018470034775814141,3,0
2025-08-13,Technology,0.022360635383078975,3,0
2025-08-14,Technology,0.0018624790313510238,3,0
2025-08-15,Technology,-0.027957879041014988,3,0
2025-08-18,Technology,-0.020977995981385795,3,0
2025-08-19,Technology,-0.0015358623702295127,3,0
2025-08-20,Technology,-0.03365957832012867,3,0
2025-08-21,Technology,0.016989714239818838,3,0
2025-08-22,Technology,-0.028577972958763926,3,0
2025-08-25,Technology,-0.005574237682268428,3,0
2025-08-26,Technology,0.012773053335821313,3,0
2025-08-27,Technology,0.029226961655949363,3,0
2025-08-28,Technology,-0.002300483815858382,3,0
2025-08-29,Technology,-0.016766018359512597,3,0
2025-09-03,Technology,0.022053094757470193,3,0
2025-09-04,Technology,0.01130363348947098,3,0
2025-09-05,Technology,-0.015334912222757735,3,0
2025-09-08,Technology,-0.025596302895704026,3,0
2025-09-09,Technology,0.002750885248588316,3,0
2025-09-10,Technology,-0.004798816997986455,3,0
2025-09-11,Technology,-0.00249226812492942,3,0
2025-09-12,Technology,0.006049437292177551,3,0
2025-09-15,Technology,0.011040151363826004,3,0
2025-09-16,Technology,0.008148520928347022,3,0
2025-09-17,Technology,0.018001569773632653,3,0
2025-09-18,Technology,-0.020946392014658533,3,0
2025-09-19,Technology,-0.007845744218830664,3,0
2025-09-22,Technology,-0.027020934464247654,3,0
2025-09-23,Technology,-0.0025810424869098605,3,0
2025-09-24,Technology,0.010321807862367175,3,0
2025-09-25,Technology,-0.009038123103857876,3,0
2025-09-26,Technology,-0.0069217069850040875,3,0
2025-09-29,Technology,-0.009667779428804035,3,0
2025-09-30,Technology,-0.017031779301717915,3,0
2025-10-01,Technology,0.0029351051923884874,3,0
2025-10-02,Technology,-0.002255012019934314,3,0
2025-10-03,Technology,-0.0030281985017588018,3,0
2025-10-06,Technology,0.02331988177530886,3,0
2025-10-07,Technology,-0.005379764033568287,3,0
2025-10-08,Technology,-0.0013361165356750766,3,0
2025-10-09,Technology,-0.003690624075367651,3,0
2025-10-10,Technology,0.011033698240963119,3,0
2025-10-13,Technology,-0.016971098369265098,3,0
2025-10-14,Technology,-0.014409307442502683,3,0
2025-10-15,Technology,-0.022121683159039285,3,0
2025-10-16,Technology,-0.004039435309808807,3,0
2025-10-17,Technology,-0.010942565948758013,3,0
2025-10-20,Technology,0.008995549273978942,3,0
2025-10-21,Technology,0.04583743030437922,3,0
2025-10-22,Technology,0.007128146056371798,3,0
2025-10-23,Technology,-0.021003209769322722,3,0
2025-10-24,Technology,0.03653153418531363,3,0
2025-10-27,Technology,0.008362869699875356,3,0
2025-10-28,Technology,0.013186337766191788,3,0
2025-10-29,Technology,-0.0027043333683081463,3,0
2025-10-30,Technology,0.04114265948746502,3,0
2025-10-31,Technology,0.026332483770580877,3,0
2025-11-03,Technology,-0.018012604199787008,3,0
2025-11-04,Technology,-0.014635159180106086,3,0
2025-11-05,Technology,-0.007161266799218431,3,0
2025-11-06,Technology,-0.0006874163825929536,3,0
2025-11-07,Technology,0.01023884674058965,3,0
2025-11-10,Technology,-0.024484728758934815,3,0
2025-11-11,Technology,-0.010735854219201313,3,0
2025-11-12,Technology,0.028291817657645064,3,0
2025-11-13,Technology,0.006996285187249744,3,0
2025-11-14,Technology,-0.0025824061507323894,3,0
2025-11-17,Technology,0.005207933908010294,3,0
2025-11-18,Technology,-0.0032627391456041543,3,0
2025-11-19,Technology,-0.02126375198621729,3,0
2025-11-20,Technology,-0.005126517737411833,3,0
2025-11-21,Technology,-0.0026381427940945037,3,0
2025-11-24,Technology,0.001972448986724403,3,0
2025-11-25,Technology,-0.02241893261175676,3,0
2025-11-26,Technology,0.009174432718724757,3,0
2025-11-27,Technology,-0.0032110056817469626,3,0
2025-11-28,Technology,-0.012107561914145526,3,0
2025-12-01,Technology,0.003026897050937246,3,0
2025-12-02,Technology,-0.0088746166277347,3,0
2025-12-03,Technology,0.011880078458181694,3,0
2025-12-04,Technology,0.0009303675018390208,3,0
2025-12-05,Technology,-0.009922752515951946,3,0
2025-12-08,Technology,-0.009181144704887031,3,0
2025-12-09,Technology,-0.00025666981258735494,3,0
2025-12-10,Technology,-0.006780898286576094,3,0
2025-12-11,Technology,0.002795201431583516,3,0
2025-12-12,Technology,-0.02280177465936321,3,0
2025-12-15,Technology,-0.0072021887952175385,3,0
2025-12-16,Technology,0.013550131847594496,3,0
2025-12-17,Technology,0.007832476338113828,3,0
2025-12-18,Technology,-0.011848473166798637,3,0
2025-12-19,Technology,-0.0036712104709053137,3,0
2025-12-22,Technology,0.004993828550886888,3,0
2025-12-23,Technology,-0.002716705257766868,3,0
2025-12-24,Technology,-0.0071195861680994526,3,0
2025-12-25,Technology,-0.00931567823222934,3,0
2025-12-26,Technology,-0.001769397977884113,3,0
2025-12-29,Technology,0.013696510638291729,3,0
2025-12-30,Technology,0.01697166407773391,3,0
2025-12-31,Technology,0.0013758928393434733,3,0
2026-01-05,Technology,-0.007446941232114683,3,0
2026-01-06,Technology,-0.0058821242592465755,3,0
2026-01-07,Technology,0.05648640408342972,3,0
2026-01-08,Technology,0.0009872589649200976,3,0
2026-01-09,Technology,0.06752061692300404,3,0
2026-01-12,Technology,0.04161123143247155,3,0
2026-01-13,Technology,0.008085332969194522,3,0
2026-01-14,Technology,0.05715978261598124,3,0
2026-01-15,Technology,0.03560100433918364,3,0
2026-01-16,Technology,0.03204098934590786,3,0
2026-01-19,Technology,0.011062614227130027,3,0
2026-01-20,Technology,0.01612039898553974,3,0
2026-01-21,Technology,0.0013816558881657819,3,0
2026-01-22,Technology,-0.03195392850278763,3,0
2026-01-23,Technology,-0.047229223800946886,3,0
2026-01-26,Technology,0.005025292660606436,3,0
2026-01-27,Technology,0.02257400326114604,3,0
2026-01-28,Technology,-0.00038585661396628446,3,0
2026-01-29,Technology,0.006189899126166631,3,0
2026-01-30,Technology,-0.0018765556728919108,3,0
2026-02-02,Technology,0.02662575389328244,3,0
2026-02-03,Technology,0.013192195701715925,3,0
2026-02-04,Technology,-0.01599235918756962,3,0
2026-02-05,Technology,-0.04754029141960651,3,0
2026-02-06,Technology,-0.03086255513085327,3,0
2026-02-09,Technology,0.0001464722558169503,3,0
2026-02-10,Technology,-0.033094057003351995,3,0
2026-02-11,Technology,0.008333508783774887,3,0
2026-02-12,Technology,0.004165010958932254,3,0
2026-02-13,Technology,-0.01755762519061003,3,0
2026-02-23,Technology,0.04334912433593907,3,0
2026-02-24,Technology,-0.015553933431298775,3,0
2026-02-25,Technology,-0.014027421547976981,3,0
2026-02-26,Technology,-0.005154549856305553,3,0
2026-02-27,Technology,0.004721137738747124,3,0
2026-03-02,Technology,-0.04978185253568131,3,0
2026-03-03,Technology,-0.020588580342955926,3,0
2026-03-04,Technology,-0.027717197221715468,3,0
2026-03-05,Technology,-0.001915751871416571,3,0
2026-03-06,Technology,-0.03388974099829226,3,0
2026-03-09,Technology,-0.08846620860037895,3,0
2026-03-10,Technology,0.039209588900509,3,0
2026-03-11,Technology,0.023641663879990338,3,0
2026-03-12,Technology,-0.03148484194620982,3,0
2026-03-13,Technology,-0.014515362917166671,3,0
2026-03-16,Technology,0.016095880471874047,3,0
2026-03-17,Technology,0.017580372622636453,3,0
2026-03-18,Technology,-0.007709452965515284,3,0
2026-03-19,Technology,-0.016828802885932508,3,0
2026-03-20,Technology,-0.0039738245164395725,3,0
2026-03-23,Technology,-0.038249160058003794,3,0
2026-03-24,Technology,0.021088471324123798,3,0
2026-03-25,Technology,0.02664532972755899,3,0
2026-03-26,Technology,0.021897159137640343,3,0
2026-03-27,Technology,0.004781481597270691,3,0
2026-03-30,Technology,-0.021654362594727267,3,0
2026-03-31,Technology,-0.003027080875480981,3,0
2026-04-01,Technology,0.026132579904131648,3,0
2026-04-02,Technology,-0.013040597214181973,3,0
2026-04-03,Technology,-0.01681361703796695,3,0
2026-04-06,Technology,-0.009011568325708227,3,0
2026-04-07,Technology,0.0035012957269083453,3,0
2026-04-08,Technology,0.0520747692778365,3,0
2026-04-09,Technology,-0.017208266773285057,3,0
2026-04-10,Technology,0.0036979412618451577,3,0
2026-04-13,Technology,-0.005534853078458246,3,0
2026-04-14,Technology,0.018242797397303685,3,0
2026-04-15,Technology,-0.0177390860014555,3,0
2026-04-16,Technology,-0.01727342817546444,3,0
2026-04-17,Technology,0.015758807787046598,3,0
2026-04-20,Technology,0.0031008040662878766,3,0
2026-04-21,Technology,-0.013118100918468767,3,0
2026-04-22,Technology,-0.005163772480663613,3,0
2026-04-23,Technology,-0.004661165156504092,3,0
2026-04-24,Technology,-0.006884301475586163,3,0
2026-04-28,Technology,-0.0033829981071629525,3,0
2026-04-29,Technology,0.0023164282595345607,3,0
2026-05-04,Technology,-0.0077142618563353915,3,0
2026-05-05,Technology,-0.004583282472342261,3,0
2026-05-06,Technology,-0.005235746961300951,3,0
2026-05-07,Technology,0.0005820696747640408,3,0
2026-05-08,Technology,-0.011325380240918967,3,0
2026-05-11,Technology,-0.02477755083461967,3,0
2026-05-12,Technology,0.005448086051186962,3,0
2026-05-13,Technology,0.024657281493452404,3,0
2026-05-14,Technology,0.02241538692642786,3,0
2026-05-15,Technology,-0.012422903112981812,3,0
2026-05-18,Technology,0.0456213296445526,3,0
2026-05-19,Technology,0.011872649406489058,3,0
2026-05-20,Technology,0.006640681116751979,3,0
2026-05-21,Technology,-0.018631746528621613,3,0
2026-05-22,Technology,-0.009385365367383621,3,0
2026-05-25,Technology,-0.011707597217627671,3,0
2026-05-26,Technology,0.005194926181361377,3,0
2026-05-27,Technology,0.004614189105314119,3,0
2026-05-28,Technology,-0.019882379039743252,3,0
2026-05-29,Technology,-0.00680212245787352,3,0
2026-06-01,Technology,0.006787684443304465,3,0
2026-06-02,Technology,0.024021820845762026,3,0
2026-06-03,Technology,0.01675142911444653,3,0
2026-06-04,Technology,-0.0012012137724341325,3,0
2026-06-05,Technology,-0.01677498572608264,3,0
2026-06-08,Technology,-0.028002369349199713,3,0
2026-06-09,Technology,0.010285721087369618,3,0
2026-06-10,Technology,-0.001950263546629638,3,0
2026-06-11,Technology,-0.012530700885471738,3,0
2026-06-12,Technology,0.0014564353406173458,3,0
2026-06-15,Technology,0.007115845357734611,3,0
2026-06-16,Technology,0.0022187233059546654,3,0
2026-06-17,Technology,0.003686608128864788,3,0
2026-06-18,Technology,-0.009474560603774607,3,0
2026-06-19,Technology,-0.001964596646436334,3,0
2026-06-22,Technology,-0.0108469482131891,3,0
2026-06-23,Technology,-0.006071093654073101,3,0
2026-06-24,Technology,-0.004505613730515723,3,0
2026-06-25,Technology,0.00036904191291760774,3,0
2026-06-26,Technology,-0.0012533990684521583,3,0
2026-06-29,Technology,-0.0032340631859385884,3,0
2026-06-30,Technology,0.0016593233851197227,3,0
2026-07-01,Technology,0.02530147882715032,3,0
2026-07-02,Technology,-0.005609207364723849,3,0
2026-07-03,Technology,-0.006375390340321678,3,0
2026-07-06,Technology,-0.004846356091208907,3,0
2026-07-07,Technology,-6.181688165385335e-05,3,0
2026-07-08,Technology,-0.001442398557851295,3,0
2026-07-09,Technology,-0.0037583120971897976,3,0
2026-07-10,Technology,-0.011083136787864286,3,0
2026-07-13,Technology,-0.01465773770032582,3,0
2026-07-14,Technology,-0.005868505363658978,3,0
2026-07-15,Technology,-0.023040823675117617,3,0
2026-07-16,Technology,0.003538601738963439,3,0
2026-07-17,Technology,-0.002332715855847489,3,0
2026-07-20,Technology,-0.026799245274272094,3,0
2026-07-21,Technology,-0.02170734579712282,3,0
2026-07-22,Technology,-0.0075477650823573645,3,0
2026-07-23,Technology,0.013115854208190983,3,0
2026-07-24,Technology,-0.013945053757489001,3,0
2026-07-27,Technology,-0.028445539312440576,3,0
2026-07-28,Technology,0.006432326186878094,3,0
2026-07-29,Technology,0.016512695933039723,3,0
2026-07-30,Technology,0.026394626437193185,3,0
2026-07-31,Technology,0.013030338537838896,3,0
2026-08-03,Technology,0.04845694424773236,3,0
2026-08-04,Technology,-0.009124126135390376,3,0
2026-08-05,Technology,0.008610691925751923,3,0
2026-08-06,Technology,-0.008987751345052364,3,0
2026-08-07,Technology,0.006551460682221603,3,0
2026-08-10,Technology,0.01588272573500042,3,0
2026-08-11,Technology,-0.008178107750331343,3,0
2026-08-12,Technology,-0.004981832603897581,3,0
2026-08-13,Technology,-0.019820761818794403,3,0
2026-08-14,Technology,-0.01747788921778448,3,0
2026-08-17,Technology,0.007609540742389435,3,0
2026-08-18,Technology,0.01130605820781668,3,0
2026-08-19,Technology,-0.011331495510698675,3,0
2026-08-20,Technology,0.013251480818678033,3,0
2026-08-21,Technology,0.02518720189665813,3,0
2026-08-24,Technology,-0.003657426810525869,3,0
2026-08-25,Technology,-0.014345704610493412,3,0
2026-08-26,Technology,0.013232671372093977,3,0
2026-08-27,Technology,2.4174764838661805e-05,3,0
2026-08-28,Technology,0.010365490263799959,3,0
2026-09-03,Technology,-0.016463681165647965,3,0
2026-09-04,Technology,-0.002358427802089391,3,0
2026-09-07,Technology,-0.0056116101812782775,3,0
2026-09-08,Technology,-0.003345636722715817,3,0
2026-09-09,Technology,-0.003113920796642078,3,0
2026-09-10,Technology,0.018648607742675034,3,0
2026-09-11,Technology,-0.020678588113095975,3,0
2026-09-14,Technology,-0.017459799306907775,3,0
2026-09-15,Technology,0.009447261911115223,3,0
2026-09-16,Technology,0.007027754360936352,3,0
2026-09-17,Technology,0.008003678097418865,3,0
2026-09-18,Technology,-0.015950736823408456,3,0
2026-09-21,Technology,-0.002020435302780917,3,0
2026-09-22,Technology,0.00813086402115363,3,0
2026-09-23,Technology,-0.0047507744136957575,3,0
2024-01-03,ConsumerStaples,0.005842130578972722,3,0
2024-01-04,ConsumerStaples,-0.0017554574239442289,3,0
2024-01-05,ConsumerStaples,-0.004537022307161613,3,0
2024-01-08,ConsumerStaples,-0.008210556261657046,3,0
2024-01-09,ConsumerStaples,-0.005747128112276734,3,0
2024-01-10,ConsumerStaples,-0.006716565927715708,3,0
2024-01-11,ConsumerStaples,0.00469361533582624,3,0
2024-01-12,ConsumerStaples,-0.011566052259511461,3,0
2024-01-15,ConsumerStaples,-0.0006896209458599293,3,0
2024-01-16,ConsumerStaples,0.009622539627867669,3,0
2024-01-17,ConsumerStaples,-0.0054364127468698635,3,0
2024-01-18,ConsumerStaples,0.0025316768790613065,3,0
2024-01-19,ConsumerStaples,0.014904827937778734,3,0
2024-01-22,ConsumerStaples,-0.0017294274911563805,3,0
2024-01-23,ConsumerStaples,-0.007135308476399094,3,0
2024-01-24,ConsumerStaples,-0.00839937462936006,3,0
2024-01-25,ConsumerStaples,-0.007247517060209652,3,0
2024-01-26,ConsumerStaples,-0.013078547020903867,3,0
2024-01-29,ConsumerStaples,0.0025305718526896412,3,0
2024-01-30,ConsumerStaples,-0.0020209521635625727,3,0
2024-01-31,ConsumerStaples,-0.013278608883529644,3,0
2024-02-01,ConsumerStaples,0.013215172896853996,3,0
2024-02-02,ConsumerStaples,-0.0018586036393852812,3,0
2024-02-05,ConsumerStaples,0.00043455949046985093,3,0
2024-02-06,ConsumerStaples,-0.0007778872714332419,3,0
2024-02-07,ConsumerStaples,0.0034675225243701036,3,0
2024-02-15,ConsumerStaples,0.003439443834613994,3,0
2024-02-16,ConsumerStaples,0.016269653561940472,3,0
2024-02-19,ConsumerStaples,0.022078625014469038,3,0
2024-02-20,ConsumerStaples,0.0016699965063026179,3,0
2024-02-21,ConsumerStaples,-0.007700480564921637,3,0
2024-02-22,ConsumerStaples,0.0013627202983545288,3,0
2024-02-23,ConsumerStaples,-0.01536662517282191,3,0
2024-02-26,ConsumerStaples,-0.0023745918670228607,3,0
2024-02-27,ConsumerStaples,0.0074423251951369895,3,0
2024-02-28,ConsumerStaples,0.012646311280310648,3,0
2024-02-29,ConsumerStaples,0.013939130709057094,3,0
2024-03-01,ConsumerStaples,-0.0012476682941910215,3,0
2024-03-04,ConsumerStaples,0.002001668598046883,3,0
2024-03-05,ConsumerStaples,0.03113388917911279,3,0
2024-03-06,ConsumerStaples,0.013422643291043848,3,0
2024-03-07,ConsumerStaples,0.01397453642867689,3,0
2024-03-08,ConsumerStaples,-0.022022601803355135,3,0
2024-03-11,ConsumerStaples,-0.0067159975962619205,3,0
2024-03-12,ConsumerStaples,0.002618008118665379,3,0
2024-03-13,ConsumerStaples,0.01601063476610376,3,0
2024-03-14,ConsumerStaples,-0.014726884327084614,3,0
2024-03-15,ConsumerStaples,-0.009455503895239156,3,0
2024-03-18,ConsumerStaples,-0.014414341503771447,3,0
2024-03-19,ConsumerStaples,-0.0014616399807838205,3,0
2024-03-20,ConsumerStaples,0.000545170542487261,3,0
2024-03-21,ConsumerStaples,0.0067315305353160175,3,0
2024-03-22,ConsumerStaples,-0.00022998721021631288,3,0
2024-03-25,ConsumerStaples,-0.016847780478259595,3,0
2024-03-26,ConsumerStaples,-0.005250278428800141,3,0
2024-03-27,ConsumerStaples,0.009800210558462105,3,0
2024-03-28,ConsumerStaples,0.0008869052392975751,3,0
2024-03-29,ConsumerStaples,-0.01129646945761135,3,0
2024-04-01,ConsumerStaples,-0.005933150339678635,3,0
2024-04-02,ConsumerStaples,0.004122513874221911,3,0
2024-04-03,ConsumerStaples,-0.010253582067578796,3,0
2024-04-04,ConsumerStaples,0.01047253533699292,3,0
2024-04-05,ConsumerStaples,-0.010616553522061404,3,0
2024-04-08,ConsumerStaples,-0.009163169799094631,3,0
2024-04-09,ConsumerStaples,0.005582005330521482,3,0
2024-04-10,ConsumerStaples,-0.003676673704311869,3,0
2024-04-11,ConsumerStaples,-0.0035968190422791904,3,0
2024-04-12,ConsumerStaples,0.004520012884495254,3,0
2024-04-15,ConsumerStaples,-0.03813291617512423,3,0
2024-04-16,ConsumerStaples,-0.009833766114708839,3,0
2024-04-17,ConsumerStaples,-0.0002996716223619596,3,0
2024-04-19,ConsumerStaples,-0.010741032623354907,3,0
2024-04-22,ConsumerStaples,0.005406074794038799,3,0
2024-04-23,ConsumerStaples,-0.014768999907802005,3,0
2024-04-24,ConsumerStaples,0.017720350347904718,3,0
2024-04-25,ConsumerStaples,0.014598967691592524,3,0
2024-04-26,ConsumerStaples,-0.0028414706332791084,3,0
2024-05-02,ConsumerStaples,0.019455214680806465,3,0
2024-05-03,ConsumerStaples,0.010432980232499686,3,0
2024-05-06,ConsumerStaples,0.009007207362776123,3,0
2024-05-07,ConsumerStaples,0.0156691499496117,3,0
2024-05-08,ConsumerStaples,0.011582927672805407,3,0
2024-05-09,ConsumerStaples,-0.017837145579615837,3,0
2024-05-10,ConsumerStaples,-0.0033269749617638547,3,0
2024-05-13,ConsumerStaples,-0.00755030476610119,3,0
2024-05-14,ConsumerStaples,0.003796410667556945,3,0
2024-05-15,ConsumerStaples,0.01295957116281706,3,0
2024-05-16,ConsumerStaples,0.0013232562943901183,3,0
2024-05-17,ConsumerStaples,0.016745741921661266,3,0
2024-05-20,ConsumerStaples,-0.0007214367155448839,3,0
2024-05-21,ConsumerStaples,-0.0024433511443340272,3,0
2024-05-22,ConsumerStaples,-0.013271085371078906,3,0
2024-05-23,ConsumerStaples,0.026285560506286016,3,0
2024-05-24,ConsumerStaples,-0.0234978258054952,3,0
2024-05-27,ConsumerStaples,0.0033747082946994724,3,0
2024-05-28,ConsumerStaples,0.026847011759361106,3,0
2024-05-29,ConsumerStaples,-0.0074168465994497446,3,0
2024-05-30,ConsumerStaples,8.409834812746671e-05,3,0
2024-05-31,ConsumerStaples,-0.009706837853589279,3,0
2024-06-03,ConsumerStaples,0.014669506250120904,3,0
2024-06-04,ConsumerStaples,0.00979209833649767,3,0
2024-06-05,ConsumerStaples,0.03800488075358185,3,0
2024-06-06,ConsumerStaples,-0.006757868901313431,3,0
2024-06-07,ConsumerStaples,0.013023995541656083,3,0
2024-06-10,ConsumerStaples,-0.006071966050998023,3,0
2024-06-11,ConsumerStaples,-0.009594885360737196,3,0
2024-06-12,ConsumerStaples,0.00837046809741678,3,0
2024-06-13,ConsumerStaples,-0.004102722794200246,3,0
2024-06-14,ConsumerStaples,-0.017191182673465904,3,0
2024-06-17,ConsumerStaples,-0.007624199119617685,3,0
2024-06-18,ConsumerStaples,-0.0004717259272362477,3,0
2024-06-19,ConsumerStaples,-0.014075124105040896,3,0
2024-06-20,ConsumerStaples,0.005003509709726813,3,0
2024-06-21,ConsumerStaples,-0.0015102944067708994,3,0
2024-06-24,ConsumerStaples,-0.013471659842272055,3,0
2024-06-25,ConsumerStaples,-0.003979184854626079,3,0
2024-06-26,ConsumerStaples,-0.00431535998332544,3,0
2024-06-27,ConsumerStaples,0.006043314444965864,3,0
2024-06-28,ConsumerStaples,-0.0013729515003239785,3,0
2024-07-01,ConsumerStaples,0.013361583241011369,3,0
2024-07-02,ConsumerStaples,0.003985221030303225,3,0
2024-07-03,ConsumerStaples,0.002463349356200369,3,0
2024-07-04,ConsumerStaples,-0.00037602319222636754,3,0
2024-07-05,ConsumerStaples,-0.0020065250104159826,3,0
2024-07-08,ConsumerStaples,-0.009443675438646215,3,0
2024-07-09,ConsumerStaples,0.006147382938434383,3,0
2024-07-10,ConsumerStaples,-0.007364617524351284,3,0
2024-07-11,ConsumerStaples,-0.0074255703766938535,3,0
2024-07-12,ConsumerStaples,-0.006141596677083805,3,0
2024-07-15,ConsumerStaples,-0.0031070334504276578,3,0
2024-07-16,ConsumerStaples,-0.0027074480467470887,3,0
2024-07-17,ConsumerStaples,-0.022675812359322294,3,0
2024-07-18,ConsumerStaples,9.895404005488828e-05,3,0
2024-07-19,ConsumerStaples,0.0014934078774883803,3,0
2024-07-22,ConsumerStaples,0.009209250662663834,3,0
2024-07-23,ConsumerStaples,-0.008931313787223413,3,0
2024-07-24,ConsumerStaples,0.0002138261050526428,3,0
2024-07-25,ConsumerStaples,-0.006002239313095699,3,0
2024-07-26,ConsumerStaples,0.02122935380135549,3,0
2024-07-29,ConsumerStaples,0.0065021268202462386,3,0
2024-07-30,ConsumerStaples,0.004596688292819229,3,0
2024-07-31,ConsumerStaples,0.020622656172451143,3,0
2024-08-01,ConsumerStaples,-0.01887052921260568,3,0
2024-08-02,ConsumerStaples,0.008154379769981013,3,0
2024-08-05,ConsumerStaples,-0.036358494861223556,3,0
2024-08-06,ConsumerStaples,0.03697553662775769,3,0
2024-08-07,ConsumerStaples,0.001588292310269727,3,0
2024-08-08,ConsumerStaples,0.0012735773362161733,3,0
2024-08-09,ConsumerStaples,0.010898454793145143,3,0
2024-08-12,ConsumerStaples,0.001191505046476582,3,0
2024-08-13,ConsumerStaples,0.0036700588746415574,3,0
2024-08-14,ConsumerStaples,0.01706175195388367,3,0
2024-08-15,ConsumerStaples,-0.007430025760172598,3,0
2024-08-16,ConsumerStaples,0.013821458302727555,3,0
2024-08-19,ConsumerStaples,0.020988513941556725,3,0
2024-08-20,ConsumerStaples,-0.0014456432900586957,3,0
2024-08-21,ConsumerStaples,-0.00517261323407181,3,0
2024-08-22,ConsumerStaples,-0.005059278503611431,3,0
2024-08-23,ConsumerStaples,0.0020926211617056842,3,0
2024-08-26,ConsumerStaples,-0.015075778497450934,3,0
2024-08-27,ConsumerStaples,0.004833448770882394,3,0
2024-08-28,ConsumerStaples,0.005470815760687013,3,0
2024-08-29,ConsumerStaples,-0.0026550939159049047,3,0
2024-08-30,ConsumerStaples,0.0006363972813537844,3,0
2024-09-04,ConsumerStaples,-0.005217068593383926,3,0
2024-09-05,ConsumerStaples,-0.004675726506916611,3,0
2024-09-06,ConsumerStaples,0.009950332529336192,3,0
2024-09-09,ConsumerStaples,-0.008222125835530688,3,0
2024-09-10,ConsumerStaples,-0.005782077025984396,3,0
2024-09-11,ConsumerStaples,-0.001150497601470198,3,0
2024-09-12,ConsumerStaples,0.00041731872717787333,3,0
2024-09-13,ConsumerStaples,-0.0078088872356414,3,0
2024-09-16,ConsumerStaples,-0.012200848974203074,3,0
2024-09-17,ConsumerStaples,0.0184229879191072,3,0
2024-09-18,ConsumerStaples,-0.0032419316943421705,3,0
2024-09-19,ConsumerStaples,0.0023335521038430804,3,0
2024-09-20,ConsumerStaples,0.003995041228887867,3,0
2024-09-23,ConsumerStaples,-0.00042867256188180064,3,0
2024-09-24,ConsumerStaples,0.0016682811832824385,3,0
2024-09-25,ConsumerStaples,-0.0007665124535883491,3,0
2024-09-26,ConsumerStaples,0.011952699869940927,3,0
2024-09-27,ConsumerStaples,0.002813486489349167,3,0
2024-09-30,ConsumerStaples,-0.009102432833019406,3,0
2024-10-01,ConsumerStaples,0.003963011889035621,3,0
2024-10-02,ConsumerStaples,-0.007778375981699763,3,0
2024-10-03,ConsumerStaples,0.00039050853181987755,3,0
2024-10-04,ConsumerStaples,-0.011538170733414713,3,0
2024-10-07,ConsumerStaples,-0.009685042498299268,3,0
2024-10-08,ConsumerStaples,0.004894544454282908,3,0
2024-10-09,ConsumerStaples,0.0065749648410630135,3,0
2024-10-10,ConsumerStaples,0.020177279455282953,3,0
2024-10-11,ConsumerStaples,0.0034488229454725885,3,0
2024-10-14,ConsumerStaples,-0.0075112925368206645,3,0
2024-10-15,ConsumerStaples,-0.0004555050891540032,3,0
2024-10-16,ConsumerStaples,0.005924501211989101,3,0
2024-10-17,ConsumerStaples,8.673895095219948e-05,3,0
2024-10-18,ConsumerStaples,-0.0028277973941028454,3,0
2024-10-21,ConsumerStaples,-0.00603523349490757,3,0
2024-10-22,ConsumerStaples,-0.008873121901384007,3,0
2024-10-23,ConsumerStaples,0.0021123785382340574,3,0
2024-10-24,ConsumerStaples,0.0009847087945235773,3,0
2024-10-25,ConsumerStaples,-0.009786990415017516,3,0
2024-10-28,ConsumerStaples,-0.0009043214572993877,3,0
2024-10-29,ConsumerStaples,-0.0011691980606003776,3,0
2024-10-30,ConsumerStaples,-0.00430841195436001,3,0
2024-10-31,ConsumerStaples,-0.007366423513749905,3,0
2024-11-01,ConsumerStaples,-0.010007368103731151,3,0
2024-11-04,ConsumerStaples,-0.005661754351743653,3,0
2024-11-05,ConsumerStaples,-0.000971369278226164,3,0
2024-11-06,ConsumerStaples,0.008335476173333486,3,0
2024-11-07,ConsumerStaples,-0.004701915942682433,3,0
2024-11-08,ConsumerStaples,-0.008002999037572178,3,0
2024-11-11,ConsumerStaples,0.0036808673698562147,3,0
2024-11-12,ConsumerStaples,0.0016749109583182875,3,0
2024-11-13,ConsumerStaples,0.004049353569556639,3,0
2024-11-14,ConsumerStaples,-0.011411381189740388,3,0
2024-11-15,ConsumerStaples,-0.013962016318376977,3,0
2024-11-18,ConsumerStaples,-0.004014139887615416,3,0
2024-11-19,ConsumerStaples,-0.005515782697859388,3,0
2024-11-20,ConsumerStaples,0.007642287219344161,3,0
2024-11-21,ConsumerStaples,0.005158758485819703,3,0
2024-11-22,ConsumerStaples,0.001249071820742631,3,0
2024-11-25,ConsumerStaples,0.006224557506016766,3,0
2024-11-26,ConsumerStaples,0.008493924605007383,3,0
2024-11-27,ConsumerStaples,-0.0009867084566718882,3,0
2024-11-28,ConsumerStaples,-0.005472693429240431,3,0
2024-11-29,ConsumerStaples,0.007819963099930124,3,0
2024-12-02,ConsumerStaples,-0.0026727783629965454,3,0
2024-12-03,ConsumerStaples,-0.0026310619994528808,3,0
2024-12-04,ConsumerStaples,0.0012050198780970318,3,0
2024-12-05,ConsumerStaples,0.013255475548002327,3,0
2024-12-06,ConsumerStaples,-0.0012712834702794569,3,0
2024-12-09,ConsumerStaples,-0.0020427756013030596,3,0
2024-12-10,ConsumerStaples,0.00021195980549219376,3,0
2024-12-11,ConsumerStaples,-0.001356785508844549,3,0
2024-12-12,ConsumerStaples,-0.0012102907185883212,3,0
2024-12-13,ConsumerStaples,-0.0072881047720988095,3,0
2024-12-16,ConsumerStaples,0.0035179070596753994,3,0
2024-12-17,ConsumerStaples,-0.0024939346347593316,3,0
2024-12-18,ConsumerStaples,0.0029863197513058846,3,0
2024-12-19,ConsumerStaples,-0.011659929410341477,3,0
2024-12-20,ConsumerStaples,0.0028623487732651145,3,0
2024-12-23,ConsumerStaples,0.001061145542173662,3,0
2024-12-24,ConsumerStaples,-0.0009997365048447133,3,0
2024-12-25,ConsumerStaples,0.004116600072457584,3,0
2024-12-26,ConsumerStaples,0.00031323936625338167,3,0
2024-12-27,ConsumerStaples,9.43213139019683e-05,3,0
2024-12-30,ConsumerStaples,-0.002153948843693206,3,0
2024-12-31,ConsumerStaples,-0.003593479109290828,3,0
2025-01-02,ConsumerStaples,0.0028483142428840833,3,0
2025-01-03,ConsumerStaples,-0.009262494291868059,3,0
2025-01-06,ConsumerStaples,-0.02316457398751263,3,0
2025-01-07,ConsumerStaples,-0.0055600560589536,3,0
2025-01-08,ConsumerStaples,0.004491017964071882,3,0
2025-01-09,ConsumerStaples,-0.0020870194808571365,3,0
2025-01-10,ConsumerStaples,-0.011632203718720313,3,0
2025-01-13,ConsumerStaples,0.0011716035313995195,3,0
2025-01-14,ConsumerStaples,-0.003164190917669507,3,0
2025-01-15,ConsumerStaples,0.014650110204985411,3,0
2025-01-16,ConsumerStaples,-0.0025413882819712574,3,0
2025-01-17,ConsumerStaples,-0.0051250417581833645,3,0
2025-01-20,ConsumerStaples,0.0017976352246072969,3,0
2025-01-21,ConsumerStaples,-0.002602950762003379,3,0
2025-01-22,ConsumerStaples,-0.002960413030218212,3,0
2025-01-23,ConsumerStaples,0.004980921083121463,3,0
2025-01-24,ConsumerStaples,0.013091972175484376,3,0
2025-02-03,ConsumerStaples,-0.015872555344218126,3,0
2025-02-04,ConsumerStaples,0.00133742616217473,3,0
2025-02-05,ConsumerStaples,0.004317256127772599,3,0
2025-02-06,ConsumerStaples,-0.007316490543874028,3,0
2025-02-07,ConsumerStaples,8.897759341153222e-05,3,0
2025-02-10,ConsumerStaples,0.003030100585423856,3,0
2025-02-11,ConsumerStaples,-0.005375659294731494,3,0
2025-02-12,ConsumerStaples,0.006705096784110687,3,0
2025-02-13,ConsumerStaples,-0.0034282351961096857,3,0
2025-02-14,ConsumerStaples,-0.006633131212230525,3,0
2025-02-17,ConsumerStaples,-0.013282265685037578,3,0
2025-02-18,ConsumerStaples,0.0023746760055506724,3,0
2025-02-19,ConsumerStaples,0.00986570652019525,3,0
2025-02-20,ConsumerStaples,0.0016175610615134506,3,0
2025-02-21,ConsumerStaples,0.0045242942036075595,3,0
2025-02-24,ConsumerStaples,0.016816431705759454,3,0
2025-02-25,ConsumerStaples,-0.000734410306939918,3,0
2025-02-26,ConsumerStaples,-0.000700705477038673,3,0
2025-02-27,ConsumerStaples,-0.004301738851049675,3,0
2025-02-28,ConsumerStaples,-0.007874916271361351,3,0
2025-03-03,ConsumerStaples,0.008180253922729216,3,0
2025-03-04,ConsumerStaples,0.008836729991313685,3,0
2025-03-05,ConsumerStaples,-0.009729236607060413,3,0
2025-03-06,ConsumerStaples,0.0033671618620366717,3,0
2025-03-07,ConsumerStaples,-0.0033371812780030132,3,0
2025-03-10,ConsumerStaples,-0.00024320767208067343,3,0
2025-03-11,ConsumerStaples,-0.0018433299949964048,3,0
2025-03-12,ConsumerStaples,-0.00273813522920859,3,0
2025-03-13,ConsumerStaples,0.00716850948867324,3,0
2025-03-14,ConsumerStaples,0.007179391937752151,3,0
2025-03-17,ConsumerStaples,0.0020545564219531798,3,0
2025-03-18,ConsumerStaples,-0.010211044914702705,3,0
2025-03-19,ConsumerStaples,-0.008275033393209674,3,0
2025-03-20,ConsumerStaples,-0.004443655034453172,3,0
2025-03-21,ConsumerStaples,-0.007104689655983727,3,0
2025-03-24,ConsumerStaples,0.0008241744076050347,3,0
2025-03-25,ConsumerStaples,-0.0022950300728078465,3,0
2025-03-26,ConsumerStaples,-0.002067128443643059,3,0
2025-03-27,ConsumerStaples,0.004819725397953241,3,0
2025-03-28,ConsumerStaples,-0.010332349350556344,3,0
2025-03-31,ConsumerStaples,-0.009386744562586554,3,0
2025-04-01,ConsumerStaples,0.0011829061142419512,3,0
2025-04-02,ConsumerStaples,-0.0029842539323629014,3,0
2025-04-03,ConsumerStaples,-0.06863924115656413,3,0
2025-04-04,ConsumerStaples,-0.024809980942722576,3,0
2025-04-08,ConsumerStaples,-0.05156232399514815,3,0
2025-04-09,ConsumerStaples,-0.026336955635083276,3,0
2025-04-10,ConsumerStaples,0.06931156943004287,3,0
2025-04-11,ConsumerStaples,0.04485294399074954,3,0
2025-04-14,ConsumerStaples,0.016874505101566555,3,0
2025-04-15,ConsumerStaples,-0.017220009498617832,3,0
2025-04-16,ConsumerStaples,-0.021296176513077286,3,0
2025-04-17,ConsumerStaples,0.001088188259216527,3,0
2025-04-18,ConsumerStaples,0.010191492109673739,3,0
2025-04-21,ConsumerStaples,-0.0005832464110560043,3,0
2025-04-22,ConsumerStaples,-0.004224886659841702,3,0
2025-04-23,ConsumerStaples,0.0217446483670168,3,0
2025-04-24,ConsumerStaples,0.0052266977983707425,3,0
2025-04-25,ConsumerStaples,0.025557244282651714,3,0
2025-04-28,ConsumerStaples,0.00956862771050763,3,0
2025-04-29,ConsumerStaples,-0.019622582282057526,3,0
2025-05-05,ConsumerStaples,-0.005412575539246937,3,0
2025-05-06,ConsumerStaples,-0.002996454777805265,3,0
2025-05-07,ConsumerStaples,-0.002740383047738826,3,0
2025-05-08,ConsumerStaples,0.016054866127537853,3,0
2025-05-09,ConsumerStaples,0.0037881501330111478,3,0
2025-05-12,ConsumerStaples,0.00405490538807074,3,0
2025-05-13,ConsumerStaples,-0.001393042099311237,3,0
2025-05-14,ConsumerStaples,0.0009715018844310327,3,0
2025-05-15,ConsumerStaples,0.011691595524035389,3,0
2025-05-16,ConsumerStaples,-0.0038106158936782597,3,0
2025-05-19,ConsumerStaples,-0.009138026134726251,3,0
2025-05-20,ConsumerStaples,0.003835077284652414,3,0
2025-05-21,ConsumerStaples,0.00047093788408780757,3,0
2025-05-22,ConsumerStaples,7.908323851076501e-06,3,0
2025-05-23,ConsumerStaples,-0.0036840282277740277,3,0
2025-05-26,ConsumerStaples,0.0055757658248470525,3,0
2025-05-27,ConsumerStaples,-0.0007666621234836782,3,0
2025-05-28,ConsumerStaples,-0.001691793520686972,3,0
2025-05-29,ConsumerStaples,-0.004618679389979656,3,0
2025-05-30,ConsumerStaples,-0.011905880337270247,3,0
2025-06-02,ConsumerStaples,0.0014537919260565468,3,0
2025-06-03,ConsumerStaples,0.014249650372940645,3,0
2025-06-04,ConsumerStaples,0.01672378268312739,3,0
2025-06-05,ConsumerStaples,0.0012737176925478415,3,0
2025-06-06,ConsumerStaples,-0.012973946247849607,3,0
2025-06-09,ConsumerStaples,-0.005903629381890263,3,0
2025-06-10,ConsumerStaples,0.0036401456058242263,3,0
2025-06-11,ConsumerStaples,0.0003834218408230357,3,0
2025-06-12,ConsumerStaples,0.012384664353006484,3,0
2025-06-13,ConsumerStaples,-0.006727824130387083,3,0
2025-06-16,ConsumerStaples,0.01499697342529216,3,0
2025-06-17,ConsumerStaples,0.007542566071222538,3,0
2025-06-18,ConsumerStaples,-0.006122389755828832,3,0
2025-06-19,ConsumerStaples,0.00026001861808470456,3,0
2025-06-20,ConsumerStaples,0.0032744066338406728,3,0
2025-06-23,ConsumerStaples,-0.0033451162895293076,3,0
2025-06-24,ConsumerStaples,0.011638981045651494,3,0
2025-06-25,ConsumerStaples,0.012037170639612738,3,0
2025-06-26,ConsumerStaples,0.007047863848334002,3,0
2025-06-27,ConsumerStaples,0.031090044631602105,3,0
2025-06-30,ConsumerStaples,-0.0030297833093605084,3,0
2025-07-01,ConsumerStaples,-0.013026411376173774,3,0
2025-07-02,ConsumerStaples,0.0001534967256382839,3,0
2025-07-03,ConsumerStaples,-0.005410238293122112,3,0
2025-07-04,ConsumerStaples,0.003326971041582786,3,0
2025-07-07,ConsumerStaples,0.0014548222769848647,3,0
2025-07-08,ConsumerStaples,0.01311631804935757,3,0
2025-07-09,ConsumerStaples,0.013370965137017077,3,0
2025-07-10,ConsumerStaples,0.005201638682823602,3,0
2025-07-11,ConsumerStaples,-0.0008044120448904198,3,0
2025-07-14,ConsumerStaples,-0.003536501724378619,3,0
2025-07-15,ConsumerStaples,-0.004230270272244467,3,0
2025-07-16,ConsumerStaples,0.001850618221663325,3,0
2025-07-17,ConsumerStaples,0.008119495395093232,3,0
2025-07-18,ConsumerStaples,0.011844046165977265,3,0
2025-07-21,ConsumerStaples,-0.011288314316238371,3,0
2025-07-22,ConsumerStaples,0.002642230714283785,3,0
2025-07-23,ConsumerStaples,0.012201068392955613,3,0
2025-07-24,ConsumerStaples,0.007951241473194814,3,0
2025-07-25,ConsumerStaples,-0.0028538822256670704,3,0
2025-07-28,ConsumerStaples,0.009847634669498081,3,0
2025-07-29,ConsumerStaples,-0.036950844273756646,3,0
2025-07-30,ConsumerStaples,0.0038795628382985634,3,0
2025-07-31,ConsumerStaples,-0.010887949111518616,3,0
2025-08-01,ConsumerStaples,-0.004431176898573604,3,0
2025-08-04,ConsumerStaples,0.00966605317683548,3,0
2025-08-05,ConsumerStaples,-0.002683653046964607,3,0
2025-08-06,ConsumerStaples,0.015023143357666488,3,0
2025-08-07,ConsumerStaples,-0.0019974618260863997,3,0
2025-08-08,ConsumerStaples,0.002744993383738533,3,0
2025-08-11,ConsumerStaples,0.02923318928702871,3,0
2025-08-12,ConsumerStaples,0.008838588046864363,3,0
2025-08-13,ConsumerStaples,0.0029958758225397584,3,0
2025-08-14,ConsumerStaples,-0.0013526058067343527,3,0
2025-08-15,ConsumerStaples,-0.013270893427808924,3,0
2025-08-18,ConsumerStaples,-0.0008698013865483523,3,0
2025-08-19,ConsumerStaples,0.003301525402114184,3,0
2025-08-20,ConsumerStaples,-0.009889986842648302,3,0
2025-08-21,ConsumerStaples,0.0010967582600478476,3,0
2025-08-22,ConsumerStaples,-0.02658268373911969,3,0
2025-08-25,ConsumerStaples,-0.007632693520771376,3,0
2025-08-26,ConsumerStaples,0.014618084397930367,3,0
2025-08-27,ConsumerStaples,0.009716479965234134,3,0
2025-08-28,ConsumerStaples,0.010346405801143618,3,0
2025-08-29,ConsumerStaples,-0.0042413689205350975,3,0
2025-09-03,ConsumerStaples,0.0051979536151098476,3,0
2025-09-04,ConsumerStaples,0.01423967763063505,3,0
2025-09-05,ConsumerStaples,-0.01049590400035183,3,0
2025-09-08,ConsumerStaples,-0.0131448905416461,3,0
2025-09-09,ConsumerStaples,-0.005236608470328363,3,0
2025-09-10,ConsumerStaples,-0.0031505105095774497,3,0
2025-09-11,ConsumerStaples,0.013074353389863624,3,0
2025-09-12,ConsumerStaples,0.028855653498523964,3,0
2025-09-15,ConsumerStaples,0.009574815856791838,3,0
2025-09-16,ConsumerStaples,0.009844745554007531,3,0
2025-09-17,ConsumerStaples,-0.011420906045805368,3,0
2025-09-18,ConsumerStaples,-0.011942913601380223,3,0
2025-09-19,ConsumerStaples,-0.014441610941100858,3,0
2025-09-22,ConsumerStaples,-0.01338106775066994,3,0
2025-09-23,ConsumerStaples,0.0018467487110866247,3,0
2025-09-24,ConsumerStaples,0.008424287256403984,3,0
2025-09-25,ConsumerStaples,-0.0073995948764427055,3,0
2025-09-26,ConsumerStaples,-0.0036267421615692554,3,0
2025-09-29,ConsumerStaples,-0.007045011867478523,3,0
2025-09-30,ConsumerStaples,-0.007078016116994805,3,0
2025-10-01,ConsumerStaples,0.013625864523300354,3,0
2025-10-02,ConsumerStaples,-0.0032586046612554562,3,0
2025-10-03,ConsumerStaples,-0.004541371915910086,3,0
2025-10-06,ConsumerStaples,0.022900681129006745,3,0
2025-10-07,ConsumerStaples,-0.008425233607294821,3,0
2025-10-08,ConsumerStaples,0.010859012892099895,3,0
2025-10-09,ConsumerStaples,-0.0031033343295343574,3,0
2025-10-10,ConsumerStaples,0.0031678471173838263,3,0
2025-10-13,ConsumerStaples,0.012785657722294156,3,0
2025-10-14,ConsumerStaples,-0.016355965942815742,3,0
2025-10-15,ConsumerStaples,-0.000634663180895186,3,0
2025-10-16,ConsumerStaples,0.025195378747653947,3,0
2025-10-17,ConsumerStaples,-0.013476963677792275,3,0
2025-10-20,ConsumerStaples,-0.053844607735727266,3,0
2025-10-21,ConsumerStaples,-0.00333636942285002,3,0
2025-10-22,ConsumerStaples,0.005706342403255997,3,0
2025-10-23,ConsumerStaples,0.0032068091180688465,3,0
2025-10-24,ConsumerStaples,0.011300210008099961,3,0
2025-10-27,ConsumerStaples,-0.007480697498599105,3,0
2025-10-28,ConsumerStaples,0.004478641435165705,3,0
2025-10-29,ConsumerStaples,0.003650582170785288,3,0
2025-10-30,ConsumerStaples,-0.002238701839824294,3,0
2025-10-31,ConsumerStaples,0.005211519416260894,3,0
2025-11-03,ConsumerStaples,-0.009299091666916004,3,0
2025-11-04,ConsumerStaples,0.012585889842207506,3,0
2025-11-05,ConsumerStaples,0.004597604549416083,3,0
2025-11-06,ConsumerStaples,-0.006220780257107705,3,0
2025-11-07,ConsumerStaples,-0.011097035119301565,3,0
2025-11-10,ConsumerStaples,-0.0076640042351678135,3,0
2025-11-11,ConsumerStaples,0.026576200653667097,3,0
2025-11-12,ConsumerStaples,0.010379363586647225,3,0
2025-11-13,ConsumerStaples,0.013491738135605003,3,0
2025-11-14,ConsumerStaples,-0.0009322649035414429,3,0
2025-11-17,ConsumerStaples,0.0046417752803808625,3,0
2025-11-18,ConsumerStaples,-0.010804512229899052,3,0
2025-11-19,ConsumerStaples,-0.0011831829196494725,3,0
2025-11-20,ConsumerStaples,-0.0019478022846622551,3,0
2025-11-21,ConsumerStaples,-0.011117054959942677,3,0
2025-11-24,ConsumerStaples,0.014554926260671045,3,0
2025-11-25,ConsumerStaples,-0.008092999880825161,3,0
2025-11-26,ConsumerStaples,0.013208621752544817,3,0
2025-11-27,ConsumerStaples,-0.005418608035034096,3,0
2025-11-28,ConsumerStaples,0.006101478630819075,3,0
2025-12-01,ConsumerStaples,0.029360906056814073,3,0
2025-12-02,ConsumerStaples,0.022806249496268194,3,0
2025-12-03,ConsumerStaples,0.003226173180710427,3,0
2025-12-04,ConsumerStaples,-0.015518591193670384,3,0
2025-12-05,ConsumerStaples,-0.014244961153635346,3,0
2025-12-08,ConsumerStaples,0.022013514281100027,3,0
2025-12-09,ConsumerStaples,-0.00848099487216906,3,0
2025-12-10,ConsumerStaples,-0.008095449123370901,3,0
2025-12-11,ConsumerStaples,-0.007158505798848062,3,0
2025-12-12,ConsumerStaples,-0.03307314160045105,3,0
2025-12-15,ConsumerStaples,0.013293239618710576,3,0
2025-12-16,ConsumerStaples,0.024232528769268697,3,0
2025-12-17,ConsumerStaples,-0.01921547115760606,3,0
2025-12-18,ConsumerStaples,0.005920912717030102,3,0
2025-12-19,ConsumerStaples,0.00531723844303104,3,0
2025-12-22,ConsumerStaples,-0.003934927301803115,3,0
2025-12-23,ConsumerStaples,-0.0033944507444914063,3,0
2025-12-24,ConsumerStaples,-0.010173226792417056,3,0
2025-12-25,ConsumerStaples,-0.004736614244262823,3,0
2025-12-26,ConsumerStaples,0.0005517807906015489,3,0
2025-12-29,ConsumerStaples,0.004436680912191478,3,0
2025-12-30,ConsumerStaples,0.010054090892179124,3,0
2025-12-31,ConsumerStaples,-0.0068414094656201,3,0
2026-01-05,ConsumerStaples,-0.011900040069946383,3,0
2026-01-06,ConsumerStaples,-0.00017611744773315952,3,0
2026-01-07,ConsumerStaples,0.01326693165568349,3,0
2026-01-08,ConsumerStaples,0.005318419020143184,3,0
2026-01-09,ConsumerStaples,-0.009621818149104492,3,0
2026-01-12,ConsumerStaples,0.018784361376470066,3,0
2026-01-13,ConsumerStaples,0.028895935156492802,3,0
2026-01-14,ConsumerStaples,0.05183932576147502,3,0
2026-01-15,ConsumerStaples,0.011756443024820928,3,0
2026-01-16,ConsumerStaples,-0.006232240125099338,3,0
2026-01-19,ConsumerStaples,-0.009005856290736728,3,0
2026-01-20,ConsumerStaples,0.02019178734263823,3,0
2026-01-21,ConsumerStaples,-0.025319101783657816,3,0
2026-01-22,ConsumerStaples,0.002840213505704995,3,0
2026-01-23,ConsumerStaples,-0.02965748005504154,3,0
2026-01-26,ConsumerStaples,-0.004140026666737036,3,0
2026-01-27,ConsumerStaples,-0.001234173701600616,3,0
2026-01-28,ConsumerStaples,0.008142162746511842,3,0
2026-01-29,ConsumerStaples,0.0452386005595371,3,0
2026-01-30,ConsumerStaples,-0.005389428308972562,3,0
2026-02-02,ConsumerStaples,0.008666072241262368,3,0
2026-02-03,ConsumerStaples,0.010036203194887072,3,0
2026-02-04,ConsumerStaples,-0.005030840660243545,3,0
2026-02-05,ConsumerStaples,-0.037072765151352716,3,0
2026-02-06,ConsumerStaples,-0.013998739210603942,3,0
2026-02-09,ConsumerStaples,0.007214775475347102,3,0
2026-02-10,ConsumerStaples,-0.01912556457675707,3,0
2026-02-11,ConsumerStaples,0.01098854562481503,3,0
2026-02-12,ConsumerStaples,0.00023345430093239342,3,0
2026-02-13,ConsumerStaples,0.00040064977250298117,3,0
2026-02-23,ConsumerStaples,0.012728850473842831,3,0
2026-02-24,ConsumerStaples,0.004961427415118884,3,0
2026-02-25,ConsumerStaples,0.010233350077368067,3,0
2026-02-26,ConsumerStaples,-0.00809265942377868,3,0
2026-02-27,ConsumerStaples,-0.021905825277500363,3,0
2026-03-02,ConsumerStaples,-0.01860018096844703,3,0
2026-03-03,ConsumerStaples,-0.030429643277438984,3,0
2026-03-04,ConsumerStaples,0.0035441563377709797,3,0
2026-03-05,ConsumerStaples,-0.01432527976523553,3,0
2026-03-06,ConsumerStaples,-0.01349206967600806,3,0
2026-03-09,ConsumerStaples,-0.06911515749751707,3,0
2026-03-10,ConsumerStaples,0.04146098301298662,3,0
2026-03-11,ConsumerStaples,0.02807934828110296,3,0
2026-03-12,ConsumerStaples,-0.014714908411186833,3,0
2026-03-13,ConsumerStaples,0.016718624090173773,3,0
2026-03-16,ConsumerStaples,-0.007956021576416542,3,0
2026-03-17,ConsumerStaples,0.0058803746824288945,3,0
2026-03-18,ConsumerStaples,0.0014248518402362926,3,0
2026-03-19,ConsumerStaples,-0.004097223015136449,3,0
2026-03-20,ConsumerStaples,-0.03669480936513699,3,0
2026-03-23,ConsumerStaples,0.004421658459491347,3,0
2026-03-24,ConsumerStaples,0.02543557567668649,3,0
2026-03-25,ConsumerStaples,0.007372583115173674,3,0
2026-03-26,ConsumerStaples,-0.018368745297647832,3,0
2026-03-27,ConsumerStaples,0.011351215514690205,3,0
2026-03-30,ConsumerStaples,0.0019514251382870922,3,0
2026-03-31,ConsumerStaples,0.003681046849711748,3,0
2026-04-01,ConsumerStaples,0.01206691746564248,3,0
2026-04-02,ConsumerStaples,-0.008461252241988237,3,0
2026-04-03,ConsumerStaples,-0.008589564118104706,3,0
2026-04-06,ConsumerStaples,0.0072534720281305365,3,0
2026-04-07,ConsumerStaples,-0.002968138399782827,3,0
2026-04-08,ConsumerStaples,0.030559440947995748,3,0
2026-04-09,ConsumerStaples,-0.005199124606491338,3,0
2026-04-10,ConsumerStaples,0.010537578883341355,3,0
2026-04-13,ConsumerStaples,-0.006840598789256876,3,0
2026-04-14,ConsumerStaples,-0.003873255435119516,3,0
2026-04-15,ConsumerStaples,0.0019793541933084504,3,0
2026-04-16,ConsumerStaples,-0.0006023161595321014,3,0
2026-04-17,ConsumerStaples,0.005745866688313302,3,0
2026-04-20,ConsumerStaples,0.0023247978436657193,3,0
2026-04-21,ConsumerStaples,-0.005365913172010887,3,0
2026-04-22,ConsumerStaples,0.000351521819197842,3,0
2026-04-23,ConsumerStaples,0.02101222967171823,3,0
2026-04-24,ConsumerStaples,-0.01583499730215469,3,0
2026-04-28,ConsumerStaples,0.010487343069117694,3,0
2026-04-29,ConsumerStaples,-0.011119865908560733,3,0
2026-05-04,ConsumerStaples,-0.0010501050105010679,3,0
2026-05-05,ConsumerStaples,-0.0019009103836025165,3,0
2026-05-06,ConsumerStaples,0.015330949798620708,3,0
2026-05-07,ConsumerStaples,0.003078870188504723,3,0
2026-05-08,ConsumerStaples,-0.009440623521603094,3,0
2026-05-11,ConsumerStaples,-0.0031547026272428593,3,0
2026-05-12,ConsumerStaples,-0.006115173784889867,3,0
2026-05-13,ConsumerStaples,-0.002446821994692113,3,0
2026-05-14,ConsumerStaples,0.008529634395910627,3,0
2026-05-15,ConsumerStaples,0.0025885985238840816,3,0
2026-05-18,ConsumerStaples,-0.0014137271709640336,3,0
2026-05-19,ConsumerStaples,-0.0031331922640296015,3,0
2026-05-20,ConsumerStaples,-0.013287828545299455,3,0
2026-05-21,ConsumerStaples,0.004154326493078712,3,0
2026-05-22,ConsumerStaples,0.0025937421751223897,3,0
2026-05-25,ConsumerStaples,0.0017311322047524798,3,0
2026-05-26,ConsumerStaples,-0.005772080839188676,3,0
2026-05-27,ConsumerStaples,-3.955286534518265e-06,3,0
2026-05-28,ConsumerStaples,-0.00705070268357096,3,0
2026-05-29,ConsumerStaples,-0.00415953717667783,3,0
2026-06-01,ConsumerStaples,0.0012218231684221943,3,0
2026-06-02,ConsumerStaples,-0.010981600184631088,3,0
2026-06-03,ConsumerStaples,0.010511452526892414,3,0
2026-06-04,ConsumerStaples,-0.001069739150204289,3,0
2026-06-05,ConsumerStaples,-0.005170256615445272,3,0
2026-06-08,ConsumerStaples,-0.01837710656404934,3,0
2026-06-09,ConsumerStaples,0.010315558934593646,3,0
2026-06-10,ConsumerStaples,0.003994442831855387,3,0
2026-06-11,ConsumerStaples,0.004865026531701289,3,0
2026-06-12,ConsumerStaples,-0.000635424550091875,3,0
2026-06-15,ConsumerStaples,0.008464839481221564,3,0
2026-06-16,ConsumerStaples,0.004462568038055448,3,0
2026-06-17,ConsumerStaples,-0.0048971855939304865,3,0
2026-06-18,ConsumerStaples,-0.004818685751965386,3,0
2026-06-19,ConsumerStaples,-0.0019367781188743087,3,0
2026-06-22,ConsumerStaples,-0.004220367500536078,3,0
2026-06-23,ConsumerStaples,-0.003924776101672078,3,0
2026-06-24,ConsumerStaples,-0.0005894488653109079,3,0
2026-06-25,ConsumerStaples,0.005590339892665479,3,0
2026-06-26,ConsumerStaples,-0.0006921643824902013,3,0
2026-06-29,ConsumerStaples,-0.0026717923633669725,3,0
2026-06-30,ConsumerStaples,-0.004235843443670857,3,0
2026-07-01,ConsumerStaples,0.003254020261153734,3,0
2026-07-02,ConsumerStaples,0.0030464895757249164,3,0
2026-07-03,ConsumerStaples,-0.01113108109366956,3,0
2026-07-06,ConsumerStaples,-0.008887005810083318,3,0
2026-07-07,ConsumerStaples,-0.00943331050476326,3,0
2026-07-08,ConsumerStaples,0.005196410047087707,3,0
2026-07-09,ConsumerStaples,-0.0008605072463767627,3,0
2026-07-10,ConsumerStaples,0.004902203472712603,3,0
2026-07-13,ConsumerStaples,-0.01845548775883743,3,0
2026-07-14,ConsumerStaples,0.010773668588959229,3,0
2026-07-15,ConsumerStaples,-0.0061634240252886885,3,0
2026-07-16,ConsumerStaples,0.0022438873413803684,3,0
2026-07-17,ConsumerStaples,0.020527114888551745,3,0
2026-07-20,ConsumerStaples,-0.015700437429734555,3,0
2026-07-21,ConsumerStaples,-0.002164625149559211,3,0
2026-07-22,ConsumerStaples,-0.0014439100966359513,3,0
2026-07-23,ConsumerStaples,-0.006507043727892607,3,0
2026-07-24,ConsumerStaples,0.002335654483803166,3,0
2026-07-27,ConsumerStaples,-0.004969812896800356,3,0
2026-07-28,ConsumerStaples,0.015736293450625733,3,0
2026-07-29,ConsumerStaples,0.004122527944201426,3,0
2026-07-30,ConsumerStaples,0.017811685198826144,3,0
2026-07-31,ConsumerStaples,-0.009318437495827614,3,0
2026-08-03,ConsumerStaples,0.0168734897599833,3,0
2026-08-04,ConsumerStaples,-0.0012126728168494842,3,0
2026-08-05,ConsumerStaples,-0.01606365812361436,3,0
2026-08-06,ConsumerStaples,-0.006452164621959892,3,0
2026-08-07,ConsumerStaples,0.02946958405593943,3,0
2026-08-10,ConsumerStaples,0.015056695684290208,3,0
2026-08-11,ConsumerStaples,-0.009584168365760629,3,0
2026-08-12,ConsumerStaples,0.004167759929675922,3,0
2026-08-13,ConsumerStaples,-0.0023343624881715006,3,0
2026-08-14,ConsumerStaples,-0.010408802393535218,3,0
2026-08-17,ConsumerStaples,0.009574602776784458,3,0
2026-08-18,ConsumerStaples,0.0029731241902615593,3,0
2026-08-19,ConsumerStaples,0.0004919089246444575,3,0
2026-08-20,ConsumerStaples,0.019824442420251165,3,0
2026-08-21,ConsumerStaples,0.007279429760156608,3,0
2026-08-24,ConsumerStaples,-0.007165441386368136,3,0
2026-08-25,ConsumerStaples,-0.005545509342977706,3,0
2026-08-26,ConsumerStaples,0.004304193467524975,3,0
2026-08-27,ConsumerStaples,-0.004005975163078435,3,0
2026-08-28,ConsumerStaples,-0.0021595628415300716,3,0
2026-09-03,ConsumerStaples,-0.015969470877809127,3,0
2026-09-04,ConsumerStaples,0.006405228758169956,3,0
2026-09-07,ConsumerStaples,-0.012069522132335772,3,0
2026-09-08,ConsumerStaples,0.001418847294164675,3,0
2026-09-09,ConsumerStaples,-0.0005853498422655848,3,0
2026-09-10,ConsumerStaples,0.004586404112626748,3,0
2026-09-11,ConsumerStaples,-0.027305745432762724,3,0
2026-09-14,ConsumerStaples,0.0040038601003548795,3,0
2026-09-15,ConsumerStaples,0.004762700277411065,3,0
2026-09-16,ConsumerStaples,-0.003925350659019,3,0
2026-09-17,ConsumerStaples,0.0063511000206391,3,0
2026-09-18,ConsumerStaples,0.008983676600728593,3,0
2026-09-21,ConsumerStaples,-0.011699271341871431,3,0
2026-09-22,ConsumerStaples,0.023858037850978953,3,0
2026-09-23,ConsumerStaples,-0.009542890496055612,3,0
2024-01-03,ConsumerDiscretionary,0.028805425797939172,3,0
2024-01-04,ConsumerDiscretionary,-0.01075571107248278,3,0
2024-01-05,ConsumerDiscretionary,0.003950389823932772,3,0
2024-01-08,ConsumerDiscretionary,0.0051653124833441755,3,0
2024-01-09,ConsumerDiscretionary,-0.004386480630864886,3,0
2024-01-10,ConsumerDiscretionary,-0.005800461280345763,3,0
2024-01-11,ConsumerDiscretionary,0.00013947258087369333,3,0
2024-01-12,ConsumerDiscretionary,-0.008385056944198332,3,0
2024-01-15,ConsumerDiscretionary,0.005947218070960584,3,0
2024-01-16,ConsumerDiscretionary,0.02573467689391329,3,0
2024-01-17,ConsumerDiscretionary,0.007083649607569575,3,0
2024-01-18,ConsumerDiscretionary,0.011552678833512001,3,0
2024-01-19,ConsumerDiscretionary,-0.0015256270927757054,3,0
2024-01-22,ConsumerDiscretionary,-0.0023811285571525564,3,0
2024-01-23,ConsumerDiscretionary,-0.0016835634374223751,3,0
2024-01-24,ConsumerDiscretionary,-0.01492032785029355,3,0
2024-01-25,ConsumerDiscretionary,0.01514680927984872,3,0
2024-01-26,ConsumerDiscretionary,-0.005277278898086528,3,0
2024-01-29,ConsumerDiscretionary,0.0038910147813601506,3,0
2024-01-30,ConsumerDiscretionary,0.009997076737773133,3,0
2024-01-31,ConsumerDiscretionary,-0.008003675945925326,3,0
2024-02-01,ConsumerDiscretionary,0.014464423438081372,3,0
2024-02-02,ConsumerDiscretionary,0.011921198669399002,3,0
2024-02-05,ConsumerDiscretionary,-0.0021171366214306118,3,0
2024-02-06,ConsumerDiscretionary,0.00018180401201058535,3,0
2024-02-07,ConsumerDiscretionary,-0.004457091311922364,3,0
2024-02-15,ConsumerDiscretionary,0.004913768207483164,3,0
2024-02-16,ConsumerDiscretionary,-0.0004950158610567875,3,0
2024-02-19,ConsumerDiscretionary,-0.0019341180976419903,3,0
2024-02-20,ConsumerDiscretionary,-0.006344674438892898,3,0
2024-02-21,ConsumerDiscretionary,-0.004867751870882435,3,0
2024-02-22,ConsumerDiscretionary,-0.0036320763292707983,3,0
2024-02-23,ConsumerDiscretionary,-0.025255199576979043,3,0
2024-02-26,ConsumerDiscretionary,0.007209369041933848,3,0
2024-02-27,ConsumerDiscretionary,0.012510734616711483,3,0
2024-02-28,ConsumerDiscretionary,0.004639290065803141,3,0
2024-02-29,ConsumerDiscretionary,0.009708312994718341,3,0
2024-03-01,ConsumerDiscretionary,0.04280411363353901,3,0
2024-03-04,ConsumerDiscretionary,0.00423737079725887,3,0
2024-03-05,ConsumerDiscretionary,0.023598125612538896,3,0
2024-03-06,ConsumerDiscretionary,-0.023300299694653415,3,0
2024-03-07,ConsumerDiscretionary,0.009061662390813149,3,0
2024-03-08,ConsumerDiscretionary,0.004684614961294871,3,0
2024-03-11,ConsumerDiscretionary,-0.006298487358300371,3,0
2024-03-12,ConsumerDiscretionary,0.025526534860413525,3,0
2024-03-13,ConsumerDiscretionary,0.03440645520019273,3,0
2024-03-14,ConsumerDiscretionary,-0.009920082424892951,3,0
2024-03-15,ConsumerDiscretionary,0.012711887731289359,3,0
2024-03-18,ConsumerDiscretionary,-0.036435862796291074,3,0
2024-03-19,ConsumerDiscretionary,-0.010217161565035604,3,0
2024-03-20,ConsumerDiscretionary,0.0324741103924584,3,0
2024-03-21,ConsumerDiscretionary,0.007722694919310917,3,0
2024-03-22,ConsumerDiscretionary,0.006944278012998388,3,0
2024-03-25,ConsumerDiscretionary,-0.02480075856241733,3,0
2024-03-26,ConsumerDiscretionary,0.008762563286975888,3,0
2024-03-27,ConsumerDiscretionary,0.016976480950991135,3,0
2024-03-28,ConsumerDiscretionary,0.0036632638529856543,3,0
2024-03-29,ConsumerDiscretionary,0.00625778229072534,3,0
2024-04-01,ConsumerDiscretionary,-2.9167801144665734e-05,3,0
2024-04-02,ConsumerDiscretionary,0.010172554109288376,3,0
2024-04-03,ConsumerDiscretionary,-0.024607252204455882,3,0
2024-04-04,ConsumerDiscretionary,0.0060759479140983785,3,0
2024-04-05,ConsumerDiscretionary,-0.010266322354200367,3,0
2024-04-08,ConsumerDiscretionary,-0.024997058386113213,3,0
2024-04-09,ConsumerDiscretionary,0.03108501497378306,3,0
2024-04-10,ConsumerDiscretionary,0.004626219293268267,3,0
2024-04-11,ConsumerDiscretionary,0.004276250663880228,3,0
2024-04-12,ConsumerDiscretionary,0.01266657132804235,3,0
2024-04-15,ConsumerDiscretionary,-0.05785483823431189,3,0
2024-04-16,ConsumerDiscretionary,-0.0032135811856120653,3,0
2024-04-17,ConsumerDiscretionary,-0.0344261316891639,3,0
2024-04-19,ConsumerDiscretionary,-0.024210265827580086,3,0
2024-04-22,ConsumerDiscretionary,0.028337726994883534,3,0
2024-04-23,ConsumerDiscretionary,-0.0038359234540351985,3,0
2024-04-24,ConsumerDiscretionary,0.04564903527149141,3,0
2024-04-25,ConsumerDiscretionary,0.006951330019519604,3,0
2024-04-26,ConsumerDiscretionary,0.01357416977990152,3,0
2024-05-02,ConsumerDiscretionary,0.009840939459206352,3,0
2024-05-03,ConsumerDiscretionary,0.00029144851448470455,3,0
2024-05-06,ConsumerDiscretionary,0.024857135927931002,3,0
2024-05-07,ConsumerDiscretionary,0.013483432692769451,3,0
2024-05-08,ConsumerDiscretionary,-0.00028830818973239286,3,0
2024-05-09,ConsumerDiscretionary,-0.005961913572376483,3,0
2024-05-10,ConsumerDiscretionary,-0.0014187974514939066,3,0
2024-05-13,ConsumerDiscretionary,-0.008808732452282753,3,0
2024-05-14,ConsumerDiscretionary,0.0147654749504141,3,0
2024-05-15,ConsumerDiscretionary,0.009815723463021694,3,0
2024-05-16,ConsumerDiscretionary,-0.0031630918050004806,3,0
2024-05-17,ConsumerDiscretionary,0.01670218695741969,3,0
2024-05-20,ConsumerDiscretionary,-0.0035012072017025497,3,0
2024-05-21,ConsumerDiscretionary,0.009001317978290771,3,0
2024-05-22,ConsumerDiscretionary,-0.0020109771818067244,3,0
2024-05-23,ConsumerDiscretionary,0.006016609080438921,3,0
2024-05-24,ConsumerDiscretionary,-0.02367796744260427,3,0
2024-05-27,ConsumerDiscretionary,-0.005751516531995793,3,0
2024-05-28,ConsumerDiscretionary,0.019335917699534466,3,0
2024-05-29,ConsumerDiscretionary,-0.015737281384005652,3,0
2024-05-30,ConsumerDiscretionary,0.012869944616287987,3,0
2024-05-31,ConsumerDiscretionary,0.013483606001469584,3,0
2024-06-03,ConsumerDiscretionary,-0.0009647506766018813,3,0
2024-06-04,ConsumerDiscretionary,0.0021720327944010354,3,0
2024-06-05,ConsumerDiscretionary,-0.014914732987286702,3,0
2024-06-06,ConsumerDiscretionary,0.002050117700992874,3,0
2024-06-07,ConsumerDiscretionary,0.003948632907519456,3,0
2024-06-10,ConsumerDiscretionary,0.004229416445022283,3,0
2024-06-11,ConsumerDiscretionary,-0.005226922115044719,3,0
2024-06-12,ConsumerDiscretionary,0.02388579901832048,3,0
2024-06-13,ConsumerDiscretionary,0.0020244571482806637,3,0
2024-06-14,ConsumerDiscretionary,-0.02262213973392513,3,0
2024-06-17,ConsumerDiscretionary,-0.010396496676446302,3,0
2024-06-18,ConsumerDiscretionary,0.003646832414443487,3,0
2024-06-19,ConsumerDiscretionary,0.008798946031820595,3,0
2024-06-20,ConsumerDiscretionary,0.00660989822525145,3,0
2024-06-21,ConsumerDiscretionary,0.004393264431806061,3,0
2024-06-24,ConsumerDiscretionary,-0.02485926108810843,3,0
2024-06-25,ConsumerDiscretionary,-0.0011007895746125336,3,0
2024-06-26,ConsumerDiscretionary,0.006214744391366415,3,0
2024-06-27,ConsumerDiscretionary,0.0015988887244230792,3,0
2024-06-28,ConsumerDiscretionary,-0.00591049654019038,3,0
2024-07-01,ConsumerDiscretionary,0.022232706981363815,3,0
2024-07-02,ConsumerDiscretionary,0.007226755831908349,3,0
2024-07-03,ConsumerDiscretionary,-0.0012758573190633597,3,0
2024-07-04,ConsumerDiscretionary,-0.004121349314402778,3,0
2024-07-05,ConsumerDiscretionary,0.009232316913656113,3,0
2024-07-08,ConsumerDiscretionary,0.011651847236773335,3,0
2024-07-09,ConsumerDiscretionary,0.011480424256642937,3,0
2024-07-10,ConsumerDiscretionary,-0.016967102027980203,3,0
2024-07-11,ConsumerDiscretionary,-0.001458019834227331,3,0
2024-07-12,ConsumerDiscretionary,0.0030644991277598934,3,0
2024-07-15,ConsumerDiscretionary,-0.0030338133084713745,3,0
2024-07-16,ConsumerDiscretionary,-0.0072419975506829255,3,0
2024-07-17,ConsumerDiscretionary,-0.007206498706437821,3,0
2024-07-18,ConsumerDiscretionary,0.016032686735249824,3,0
2024-07-19,ConsumerDiscretionary,0.009172702324568275,3,0
2024-07-22,ConsumerDiscretionary,-0.008211093275231507,3,0
2024-07-23,ConsumerDiscretionary,-0.03880748047521765,3,0
2024-07-24,ConsumerDiscretionary,-0.02055515532247994,3,0
2024-07-25,ConsumerDiscretionary,0.004021784890404241,3,0
2024-07-26,ConsumerDiscretionary,0.008265902521019072,3,0
2024-07-29,ConsumerDiscretionary,0.008132401022834523,3,0
2024-07-30,ConsumerDiscretionary,0.0024427698020620023,3,0
2024-07-31,ConsumerDiscretionary,0.0026198453597203,3,0
2024-08-01,ConsumerDiscretionary,-0.027722267094680692,3,0
2024-08-02,ConsumerDiscretionary,0.02153963630548635,3,0
2024-08-05,ConsumerDiscretionary,-0.03988508340803162,3,0
2024-08-06,ConsumerDiscretionary,0.015681917990609584,3,0
2024-08-07,ConsumerDiscretionary,-0.0009514539906768279,3,0
2024-08-08,ConsumerDiscretionary,-0.003672005985678184,3,0
2024-08-09,ConsumerDiscretionary,0.036599178993409774,3,0
2024-08-12,ConsumerDiscretionary,0.013376438954801154,3,0
2024-08-13,ConsumerDiscretionary,0.0018653430510052378,3,0
2024-08-14,ConsumerDiscretionary,-0.001670068536981632,3,0
2024-08-15,ConsumerDiscretionary,-0.005226765903456165,3,0
2024-08-16,ConsumerDiscretionary,0.02950708827083363,3,0
2024-08-19,ConsumerDiscretionary,0.024242157855347706,3,0
2024-08-20,ConsumerDiscretionary,0.013870358748525824,3,0
2024-08-21,ConsumerDiscretionary,0.008132273850634641,3,0
2024-08-22,ConsumerDiscretionary,0.003737009892381534,3,0
2024-08-23,ConsumerDiscretionary,-0.0017587937157376166,3,0
2024-08-26,ConsumerDiscretionary,-0.026163221207364695,3,0
2024-08-27,ConsumerDiscretionary,0.001327207759060774,3,0
2024-08-28,ConsumerDiscretionary,-0.006443652950669436,3,0
2024-08-29,ConsumerDiscretionary,-0.0034450678632525675,3,0
2024-08-30,ConsumerDiscretionary,0.013425809071131741,3,0
2024-09-04,ConsumerDiscretionary,-0.009854500178475037,3,0
2024-09-05,ConsumerDiscretionary,-0.007805862600475925,3,0
2024-09-06,ConsumerDiscretionary,0.0009706033482365465,3,0
2024-09-09,ConsumerDiscretionary,-7.806503050925932e-05,3,0
2024-09-10,ConsumerDiscretionary,-0.0007905293867411048,3,0
2024-09-11,ConsumerDiscretionary,-0.003536297118260645,3,0
2024-09-12,ConsumerDiscretionary,-0.006241004236917276,3,0
2024-09-13,ConsumerDiscretionary,0.0003666644880901589,3,0
2024-09-16,ConsumerDiscretionary,-0.0072136202315984015,3,0
2024-09-17,ConsumerDiscretionary,0.01031994029745579,3,0
2024-09-18,ConsumerDiscretionary,0.010169691680652996,3,0
2024-09-19,ConsumerDiscretionary,-0.0026409158963180226,3,0
2024-09-20,ConsumerDiscretionary,0.0015191461274625118,3,0
2024-09-23,ConsumerDiscretionary,-0.0031503073913438095,3,0
2024-09-24,ConsumerDiscretionary,0.005762089821002163,3,0
2024-09-25,ConsumerDiscretionary,0.006306666241010135,3,0
2024-09-26,ConsumerDiscretionary,-0.007039724404716193,3,0
2024-09-27,ConsumerDiscretionary,-0.007757774691368624,3,0
2024-09-30,ConsumerDiscretionary,-0.0008376619790542531,3,0
2024-10-01,ConsumerDiscretionary,0.001083662505736697,3,0
2024-10-02,ConsumerDiscretionary,-0.0041496092422243685,3,0
2024-10-03,ConsumerDiscretionary,-0.011039153805963245,3,0
2024-10-04,ConsumerDiscretionary,-0.0071220132877322095,3,0
2024-10-07,ConsumerDiscretionary,-0.0027026618139316763,3,0
2024-10-08,ConsumerDiscretionary,-0.013439654017065076,3,0
2024-10-09,ConsumerDiscretionary,-0.0020462306190677237,3,0
2024-10-10,ConsumerDiscretionary,0.006607360535033746,3,0
2024-10-11,ConsumerDiscretionary,-0.0003651278475321762,3,0
2024-10-14,ConsumerDiscretionary,-0.008206260413618346,3,0
2024-10-15,ConsumerDiscretionary,-0.0008642872349027645,3,0
2024-10-16,ConsumerDiscretionary,0.01451053526521869,3,0
2024-10-17,ConsumerDiscretionary,0.0032667378470601824,3,0
2024-10-18,ConsumerDiscretionary,-0.005541613473633762,3,0
2024-10-21,ConsumerDiscretionary,-0.0005633091923882283,3,0
2024-10-22,ConsumerDiscretionary,-0.014483708820314467,3,0
2024-10-23,ConsumerDiscretionary,-0.0031178406187042005,3,0
2024-10-24,ConsumerDiscretionary,-0.005474228028963579,3,0
2024-10-25,ConsumerDiscretionary,-0.001892831396379931,3,0
2024-10-28,ConsumerDiscretionary,0.004808735693695517,3,0
2024-10-29,ConsumerDiscretionary,0.016273564072676105,3,0
2024-10-30,ConsumerDiscretionary,-0.00979874730669846,3,0
2024-10-31,ConsumerDiscretionary,0.00046763646685765714,3,0
2024-11-01,ConsumerDiscretionary,-0.01800198498064783,3,0
2024-11-04,ConsumerDiscretionary,-0.0021933933495544475,3,0
2024-11-05,ConsumerDiscretionary,0.003186032523308143,3,0
2024-11-06,ConsumerDiscretionary,0.01709342961396665,3,0
2024-11-07,ConsumerDiscretionary,-0.00724178727689125,3,0
2024-11-08,ConsumerDiscretionary,-0.0035009784469822356,3,0
2024-11-11,ConsumerDiscretionary,-0.01289787335959521,3,0
2024-11-12,ConsumerDiscretionary,-0.015192431115694424,3,0
2024-11-13,ConsumerDiscretionary,0.009645616557403517,3,0
2024-11-14,ConsumerDiscretionary,-0.009150485222247151,3,0
2024-11-15,ConsumerDiscretionary,-0.021887287138352973,3,0
2024-11-18,ConsumerDiscretionary,-0.009473745564120358,3,0
2024-11-19,ConsumerDiscretionary,-0.008174366293241938,3,0
2024-11-20,ConsumerDiscretionary,0.0036125576408950013,3,0
2024-11-21,ConsumerDiscretionary,0.019127306236910762,3,0
2024-11-22,ConsumerDiscretionary,-0.002203097358806675,3,0
2024-11-25,ConsumerDiscretionary,-0.005686569660478351,3,0
2024-11-26,ConsumerDiscretionary,0.0061631012147965,3,0
2024-11-27,ConsumerDiscretionary,0.006309869283820972,3,0
2024-11-28,ConsumerDiscretionary,-0.003816539019992904,3,0
2024-11-29,ConsumerDiscretionary,0.02015452365864297,3,0
2024-12-02,ConsumerDiscretionary,0.001454651283804213,3,0
2024-12-03,ConsumerDiscretionary,-0.00980413502168768,3,0
2024-12-04,ConsumerDiscretionary,-0.004130807109352874,3,0
2024-12-05,ConsumerDiscretionary,0.028397702091611448,3,0
2024-12-06,ConsumerDiscretionary,-0.00035243822355327897,3,0
2024-12-09,ConsumerDiscretionary,-0.0005357161666236232,3,0
2024-12-10,ConsumerDiscretionary,-0.0017446019118856348,3,0
2024-12-11,ConsumerDiscretionary,-0.00736530528388446,3,0
2024-12-12,ConsumerDiscretionary,-0.003914851969659868,3,0
2024-12-13,ConsumerDiscretionary,0.0014584098945537398,3,0
2024-12-16,ConsumerDiscretionary,0.000832631352107834,3,0
2024-12-17,ConsumerDiscretionary,0.0005548779792085382,3,0
2024-12-18,ConsumerDiscretionary,-0.00151561964140882,3,0
2024-12-19,ConsumerDiscretionary,-0.007363496367760125,3,0
2024-12-20,ConsumerDiscretionary,0.005125121474820212,3,0
2024-12-23,ConsumerDiscretionary,0.004757217145102244,3,0
2024-12-24,ConsumerDiscretionary,0.00014611033358043665,3,0
2024-12-25,ConsumerDiscretionary,0.005839126354761692,3,0
2024-12-26,ConsumerDiscretionary,-0.006921848313018786,3,0
2024-12-27,ConsumerDiscretionary,-0.0014244670558617816,3,0
2024-12-30,ConsumerDiscretionary,-0.004535277866422642,3,0
2024-12-31,ConsumerDiscretionary,-0.0019531639951909283,3,0
2025-01-02,ConsumerDiscretionary,0.007002593221268468,3,0
2025-01-03,ConsumerDiscretionary,-0.02437630617483037,3,0
2025-01-06,ConsumerDiscretionary,-0.019945377543088966,3,0
2025-01-07,ConsumerDiscretionary,-0.01554767646744959,3,0
2025-01-08,ConsumerDiscretionary,0.011570083840223733,3,0
2025-01-09,ConsumerDiscretionary,-0.00624752146074814,3,0
2025-01-10,ConsumerDiscretionary,-0.009267352175469331,3,0
2025-01-13,ConsumerDiscretionary,0.0018792722564816937,3,0
2025-01-14,ConsumerDiscretionary,0.0024985697564155287,3,0
2025-01-15,ConsumerDiscretionary,-0.005061137340673631,3,0
2025-01-16,ConsumerDiscretionary,0.0062927303458331085,3,0
2025-01-17,ConsumerDiscretionary,0.003214070106310548,3,0
2025-01-20,ConsumerDiscretionary,0.007402496094798409,3,0
2025-01-21,ConsumerDiscretionary,-0.006792567706187229,3,0
2025-01-22,ConsumerDiscretionary,-0.004066663699737738,3,0
2025-01-23,ConsumerDiscretionary,0.017694771952519856,3,0
2025-01-24,ConsumerDiscretionary,0.010716958042136756,3,0
2025-02-03,ConsumerDiscretionary,0.00022321381372673402,3,0
2025-02-04,ConsumerDiscretionary,0.0043143022194644205,3,0
2025-02-05,ConsumerDiscretionary,-0.0015437796173218832,3,0
2025-02-06,ConsumerDiscretionary,0.0074241016606936645,3,0
2025-02-07,ConsumerDiscretionary,-0.007588348572617809,3,0
2025-02-10,ConsumerDiscretionary,-0.023950908756494898,3,0
2025-02-11,ConsumerDiscretionary,-0.011330061922302459,3,0
2025-02-12,ConsumerDiscretionary,0.0031187405822809358,3,0
2025-02-13,ConsumerDiscretionary,-0.009895339367178976,3,0
2025-02-14,ConsumerDiscretionary,0.005314026437021131,3,0
2025-02-17,ConsumerDiscretionary,-0.008574703274739822,3,0
2025-02-18,ConsumerDiscretionary,-0.002962047889205399,3,0
2025-02-19,ConsumerDiscretionary,0.021794856804574565,3,0
2025-02-20,ConsumerDiscretionary,0.0017738753286662041,3,0
2025-02-21,ConsumerDiscretionary,0.008945305911787882,3,0
2025-02-24,ConsumerDiscretionary,0.006594634816089018,3,0
2025-02-25,ConsumerDiscretionary,4.7657900004346075e-05,3,0
2025-02-26,ConsumerDiscretionary,0.004758635754196809,3,0
2025-02-27,ConsumerDiscretionary,-0.0023698847005843757,3,0
2025-02-28,ConsumerDiscretionary,4.20256331978471e-05,3,0
2025-03-03,ConsumerDiscretionary,0.0041393999341949135,3,0
2025-03-04,ConsumerDiscretionary,0.002995105025169642,3,0
2025-03-05,ConsumerDiscretionary,-0.010009104573117175,3,0
2025-03-06,ConsumerDiscretionary,0.03251182102363903,3,0
2025-03-07,ConsumerDiscretionary,-0.0013175270100538317,3,0
2025-03-10,ConsumerDiscretionary,-0.0012881462610420114,3,0
2025-03-11,ConsumerDiscretionary,0.011543177536486407,3,0
2025-03-12,ConsumerDiscretionary,-0.01296290546215669,3,0
2025-03-13,ConsumerDiscretionary,-0.01776884071471796,3,0
2025-03-14,ConsumerDiscretionary,-0.008716758745415776,3,0
2025-03-17,ConsumerDiscretionary,0.006193071353502703,3,0
2025-03-18,ConsumerDiscretionary,-0.0031961008128826482,3,0
2025-03-19,ConsumerDiscretionary,-0.01904724727058016,3,0
2025-03-20,ConsumerDiscretionary,0.006263172282480227,3,0
2025-03-21,ConsumerDiscretionary,0.003050232273869321,3,0
2025-03-24,ConsumerDiscretionary,-0.002388288834620019,3,0
2025-03-25,ConsumerDiscretionary,-0.0027004689739226206,3,0
2025-03-26,ConsumerDiscretionary,-0.006705144909537886,3,0
2025-03-27,ConsumerDiscretionary,-0.010117581539175155,3,0
2025-03-28,ConsumerDiscretionary,-0.020662435820598863,3,0
2025-03-31,ConsumerDiscretionary,-0.002780400652086401,3,0
2025-04-01,ConsumerDiscretionary,-0.0009166450994316048,3,0
2025-04-02,ConsumerDiscretionary,0.0028755157445177946,3,0
2025-04-03,ConsumerDiscretionary,-0.06933548874935269,3,0
2025-04-04,ConsumerDiscretionary,-0.053202587601937634,3,0
2025-04-08,ConsumerDiscretionary,-0.06910362761546296,3,0
2025-04-09,ConsumerDiscretionary,-0.06604210617765276,3,0
2025-04-10,ConsumerDiscretionary,0.06908366927972713,3,0
2025-04-11,ConsumerDiscretionary,0.06946292087572448,3,0
2025-04-14,ConsumerDiscretionary,0.04872595022309686,3,0
2025-04-15,ConsumerDiscretionary,-0.016629775619799392,3,0
2025-04-16,ConsumerDiscretionary,-0.02824285346292858,3,0
2025-04-17,ConsumerDiscretionary,0.006911487496849296,3,0
2025-04-18,ConsumerDiscretionary,0.010875063219972484,3,0
2025-04-21,ConsumerDiscretionary,-0.025036881419444008,3,0
2025-04-22,ConsumerDiscretionary,-0.0023105702073187664,3,0
2025-04-23,ConsumerDiscretionary,0.02867851176293838,3,0
2025-04-24,ConsumerDiscretionary,0.0162767688738988,3,0
2025-04-25,ConsumerDiscretionary,0.00029466340698543664,3,0
2025-04-28,ConsumerDiscretionary,0.006565864239357788,3,0
2025-04-29,ConsumerDiscretionary,-0.0012246069787799445,3,0
2025-05-05,ConsumerDiscretionary,0.002709305729823123,3,0
2025-05-06,ConsumerDiscretionary,0.013014279748309784,3,0
2025-05-07,ConsumerDiscretionary,-0.008345247057948924,3,0
2025-05-08,ConsumerDiscretionary,0.015737621740930925,3,0
2025-05-09,ConsumerDiscretionary,0.007905243405803675,3,0
2025-05-12,ConsumerDiscretionary,0.00985543777219026,3,0
2025-05-13,ConsumerDiscretionary,0.035070266534967,3,0
2025-05-14,ConsumerDiscretionary,0.025965457619148147,3,0
2025-05-15,ConsumerDiscretionary,-0.006552619787885535,3,0
2025-05-16,ConsumerDiscretionary,-0.02290422566472335,3,0
2025-05-19,ConsumerDiscretionary,-0.004446299404768113,3,0
2025-05-20,ConsumerDiscretionary,0.011154703796750024,3,0
2025-05-21,ConsumerDiscretionary,-0.011048876382741546,3,0
2025-05-22,ConsumerDiscretionary,-0.006916293393672353,3,0
2025-05-23,ConsumerDiscretionary,-0.0067704930916402395,3,0
2025-05-26,ConsumerDiscretionary,0.013079811417838835,3,0
2025-05-27,ConsumerDiscretionary,0.010450942387426646,3,0
2025-05-28,ConsumerDiscretionary,-0.0066114668483505295,3,0
2025-05-29,ConsumerDiscretionary,0.020344238320702646,3,0
2025-05-30,ConsumerDiscretionary,-0.026381852138248913,3,0
2025-06-02,ConsumerDiscretionary,-0.016673267029777155,3,0
2025-06-03,ConsumerDiscretionary,0.014987090803189607,3,0
2025-06-04,ConsumerDiscretionary,0.009492116298641773,3,0
2025-06-05,ConsumerDiscretionary,-0.004852029200619927,3,0
2025-06-06,ConsumerDiscretionary,-0.027795289063925515,3,0
2025-06-09,ConsumerDiscretionary,0.005115845013031972,3,0
2025-06-10,ConsumerDiscretionary,0.03520002188512287,3,0
2025-06-11,ConsumerDiscretionary,0.0170499527149716,3,0
2025-06-12,ConsumerDiscretionary,0.03150589314087826,3,0
2025-06-13,ConsumerDiscretionary,-0.0028134941221672483,3,0
2025-06-16,ConsumerDiscretionary,0.02418874650600474,3,0
2025-06-17,ConsumerDiscretionary,0.0013468470537851829,3,0
2025-06-18,ConsumerDiscretionary,-0.008118620028641535,3,0
2025-06-19,ConsumerDiscretionary,0.025985294336316873,3,0
2025-06-20,ConsumerDiscretionary,0.002590351014364519,3,0
2025-06-23,ConsumerDiscretionary,-0.002824076460659112,3,0
2025-06-24,ConsumerDiscretionary,-0.001739456000239244,3,0
2025-06-25,ConsumerDiscretionary,0.005021353336930027,3,0
2025-06-26,ConsumerDiscretionary,0.01876971104665696,3,0
2025-06-27,ConsumerDiscretionary,0.0021472162488069824,3,0
2025-06-30,ConsumerDiscretionary,-0.002570488720795313,3,0
2025-07-01,ConsumerDiscretionary,-0.005402262485300772,3,0
2025-07-02,ConsumerDiscretionary,0.006373673607382872,3,0
2025-07-03,ConsumerDiscretionary,-0.005639321656665548,3,0
2025-07-04,ConsumerDiscretionary,0.0058197152120674405,3,0
2025-07-07,ConsumerDiscretionary,0.0021262581530162583,3,0
2025-07-08,ConsumerDiscretionary,0.0034003934364004915,3,0
2025-07-09,ConsumerDiscretionary,0.004948271116643384,3,0
2025-07-10,ConsumerDiscretionary,0.0032111420829642836,3,0
2025-07-11,ConsumerDiscretionary,-0.0020202226659607656,3,0
2025-07-14,ConsumerDiscretionary,0.027549719494715557,3,0
2025-07-15,ConsumerDiscretionary,-0.00645289331608645,3,0
2025-07-16,ConsumerDiscretionary,0.009874522088845502,3,0
2025-07-17,ConsumerDiscretionary,-0.0017507005005568492,3,0
2025-07-18,ConsumerDiscretionary,0.016295513296226877,3,0
2025-07-21,ConsumerDiscretionary,-0.012267935935063997,3,0
2025-07-22,ConsumerDiscretionary,0.008680109217978238,3,0
2025-07-23,ConsumerDiscretionary,0.012004778100524064,3,0
2025-07-24,ConsumerDiscretionary,-0.006899985773225185,3,0
2025-07-25,ConsumerDiscretionary,0.0005023601267779565,3,0
2025-07-28,ConsumerDiscretionary,-0.0006936408984422234,3,0
2025-07-29,ConsumerDiscretionary,-0.04708804225400746,3,0
2025-07-30,ConsumerDiscretionary,0.005343751390776179,3,0
2025-07-31,ConsumerDiscretionary,-0.01668484311488838,3,0
2025-08-01,ConsumerDiscretionary,0.029425934051809266,3,0
2025-08-04,ConsumerDiscretionary,0.005145691357453315,3,0
2025-08-05,ConsumerDiscretionary,0.00012840783583134563,3,0
2025-08-06,ConsumerDiscretionary,0.040913473875418584,3,0
2025-08-07,ConsumerDiscretionary,-0.001338550067166877,3,0
2025-08-08,ConsumerDiscretionary,-0.008843742570126692,3,0
2025-08-11,ConsumerDiscretionary,0.014120728293785708,3,0
2025-08-12,ConsumerDiscretionary,0.01031649796551859,3,0
2025-08-13,ConsumerDiscretionary,-0.014772622570577728,3,0
2025-08-14,ConsumerDiscretionary,0.0028471957718592122,3,0
2025-08-15,ConsumerDiscretionary,-0.02016976353468425,3,0
2025-08-18,ConsumerDiscretionary,-0.012862111331161738,3,0
2025-08-19,ConsumerDiscretionary,-0.007346154618436573,3,0
2025-08-20,ConsumerDiscretionary,-0.005612234443123421,3,0
2025-08-21,ConsumerDiscretionary,-0.0031146312605391246,3,0
2025-08-22,ConsumerDiscretionary,-0.0024582222827258526,3,0
2025-08-25,ConsumerDiscretionary,-0.024091896806963924,3,0
2025-08-26,ConsumerDiscretionary,0.043331651433935546,3,0
2025-08-27,ConsumerDiscretionary,0.0024990421451186093,3,0
2025-08-28,ConsumerDiscretionary,0.01580375981652386,3,0
2025-08-29,ConsumerDiscretionary,0.002210514920949073,3,0
2025-09-03,ConsumerDiscretionary,0.0024671718775497453,3,0
2025-09-04,ConsumerDiscretionary,0.022111569865975955,3,0
2025-09-05,ConsumerDiscretionary,-0.022043687108894705,3,0
2025-09-08,ConsumerDiscretionary,-0.027544249423261797,3,0
2025-09-09,ConsumerDiscretionary,0.01615845661765669,3,0
2025-09-10,ConsumerDiscretionary,0.006536656846719742,3,0
2025-09-11,ConsumerDiscretionary,0.023549200855104663,3,0
2025-09-12,ConsumerDiscretionary,0.018905997309052402,3,0
2025-09-15,ConsumerDiscretionary,0.0049898354814464545,3,0
2025-09-16,ConsumerDiscretionary,0.0042334705439061775,3,0
2025-09-17,ConsumerDiscretionary,-0.01817860100877226,3,0
2025-09-18,ConsumerDiscretionary,-0.005122385169901489,3,0
2025-09-19,ConsumerDiscretionary,-0.00033053884894618246,3,0
2025-09-22,ConsumerDiscretionary,-0.02239773957434188,3,0
2025-09-23,ConsumerDiscretionary,0.006890660268301134,3,0
2025-09-24,ConsumerDiscretionary,0.013206199279534555,3,0
2025-09-25,ConsumerDiscretionary,-0.010398235238486079,3,0
2025-09-26,ConsumerDiscretionary,-0.012129857078359748,3,0
2025-09-29,ConsumerDiscretionary,-0.012606576819962986,3,0
2025-09-30,ConsumerDiscretionary,0.002983438196222673,3,0
2025-10-01,ConsumerDiscretionary,0.004861603323752073,3,0
2025-10-02,ConsumerDiscretionary,-0.010175541464540139,3,0
2025-10-03,ConsumerDiscretionary,-0.007801785317042009,3,0
2025-10-06,ConsumerDiscretionary,0.02205671364053141,3,0
2025-10-07,ConsumerDiscretionary,-0.0010582414601632377,3,0
2025-10-08,ConsumerDiscretionary,0.0100062369086484,3,0
2025-10-09,ConsumerDiscretionary,0.004042671194201801,3,0
2025-10-10,ConsumerDiscretionary,0.0037464316447865333,3,0
2025-10-13,ConsumerDiscretionary,-0.004925821876014942,3,0
2025-10-14,ConsumerDiscretionary,0.003613355525579657,3,0
2025-10-15,ConsumerDiscretionary,0.009456808468400394,3,0
2025-10-16,ConsumerDiscretionary,0.027179196839744863,3,0
2025-10-17,ConsumerDiscretionary,-0.012089614705616758,3,0
2025-10-20,ConsumerDiscretionary,-0.060407703081178786,3,0
2025-10-21,ConsumerDiscretionary,0.021944657916272464,3,0
2025-10-22,ConsumerDiscretionary,0.022026462961581023,3,0
2025-10-23,ConsumerDiscretionary,0.02222541303799286,3,0
2025-10-24,ConsumerDiscretionary,0.014811786076202408,3,0
2025-10-27,ConsumerDiscretionary,-0.028204722815538614,3,0
2025-10-28,ConsumerDiscretionary,0.026700989542581377,3,0
2025-10-29,ConsumerDiscretionary,-0.0003201922355795528,3,0
2025-10-30,ConsumerDiscretionary,0.0031831889587552453,3,0
2025-10-31,ConsumerDiscretionary,-0.011714974055465843,3,0
2025-11-03,ConsumerDiscretionary,-0.010396011094833124,3,0
2025-11-04,ConsumerDiscretionary,-0.0033314602056571108,3,0
2025-11-05,ConsumerDiscretionary,-0.007524582837900436,3,0
2025-11-06,ConsumerDiscretionary,-0.013065612626403341,3,0
2025-11-07,ConsumerDiscretionary,-0.02757312385918383,3,0
2025-11-10,ConsumerDiscretionary,0.0010643149498088533,3,0
2025-11-11,ConsumerDiscretionary,0.01978151615539477,3,0
2025-11-12,ConsumerDiscretionary,0.018904782877140702,3,0
2025-11-13,ConsumerDiscretionary,-0.005665539239000557,3,0
2025-11-14,ConsumerDiscretionary,0.008884063539561652,3,0
2025-11-17,ConsumerDiscretionary,0.026323495556911675,3,0
2025-11-18,ConsumerDiscretionary,0.017752649809105663,3,0
2025-11-19,ConsumerDiscretionary,-0.012849532548226147,3,0
2025-11-20,ConsumerDiscretionary,-0.004359392431980432,3,0
2025-11-21,ConsumerDiscretionary,-0.0029728848597722437,3,0
2025-11-24,ConsumerDiscretionary,-0.008805915694099239,3,0
2025-11-25,ConsumerDiscretionary,-0.006442539228026918,3,0
2025-11-26,ConsumerDiscretionary,0.005692332679175127,3,0
2025-11-27,ConsumerDiscretionary,0.016003712467477893,3,0
2025-11-28,ConsumerDiscretionary,-0.0008598615842831947,3,0
2025-12-01,ConsumerDiscretionary,0.0018838436612019411,3,0
2025-12-02,ConsumerDiscretionary,-0.003836817790306165,3,0
2025-12-03,ConsumerDiscretionary,0.031189032805865158,3,0
2025-12-04,ConsumerDiscretionary,-0.004814298810375132,3,0
2025-12-05,ConsumerDiscretionary,-0.0013847209180513815,3,0
2025-12-08,ConsumerDiscretionary,-0.01686179906918465,3,0
2025-12-09,ConsumerDiscretionary,-0.014673326117781346,3,0
2025-12-10,ConsumerDiscretionary,-0.0043378890098553224,3,0
2025-12-11,ConsumerDiscretionary,-0.006355209421599654,3,0
2025-12-12,ConsumerDiscretionary,-0.02516949886692336,3,0
2025-12-15,ConsumerDiscretionary,-0.006096353095990621,3,0
2025-12-16,ConsumerDiscretionary,0.040419528900755765,3,0
2025-12-17,ConsumerDiscretionary,-0.003293664347177335,3,0
2025-12-18,ConsumerDiscretionary,0.0011451254660487242,3,0
2025-12-19,ConsumerDiscretionary,0.005059543809466456,3,0
2025-12-22,ConsumerDiscretionary,0.016364669007931393,3,0
2025-12-23,ConsumerDiscretionary,0.002290108650919276,3,0
2025-12-24,ConsumerDiscretionary,0.012119610097226508,3,0
2025-12-25,ConsumerDiscretionary,-0.012330145727061073,3,0
2025-12-26,ConsumerDiscretionary,0.0009873578604886097,3,0
2025-12-29,ConsumerDiscretionary,0.00976423423027876,3,0
2025-12-30,ConsumerDiscretionary,0.003978172589706341,3,0
2025-12-31,ConsumerDiscretionary,-0.004705413781050161,3,0
2026-01-05,ConsumerDiscretionary,0.024383008751941992,3,0
2026-01-06,ConsumerDiscretionary,0.010023482961375821,3,0
2026-01-07,ConsumerDiscretionary,0.022876421281736874,3,0
2026-01-08,ConsumerDiscretionary,-0.017624313944583636,3,0
2026-01-09,ConsumerDiscretionary,0.0007386640576796758,3,0
2026-01-12,ConsumerDiscretionary,0.01995282648382409,3,0
2026-01-13,ConsumerDiscretionary,-0.004353106061109909,3,0
2026-01-14,ConsumerDiscretionary,-0.003804590788691146,3,0
2026-01-15,ConsumerDiscretionary,-0.0160396242939419,3,0
2026-01-16,ConsumerDiscretionary,0.05553810292025041,3,0
2026-01-19,ConsumerDiscretionary,0.020094628847728464,3,0
2026-01-20,ConsumerDiscretionary,-0.004035914276944497,3,0
2026-01-21,ConsumerDiscretionary,-0.015763273086690826,3,0
2026-01-22,ConsumerDiscretionary,-0.0003590500839270779,3,0
2026-01-23,ConsumerDiscretionary,0.008983669772224903,3,0
2026-01-26,ConsumerDiscretionary,-0.004564685620073283,3,0
2026-01-27,ConsumerDiscretionary,0.008489685518134968,3,0
2026-01-28,ConsumerDiscretionary,0.0002684439282637137,3,0
2026-01-29,ConsumerDiscretionary,0.06117597405159647,3,0
2026-01-30,ConsumerDiscretionary,0.02783659418041114,3,0
2026-02-02,ConsumerDiscretionary,0.002901927159489337,3,0
2026-02-03,ConsumerDiscretionary,0.020106259209996796,3,0
2026-02-04,ConsumerDiscretionary,0.000276544580096183,3,0
2026-02-05,ConsumerDiscretionary,-0.030435765335592852,3,0
2026-02-06,ConsumerDiscretionary,-0.027596995971865268,3,0
2026-02-09,ConsumerDiscretionary,0.007523488237289137,3,0
2026-02-10,ConsumerDiscretionary,-0.02328623757195188,3,0
2026-02-11,ConsumerDiscretionary,0.03129024434801719,3,0
2026-02-12,ConsumerDiscretionary,0.012396821587749537,3,0
2026-02-13,ConsumerDiscretionary,0.0031802670795418875,3,0
2026-02-23,ConsumerDiscretionary,0.005612344583118989,3,0
2026-02-24,ConsumerDiscretionary,0.0048040399022146,3,0
2026-02-25,ConsumerDiscretionary,0.0007747217800396408,3,0
2026-02-26,ConsumerDiscretionary,0.007967402093730517,3,0
2026-02-27,ConsumerDiscretionary,-0.007754741461638977,3,0
2026-03-02,ConsumerDiscretionary,-0.020299885834826708,3,0
2026-03-03,ConsumerDiscretionary,-0.032181649173291804,3,0
2026-03-04,ConsumerDiscretionary,-0.00039657148037008927,3,0
2026-03-05,ConsumerDiscretionary,-0.026977184686065175,3,0
2026-03-06,ConsumerDiscretionary,-0.023178390375460062,3,0
2026-03-09,ConsumerDiscretionary,-0.06939866846405877,3,0
2026-03-10,ConsumerDiscretionary,0.044493371290368566,3,0
2026-03-11,ConsumerDiscretionary,0.06206252794515765,3,0
2026-03-12,ConsumerDiscretionary,-0.018575302653025278,3,0
2026-03-13,ConsumerDiscretionary,-0.020543783679348355,3,0
2026-03-16,ConsumerDiscretionary,-0.0029701356409928734,3,0
2026-03-17,ConsumerDiscretionary,0.013982749114172114,3,0
2026-03-18,ConsumerDiscretionary,-0.005149125607011862,3,0
2026-03-19,ConsumerDiscretionary,-0.006965678601922913,3,0
2026-03-20,ConsumerDiscretionary,-0.024466911387983552,3,0
2026-03-23,ConsumerDiscretionary,-0.05714917261013904,3,0
2026-03-24,ConsumerDiscretionary,0.02899421096095504,3,0
2026-03-25,ConsumerDiscretionary,0.031929196896405644,3,0
2026-03-26,ConsumerDiscretionary,-0.007299969109756869,3,0
2026-03-27,ConsumerDiscretionary,0.02658962944139683,3,0
2026-03-30,ConsumerDiscretionary,-0.004437361066931822,3,0
2026-03-31,ConsumerDiscretionary,0.004147812971342368,3,0
2026-04-01,ConsumerDiscretionary,0.007960416203593187,3,0
2026-04-02,ConsumerDiscretionary,-0.004029983023647876,3,0
2026-04-03,ConsumerDiscretionary,-0.025316543698385947,3,0
2026-04-06,ConsumerDiscretionary,-0.018647809538286448,3,0
2026-04-07,ConsumerDiscretionary,-0.021631348592249428,3,0
2026-04-08,ConsumerDiscretionary,0.06179566500744634,3,0
2026-04-09,ConsumerDiscretionary,0.00775121738892474,3,0
2026-04-10,ConsumerDiscretionary,-0.003763748930437405,3,0
2026-04-13,ConsumerDiscretionary,0.0019101094958083875,3,0
2026-04-14,ConsumerDiscretionary,-0.00033788629984654595,3,0
2026-04-15,ConsumerDiscretionary,-0.014389576173846397,3,0
2026-04-16,ConsumerDiscretionary,0.008629562766445812,3,0
2026-04-17,ConsumerDiscretionary,0.03488305463884064,3,0
2026-04-20,ConsumerDiscretionary,0.013917777283891208,3,0
2026-04-21,ConsumerDiscretionary,-0.019112392403549117,3,0
2026-04-22,ConsumerDiscretionary,-0.0017554791516593744,3,0
2026-04-23,ConsumerDiscretionary,-0.022117831898052054,3,0
2026-04-24,ConsumerDiscretionary,-0.012558191866513671,3,0
2026-04-28,ConsumerDiscretionary,-0.017170925844475365,3,0
2026-04-29,ConsumerDiscretionary,-0.001262005376882554,3,0
2026-05-04,ConsumerDiscretionary,0.008932672920511845,3,0
2026-05-05,ConsumerDiscretionary,-0.004791110612949197,3,0
2026-05-06,ConsumerDiscretionary,0.0076779378927605,3,0
2026-05-07,ConsumerDiscretionary,0.010729257561277405,3,0
2026-05-08,ConsumerDiscretionary,-0.007366916345641831,3,0
2026-05-11,ConsumerDiscretionary,-0.022916506374941026,3,0
2026-05-12,ConsumerDiscretionary,0.009151084648105323,3,0
2026-05-13,ConsumerDiscretionary,0.0012877950404845961,3,0
2026-05-14,ConsumerDiscretionary,0.009554322234929913,3,0
2026-05-15,ConsumerDiscretionary,-0.019235674058750856,3,0
2026-05-18,ConsumerDiscretionary,-0.028241098546806603,3,0
2026-05-19,ConsumerDiscretionary,-0.002633238068046236,3,0
2026-05-20,ConsumerDiscretionary,-0.008493082096900695,3,0
2026-05-21,ConsumerDiscretionary,0.014312689340699292,3,0
2026-05-22,ConsumerDiscretionary,-0.0029594329092563396,3,0
2026-05-25,ConsumerDiscretionary,-0.011068624877422995,3,0
2026-05-26,ConsumerDiscretionary,0.007463951391633583,3,0
2026-05-27,ConsumerDiscretionary,0.00890376303973898,3,0
2026-05-28,ConsumerDiscretionary,-0.007341380009806257,3,0
2026-05-29,ConsumerDiscretionary,-0.012527718254589168,3,0
2026-06-01,ConsumerDiscretionary,0.0053094967227484595,3,0
2026-06-02,ConsumerDiscretionary,-0.014102541539174784,3,0
2026-06-03,ConsumerDiscretionary,0.013498299087117749,3,0
2026-06-04,ConsumerDiscretionary,-0.005354175537950034,3,0
2026-06-05,ConsumerDiscretionary,0.00024329537521946185,3,0
2026-06-08,ConsumerDiscretionary,-0.013242573666064591,3,0
2026-06-09,ConsumerDiscretionary,-0.0017909006015494426,3,0
2026-06-10,ConsumerDiscretionary,0.0027191439576692935,3,0
2026-06-11,ConsumerDiscretionary,-0.017651989581786303,3,0
2026-06-12,ConsumerDiscretionary,-0.004285635253629831,3,0
2026-06-15,ConsumerDiscretionary,0.040384041831106554,3,0
2026-06-16,ConsumerDiscretionary,0.025531317770123668,3,0
2026-06-17,ConsumerDiscretionary,0.003393264482264846,3,0
2026-06-18,ConsumerDiscretionary,-0.009605528349911463,3,0
2026-06-19,ConsumerDiscretionary,-0.01347706761697598,3,0
2026-06-22,ConsumerDiscretionary,-0.0059943031913839056,3,0
2026-06-23,ConsumerDiscretionary,-0.021529751973646,3,0
2026-06-24,ConsumerDiscretionary,0.01069599947730889,3,0
2026-06-25,ConsumerDiscretionary,-0.005445512256781064,3,0
2026-06-26,ConsumerDiscretionary,-0.0029583004588667285,3,0
2026-06-29,ConsumerDiscretionary,0.010342098151664572,3,0
2026-06-30,ConsumerDiscretionary,-0.0052397670071072655,3,0
2026-07-01,ConsumerDiscretionary,0.0056882221505729635,3,0
2026-07-02,ConsumerDiscretionary,0.001688425932661608,3,0
2026-07-03,ConsumerDiscretionary,-0.026184354731927522,3,0
2026-07-06,ConsumerDiscretionary,-0.037409882588611,3,0
2026-07-07,ConsumerDiscretionary,-0.02195007613572908,3,0
2026-07-08,ConsumerDiscretionary,0.013888256352246072,3,0
2026-07-09,ConsumerDiscretionary,-0.01913608632924409,3,0
2026-07-10,ConsumerDiscretionary,-0.03373349028200253,3,0
2026-07-13,ConsumerDiscretionary,-0.02184533193139652,3,0
2026-07-14,ConsumerDiscretionary,0.030550229338953832,3,0
2026-07-15,ConsumerDiscretionary,-0.035955924924728135,3,0
2026-07-16,ConsumerDiscretionary,-0.01701537970604224,3,0
2026-07-17,ConsumerDiscretionary,0.011851756530691038,3,0
2026-07-20,ConsumerDiscretionary,-0.042088972894273456,3,0
2026-07-21,ConsumerDiscretionary,-0.01627145530308316,3,0
2026-07-22,ConsumerDiscretionary,-0.05721785709735727,3,0
2026-07-23,ConsumerDiscretionary,-0.015345864852005286,3,0
2026-07-24,ConsumerDiscretionary,-0.05152049092731844,3,0
2026-07-27,ConsumerDiscretionary,-0.003224940222975259,3,0
2026-07-28,ConsumerDiscretionary,0.015511850061474671,3,0
2026-07-29,ConsumerDiscretionary,0.02670848190323179,3,0
2026-07-30,ConsumerDiscretionary,0.02484076565838293,3,0
2026-07-31,ConsumerDiscretionary,-0.013993818456667214,3,0
2026-08-03,ConsumerDiscretionary,0.03961530498480988,3,0
2026-08-04,ConsumerDiscretionary,0.04423008944840915,3,0
2026-08-05,ConsumerDiscretionary,0.01971158357666088,3,0
2026-08-06,ConsumerDiscretionary,-0.010132541390467228,3,0
2026-08-07,ConsumerDiscretionary,-0.010051555925463584,3,0
2026-08-10,ConsumerDiscretionary,0.016540921596508922,3,0
2026-08-11,ConsumerDiscretionary,-0.0022555051364642567,3,0
2026-08-12,ConsumerDiscretionary,0.004340880726942682,3,0
2026-08-13,ConsumerDiscretionary,0.018055428867509177,3,0
2026-08-14,ConsumerDiscretionary,-0.006077072882319956,3,0
2026-08-17,ConsumerDiscretionary,-7.911545932814956e-05,3,0
2026-08-18,ConsumerDiscretionary,-0.01214971677093605,3,0
2026-08-19,ConsumerDiscretionary,0.013072946738278635,3,0
2026-08-20,ConsumerDiscretionary,0.017247711642366974,3,0
2026-08-21,ConsumerDiscretionary,0.03612257292727864,3,0
2026-08-24,ConsumerDiscretionary,0.02186815876901549,3,0
2026-08-25,ConsumerDiscretionary,-0.00922031268796327,3,0
2026-08-26,ConsumerDiscretionary,0.010339947651018977,3,0
2026-08-27,ConsumerDiscretionary,-0.0008086236459636428,3,0
2026-08-28,ConsumerDiscretionary,-0.009322036117928848,3,0
2026-09-03,ConsumerDiscretionary,-0.03647917206080464,3,0
2026-09-04,ConsumerDiscretionary,-0.005289036423807662,3,0
2026-09-07,ConsumerDiscretionary,-0.004183666905196522,3,0
2026-09-08,ConsumerDiscretionary,0.0025850611376927457,3,0
2026-09-09,ConsumerDiscretionary,-0.007928140425878564,3,0
2026-09-10,ConsumerDiscretionary,0.031346380472479764,3,0
2026-09-11,ConsumerDiscretionary,-0.01777643742469633,3,0
2026-09-14,ConsumerDiscretionary,-0.007511781396999928,3,0
2026-09-15,ConsumerDiscretionary,0.02093024829501274,3,0
2026-09-16,ConsumerDiscretionary,-0.014146842156215755,3,0
2026-09-17,ConsumerDiscretionary,0.012679192544964302,3,0
2026-09-18,ConsumerDiscretionary,-0.0020017637215729764,3,0
2026-09-21,ConsumerDiscretionary,-0.005980620364856766,3,0
2026-09-22,ConsumerDiscretionary,-0.004082124782196199,3,0
2026-09-23,ConsumerDiscretionary,0.007892933700264337,3,0
2024-01-03,Energy,0.007416597202456836,3,0
2024-01-04,Energy,0.003905805883839486,3,0
2024-01-05,Energy,-0.0005516823099844803,3,0
2024-01-08,Energy,-0.006083866316508739,3,0
2024-01-09,Energy,-0.017489567960786895,3,0
2024-01-10,Energy,0.0027377547999902774,3,0
2024-01-11,Energy,0.008553093800596804,3,0
2024-01-12,Energy,-0.009870094914738262,3,0
2024-01-15,Energy,0.0048242218977382345,3,0
2024-01-16,Energy,0.0028315352820503423,3,0
2024-01-17,Energy,-0.0030478560716606187,3,0
2024-01-18,Energy,-0.002275080095432943,3,0
2024-01-19,Energy,0.00955326459067174,3,0
2024-01-22,Energy,-0.003980202785986616,3,0
2024-01-23,Energy,0.00805208283229819,3,0
2024-01-24,Energy,-0.005677023835603756,3,0
2024-01-25,Energy,-0.004982811739811632,3,0
2024-01-26,Energy,0.00033639065852612376,3,0
2024-01-29,Energy,0.007493735838738469,3,0
2024-01-30,Energy,0.0039198846601606885,3,0
2024-01-31,Energy,-0.010621220247847915,3,0
2024-02-01,Energy,0.00042483139504005213,3,0
2024-02-02,Energy,0.0017719851853166269,3,0
2024-02-05,Energy,0.004784503945385617,3,0
2024-02-06,Energy,0.00972793800227767,3,0
2024-02-07,Energy,0.00042735042735042583,3,0
2024-02-15,Energy,0.003447924305114943,3,0
2024-02-16,Energy,0.002774306764202613,3,0
2024-02-19,Energy,0.02379143515781627,3,0
2024-02-20,Energy,-0.004954253059863856,3,0
2024-02-21,Energy,-0.009383384792841213,3,0
2024-02-22,Energy,0.01119076184758668,3,0
2024-02-23,Energy,-0.02432954411870199,3,0
2024-02-26,Energy,-0.0027496661710445882,3,0
2024-02-27,Energy,0.018765852456228933,3,0
2024-02-28,Energy,0.02990325562870666,3,0
2024-02-29,Energy,-0.004634412416127535,3,0
2024-03-01,Energy,0.010864340055972699,3,0
2024-03-04,Energy,-0.001699620066068867,3,0
2024-03-05,Energy,0.007675198655546407,3,0
2024-03-06,Energy,0.0017133089868911489,3,0
2024-03-07,Energy,0.0170815743489241,3,0
2024-03-08,Energy,-0.018424174491632916,3,0
2024-03-11,Energy,-0.02293599057974512,3,0
2024-03-12,Energy,0.006826129670534013,3,0
2024-03-13,Energy,0.023154598623690886,3,0
2024-03-14,Energy,0.0272764059704463,3,0
2024-03-15,Energy,0.0069816923067880605,3,0
2024-03-18,Energy,-0.03453800389404963,3,0
2024-03-19,Energy,0.008824708095692321,3,0
2024-03-20,Energy,0.013977469524707983,3,0
2024-03-21,Energy,0.009968209968210054,3,0
2024-03-22,Energy,-0.010248967886155813,3,0
2024-03-25,Energy,-0.007804023534486985,3,0
2024-03-26,Energy,0.01663488019888167,3,0
2024-03-27,Energy,-0.0037746926950581092,3,0
2024-03-28,Energy,-0.006879391100702533,3,0
2024-03-29,Energy,-0.0010800696472612243,3,0
2024-04-01,Energy,0.00813793456089762,3,0
2024-04-02,Energy,0.032639060780363494,3,0
2024-04-03,Energy,-0.015122093755241539,3,0
2024-04-04,Energy,-0.008525474694586125,3,0
2024-04-05,Energy,-0.008899622993403558,3,0
2024-04-08,Energy,-0.005402708097318835,3,0
2024-04-09,Energy,0.00424119796223225,3,0
2024-04-10,Energy,-0.021949978690860645,3,0
2024-04-11,Energy,-0.0027936925721319486,3,0
2024-04-12,Energy,0.017771070536836797,3,0
2024-04-15,Energy,-0.04611590982938496,3,0
2024-04-16,Energy,0.002381264775005628,3,0
2024-04-17,Energy,-0.025681372844345757,3,0
2024-04-19,Energy,-0.00715431880186046,3,0
2024-04-22,Energy,0.0033003300330032292,3,0
2024-04-23,Energy,-0.005781443782651811,3,0
2024-04-24,Energy,0.016925479108527892,3,0
2024-04-25,Energy,-0.00754627290950564,3,0
2024-04-26,Energy,0.0017201737541272892,3,0
2024-05-02,Energy,0.0006836752001924129,3,0
2024-05-03,Energy,0.0059134654504397295,3,0
2024-05-06,Energy,0.018160565043391735,3,0
2024-05-07,Energy,0.02426736530088606,3,0
2024-05-08,Energy,0.027584377596438985,3,0
2024-05-09,Energy,-0.003019010673929586,3,0
2024-05-10,Energy,0.0013855349004574895,3,0
2024-05-13,Energy,-0.0038909055527316014,3,0
2024-05-14,Energy,-0.009569081237926732,3,0
2024-05-15,Energy,0.007516378020117879,3,0
2024-05-16,Energy,0.00906248709740165,3,0
2024-05-17,Energy,-0.00304563775125144,3,0
2024-05-20,Energy,-0.0006505938365856853,3,0
2024-05-21,Energy,0.004321596397571607,3,0
2024-05-22,Energy,-0.0028112546897202106,3,0
2024-05-23,Energy,0.04262722704115881,3,0
2024-05-24,Energy,-0.011275360278879912,3,0
2024-05-27,Energy,0.013594542172094585,3,0
2024-05-28,Energy,0.007297325389611735,3,0
2024-05-29,Energy,-0.003728777542826115,3,0
2024-05-30,Energy,-0.002091254679112938,3,0
2024-05-31,Energy,-0.010501241681204624,3,0
2024-06-03,Energy,0.012168655274033435,3,0
2024-06-04,Energy,0.0026628344663760517,3,0
2024-06-05,Energy,-0.005464490310337837,3,0
2024-06-06,Energy,0.0002612598430951814,3,0
2024-06-07,Energy,-0.004224618892885131,3,0
2024-06-10,Energy,0.004688045387035193,3,0
2024-06-11,Energy,0.013087074449223227,3,0
2024-06-12,Energy,0.0032495526808493658,3,0
2024-06-13,Energy,-0.010256297875428219,3,0
2024-06-14,Energy,-0.02886014848019051,3,0
2024-06-17,Energy,-0.012455460864198908,3,0
2024-06-18,Energy,0.014763110823694673,3,0
2024-06-19,Energy,0.005506726490837277,3,0
2024-06-20,Energy,-0.0035892083755409976,3,0
2024-06-21,Energy,0.008713284352097431,3,0
2024-06-24,Energy,-0.037876935301885184,3,0
2024-06-25,Energy,0.0045841757809411314,3,0
2024-06-26,Energy,0.01058113762366053,3,0
2024-06-27,Energy,-0.00866784482033156,3,0
2024-06-28,Energy,-0.013296323520950967,3,0
2024-07-01,Energy,0.010848863459169874,3,0
2024-07-02,Energy,0.010581960074547517,3,0
2024-07-03,Energy,0.006837898541393865,3,0
2024-07-04,Energy,0.015234817350701127,3,0
2024-07-05,Energy,0.002014832094828408,3,0
2024-07-08,Energy,0.024190738495250958,3,0
2024-07-09,Energy,0.0004824647707235193,3,0
2024-07-10,Energy,-0.0035223882897644034,3,0
2024-07-11,Energy,-0.0022745543534948842,3,0
2024-07-12,Energy,-0.0038811275991159264,3,0
2024-07-15,Energy,0.012394258123784549,3,0
2024-07-16,Energy,-0.006818148086163989,3,0
2024-07-17,Energy,-0.0295369573249397,3,0
2024-07-18,Energy,0.021879179437124474,3,0
2024-07-19,Energy,-0.013599682281677813,3,0
2024-07-22,Energy,-0.016198881433604595,3,0
2024-07-23,Energy,-0.005375952220536846,3,0
2024-07-24,Energy,0.010124606812918898,3,0
2024-07-25,Energy,-0.0007214556802870309,3,0
2024-07-26,Energy,0.015193956366771122,3,0
2024-07-29,Energy,-0.003271964056277795,3,0
2024-07-30,Energy,-0.008120564643304165,3,0
2024-07-31,Energy,0.006714921751182897,3,0
2024-08-01,Energy,-0.006664580467715971,3,0
2024-08-02,Energy,0.01675956299343932,3,0
2024-08-05,Energy,-0.04744034480889059,3,0
2024-08-06,Energy,0.019528054586917865,3,0
2024-08-07,Energy,0.017298643408384162,3,0
2024-08-08,Energy,0.0028253177847101427,3,0
2024-08-09,Energy,0.008634307881544364,3,0
2024-08-12,Energy,0.01254636358893794,3,0
2024-08-13,Energy,-0.005348334092973306,3,0
2024-08-14,Energy,0.004048932568222289,3,0
2024-08-15,Energy,-0.008483679565444343,3,0
2024-08-16,Energy,0.02682139825432032,3,0
2024-08-19,Energy,0.008829081354165305,3,0
2024-08-20,Energy,-0.0033955610386285176,3,0
2024-08-21,Energy,0.0019813787784210466,3,0
2024-08-22,Energy,-0.0030999789364854666,3,0
2024-08-23,Energy,0.002033357926674917,3,0
2024-08-26,Energy,-0.008714030858932372,3,0
2024-08-27,Energy,-0.0012038077783398382,3,0
2024-08-28,Energy,0.005516709138871256,3,0
2024-08-29,Energy,-0.009173831322433953,3,0
2024-08-30,Energy,-0.00010666208552356782,3,0
2024-09-04,Energy,-0.017523365332794565,3,0
2024-09-05,Energy,-0.01481905844314709,3,0
2024-09-06,Energy,0.014280810210083983,3,0
2024-09-09,Energy,0.0011605758703223668,3,0
2024-09-10,Energy,-0.004446357796189108,3,0
2024-09-11,Energy,-0.009507768342050027,3,0
2024-09-12,Energy,-0.002882967118591262,3,0
2024-09-13,Energy,-0.010022915728853424,3,0
2024-09-16,Energy,-0.02107668779694727,3,0
2024-09-17,Energy,0.00045173919590424383,3,0
2024-09-18,Energy,0.0045428086344894885,3,0
2024-09-19,Energy,0.0058831611159702035,3,0
2024-09-20,Energy,0.02024780326052829,3,0
2024-09-23,Energy,-0.008402436041836436,3,0
2024-09-24,Energy,0.011488559976776447,3,0
2024-09-25,Energy,0.0025646294564685146,3,0
2024-09-26,Energy,0.00361897408550201,3,0
2024-09-27,Energy,-0.012378217205703904,3,0
2024-09-30,Energy,0.0007540267365954886,3,0
2024-10-01,Energy,-0.00438753403692882,3,0
2024-10-02,Energy,0.004579017045229931,3,0
2024-10-03,Energy,-0.009488265592937991,3,0
2024-10-04,Energy,0.014400960995108422,3,0
2024-10-07,Energy,0.0001833229837332843,3,0
2024-10-08,Energy,-0.00240126039919634,3,0
2024-10-09,Energy,-0.0057241736211893395,3,0
2024-10-10,Energy,-0.0005469334966032117,3,0
2024-10-11,Energy,0.0033634851404370503,3,0
2024-10-14,Energy,-0.008629476783373446,3,0
2024-10-15,Energy,-0.01899909581012556,3,0
2024-10-16,Energy,-0.014884103697246687,3,0
2024-10-17,Energy,0.004207473311536074,3,0
2024-10-18,Energy,-0.002178679257042959,3,0
2024-10-21,Energy,-0.011533237524341248,3,0
2024-10-22,Energy,-0.00335347526067468,3,0
2024-10-23,Energy,0.005878071494163306,3,0
2024-10-24,Energy,-0.003180107478443069,3,0
2024-10-25,Energy,-0.005379633029999553,3,0
2024-10-28,Energy,0.0046268635621069905,3,0
2024-10-29,Energy,-0.0009622029245243136,3,0
2024-10-30,Energy,-0.006917294668499589,3,0
2024-10-31,Energy,-0.0022114584744018875,3,0
2024-11-01,Energy,-0.004058988899193021,3,0
2024-11-04,Energy,-0.014322194589463969,3,0
2024-11-05,Energy,-0.0008324935277450596,3,0
2024-11-06,Energy,0.005645384405125038,3,0
2024-11-07,Energy,0.0033535353535353676,3,0
2024-11-08,Energy,-0.0025927067359590903,3,0
2024-11-11,Energy,-0.008222206911176366,3,0
2024-11-12,Energy,-0.015169941202026452,3,0
2024-11-13,Energy,-0.010982896377595123,3,0
2024-11-14,Energy,-0.01064690523372321,3,0
2024-11-15,Energy,-0.006626847344128217,3,0
2024-11-18,Energy,-0.0011315186850446117,3,0
2024-11-19,Energy,-0.004166972961121636,3,0
2024-11-20,Energy,0.0023904123379379825,3,0
2024-11-21,Energy,0.012733739506277209,3,0
2024-11-22,Energy,0.004961192882256234,3,0
2024-11-25,Energy,0.007401287582385378,3,0
2024-11-26,Energy,-0.0002719395885407705,3,0
2024-11-27,Energy,-0.007746003633713472,3,0
2024-11-28,Energy,0.00911946458839911,3,0
2024-11-29,Energy,0.002918498427654163,3,0
2024-12-02,Energy,-0.006149004210172837,3,0
2024-12-03,Energy,-0.004705336319211995,3,0
2024-12-04,Energy,0.000641605835335568,3,0
2024-12-05,Energy,0.013553377444009604,3,0
2024-12-06,Energy,0.0028259897818097013,3,0
2024-12-09,Energy,-0.0006615871865145081,3,0
2024-12-10,Energy,-0.0029193101565156976,3,0
2024-12-11,Energy,-0.006747747377320275,3,0
2024-12-12,Energy,-0.0025242658493372185,3,0
2024-12-13,Energy,-0.011118177996521816,3,0
2024-12-16,Energy,0.0026057101897887236,3,0
2024-12-17,Energy,-0.004920134999445362,3,0
2024-12-18,Energy,0.015805666665230127,3,0
2024-12-19,Energy,0.0015239297983526228,3,0
2024-12-20,Energy,-0.007103986644295864,3,0
2024-12-23,Energy,-0.005201627902725751,3,0
2024-12-24,Energy,-0.005454476698913191,3,0
2024-12-25,Energy,0.00708131460930983,3,0
2024-12-26,Energy,0.0006108403539593817,3,0
2024-12-27,Energy,0.0010809184566496672,3,0
2024-12-30,Energy,-0.00946145008219379,3,0
2024-12-31,Energy,-0.010926424345691096,3,0
2025-01-02,Energy,0.006533943084733244,3,0
2025-01-03,Energy,0.0028649641971266737,3,0
2025-01-06,Energy,-0.011085872084356222,3,0
2025-01-07,Energy,-0.018039641254364858,3,0
2025-01-08,Energy,0.004067630686013457,3,0
2025-01-09,Energy,0.005566765948308998,3,0
2025-01-10,Energy,-0.009208788131453946,3,0
2025-01-13,Energy,0.014537464017883176,3,0
2025-01-14,Energy,0.004769547528540789,3,0
2025-01-15,Energy,0.0015746212301240847,3,0
2025-01-16,Energy,0.0025218903446932264,3,0
2025-01-17,Energy,0.010612503896335205,3,0
2025-01-20,Energy,0.00542150301416507,3,0
2025-01-21,Energy,-0.0022325295192886876,3,0
2025-01-22,Energy,-0.012371033606547602,3,0
2025-01-23,Energy,0.010709815590105976,3,0
2025-01-24,Energy,0.004373280267817063,3,0
2025-02-03,Energy,-0.008526393975083923,3,0
2025-02-04,Energy,0.00881969409138709,3,0
2025-02-05,Energy,0.003395684319157525,3,0
2025-02-06,Energy,0.0004755715816663712,3,0
2025-02-07,Energy,-0.0033932400393566673,3,0
2025-02-10,Energy,0.001049490839926152,3,0
2025-02-11,Energy,0.0029740992186202777,3,0
2025-02-12,Energy,0.004638769953406285,3,0
2025-02-13,Energy,0.003895784642669079,3,0
2025-02-14,Energy,0.01848164898666904,3,0
2025-02-17,Energy,-0.00046740804683657416,3,0
2025-02-18,Energy,0.005996102949593629,3,0
2025-02-19,Energy,0.009519693724954648,3,0
2025-02-20,Energy,-0.0023021832161856195,3,0
2025-02-21,Energy,-0.004718235941316558,3,0
2025-02-24,Energy,0.006318018363980567,3,0
2025-02-25,Energy,0.002801546283540605,3,0
2025-02-26,Energy,-0.0064706569387511514,3,0
2025-02-27,Energy,-5.89780890672964e-05,3,0
2025-02-28,Energy,0.007200774327469277,3,0
2025-03-03,Energy,0.005876876919111244,3,0
2025-03-04,Energy,0.001465501635145287,3,0
2025-03-05,Energy,-0.01576213381642977,3,0
2025-03-06,Energy,-0.0034409799085652892,3,0
2025-03-07,Energy,-0.008504318961987667,3,0
2025-03-10,Energy,0.0033256195362477334,3,0
2025-03-11,Energy,-0.0025263775209809123,3,0
2025-03-12,Energy,7.722142375180911e-05,3,0
2025-03-13,Energy,-0.010211073899160428,3,0
2025-03-14,Energy,-0.0116243823640515,3,0
2025-03-17,Energy,0.0029069109937835216,3,0
2025-03-18,Energy,0.012035880302548282,3,0
2025-03-19,Energy,-0.006603271990315851,3,0
2025-03-20,Energy,-0.001903979636657153,3,0
2025-03-21,Energy,-0.004355909694555127,3,0
2025-03-24,Energy,-0.009271107816002452,3,0
2025-03-25,Energy,-0.0016738518809772396,3,0
2025-03-26,Energy,0.004667781237104022,3,0
2025-03-27,Energy,-0.005389543573214676,3,0
2025-03-28,Energy,-0.015767808491572926,3,0
2025-03-31,Energy,-0.009486039426508682,3,0
2025-04-01,Energy,0.01300093910215705,3,0
2025-04-02,Energy,-0.004419927459704098,3,0
2025-04-03,Energy,-0.06868336949948561,3,0
2025-04-04,Energy,-0.058046595333770955,3,0
2025-04-08,Energy,-0.0686845416522031,3,0
2025-04-09,Energy,-0.06949353943725674,3,0
2025-04-10,Energy,0.06901176255815093,3,0
2025-04-11,Energy,0.049828296953670526,3,0
2025-04-14,Energy,0.017956659091516707,3,0
2025-04-15,Energy,-0.040365557164698106,3,0
2025-04-16,Energy,-0.003600381938908437,3,0
2025-04-17,Energy,0.009503002403586258,3,0
2025-04-18,Energy,0.00604549826364494,3,0
2025-04-21,Energy,-0.006530595874003471,3,0
2025-04-22,Energy,-0.027250731760540752,3,0
2025-04-23,Energy,0.015342079701717415,3,0
2025-04-24,Energy,0.0077736585365853665,3,0
2025-04-25,Energy,0.010747144617738699,3,0
2025-04-28,Energy,-0.004937010485371096,3,0
2025-04-29,Energy,-0.00431342501374284,3,0
2025-05-05,Energy,0.0015258496957021306,3,0
2025-05-06,Energy,0.016573941635351048,3,0
2025-05-07,Energy,0.004479530204872943,3,0
2025-05-08,Energy,0.03068645586485415,3,0
2025-05-09,Energy,-0.009634231895601494,3,0
2025-05-12,Energy,0.01923945793323874,3,0
2025-05-13,Energy,-0.002042541644531215,3,0
2025-05-14,Energy,0.0026960282221527576,3,0
2025-05-15,Energy,0.0006388433863260268,3,0
2025-05-16,Energy,-0.003455533930221096,3,0
2025-05-19,Energy,-0.01644843519664596,3,0
2025-05-20,Energy,-0.003986920900357053,3,0
2025-05-21,Energy,0.001782152005463648,3,0
2025-05-22,Energy,-0.0051242409576388965,3,0
2025-05-23,Energy,0.004740518232362434,3,0
2025-05-26,Energy,0.01343456914473847,3,0
2025-05-27,Energy,0.010349108280061673,3,0
2025-05-28,Energy,0.012918287546733001,3,0
2025-05-29,Energy,-0.011261757694134103,3,0
2025-05-30,Energy,-0.006711616925987281,3,0
2025-06-02,Energy,0.027701585631000263,3,0
2025-06-03,Energy,0.0011119902059110176,3,0
2025-06-04,Energy,0.004126137266456571,3,0
2025-06-05,Energy,-0.0047773065650300595,3,0
2025-06-06,Energy,0.00964959525506274,3,0
2025-06-09,Energy,-0.008187810203652335,3,0
2025-06-10,Energy,-0.0075434035527820464,3,0
2025-06-11,Energy,-0.0067772005667507225,3,0
2025-06-12,Energy,0.010260420507853732,3,0
2025-06-13,Energy,0.050498408037963495,3,0
2025-06-16,Energy,0.06911354954574866,3,0
2025-06-17,Energy,-0.01679527944842174,3,0
2025-06-18,Energy,0.008089121258112009,3,0
2025-06-19,Energy,0.008107186186804357,3,0
2025-06-20,Energy,-0.017981763025852786,3,0
2025-06-23,Energy,0.03428686650173618,3,0
2025-06-24,Energy,-0.053318683094277675,3,0
2025-06-25,Energy,-0.01896347769910045,3,0
2025-06-26,Energy,0.00015045543964945876,3,0
2025-06-27,Energy,-0.0036235270776135606,3,0
2025-06-30,Energy,0.0028828802046534374,3,0
2025-07-01,Energy,-0.015137534196344707,3,0
2025-07-02,Energy,0.00046790192775595746,3,0
2025-07-03,Energy,0.0020723418324464227,3,0
2025-07-04,Energy,0.007518559295116874,3,0
2025-07-07,Energy,-0.003344049917775297,3,0
2025-07-08,Energy,0.01348410944355849,3,0
2025-07-09,Energy,0.003588116161985807,3,0
2025-07-10,Energy,0.011060940722710319,3,0
2025-07-11,Energy,-0.009127894388785548,3,0
2025-07-14,Energy,0.0013448485811260087,3,0
2025-07-15,Energy,-0.005872477341908951,3,0
2025-07-16,Energy,-0.001969912281484465,3,0
2025-07-17,Energy,0.00021618445414550713,3,0
2025-07-18,Energy,0.011237152075857404,3,0
2025-07-21,Energy,-0.008740133163326039,3,0
2025-07-22,Energy,0.0006585505375666564,3,0
2025-07-23,Energy,0.013011147071285997,3,0
2025-07-24,Energy,0.013518500232433098,3,0
2025-07-25,Energy,-0.004360806618341743,3,0
2025-07-28,Energy,0.004496185886226985,3,0
2025-07-29,Energy,-0.02022631871165222,3,0
2025-07-30,Energy,-0.0031792577245990383,3,0
2025-07-31,Energy,-0.00134654551861757,3,0
2025-08-01,Energy,-0.0022535865755902718,3,0
2025-08-04,Energy,0.006162060916939087,3,0
2025-08-05,Energy,-0.003122127528208766,3,0
2025-08-06,Energy,0.02378600572997584,3,0
2025-08-07,Energy,-0.00398939843516292,3,0
2025-08-08,Energy,0.038470720245040356,3,0
2025-08-11,Energy,-0.0012349090132820113,3,0
2025-08-12,Energy,0.005287527010044535,3,0
2025-08-13,Energy,-0.010391375097141794,3,0
2025-08-14,Energy,-6.354125310233567e-05,3,0
2025-08-15,Energy,0.0030483057176724504,3,0
2025-08-18,Energy,0.005512581998713702,3,0
2025-08-19,Energy,-0.0028901658149872076,3,0
2025-08-20,Energy,-0.030221271621677242,3,0
2025-08-21,Energy,-0.0014587736832440597,3,0
2025-08-22,Energy,-0.02388795744462598,3,0
2025-08-25,Energy,-0.005294932580069338,3,0
2025-08-26,Energy,0.01896492097724008,3,0
2025-08-27,Energy,-0.002408537216707196,3,0
2025-08-28,Energy,-0.00047017204400342144,3,0
2025-08-29,Energy,-0.00930725031898827,3,0
2025-09-03,Energy,0.015159367374216673,3,0
2025-09-04,Energy,0.009670431685724346,3,0
2025-09-05,Energy,0.00048708190324816175,3,0
2025-09-08,Energy,-0.022822288422071457,3,0
2025-09-09,Energy,-0.0038852546335654456,3,0
2025-09-10,Energy,0.006723468020005748,3,0
2025-09-11,Energy,0.0023221946385458456,3,0
2025-09-12,Energy,0.020240367385922536,3,0
2025-09-15,Energy,0.004613335601930483,3,0
2025-09-16,Energy,-0.0007274785861750196,3,0
2025-09-17,Energy,0.003285183847453873,3,0
2025-09-18,Energy,-0.016863072391871164,3,0
2025-09-19,Energy,-0.008650335093803826,3,0
2025-09-22,Energy,-0.018769939563093474,3,0
2025-09-23,Energy,0.004706149744858612,3,0
2025-09-24,Energy,0.006178127452288518,3,0
2025-09-25,Energy,0.005859059473623122,3,0
2025-09-26,Energy,-0.009662791027006254,3,0
2025-09-29,Energy,-0.0004960317460317812,3,0
2025-09-30,Energy,-0.012740250652083692,3,0
2025-10-01,Energy,-0.003967825800515061,3,0
2025-10-02,Energy,-0.0077627668918129515,3,0
2025-10-03,Energy,-0.016580401731640104,3,0
2025-10-06,Energy,0.02053114981637975,3,0
2025-10-07,Energy,-0.007378966576593982,3,0
2025-10-08,Energy,0.005267345293992569,3,0
2025-10-09,Energy,0.009242240583840303,3,0
2025-10-10,Energy,-0.004325987547344183,3,0
2025-10-13,Energy,-0.009361409989415703,3,0
2025-10-14,Energy,-0.012390404882322792,3,0
2025-10-15,Energy,-0.009435700265701619,3,0
2025-10-16,Energy,-0.0017439832577607433,3,0
2025-10-17,Energy,-0.010103842394106,3,0
2025-10-20,Energy,-0.035933574970940664,3,0
2025-10-21,Energy,0.014948764880633347,3,0
2025-10-22,Energy,0.028483188047016068,3,0
2025-10-23,Energy,0.009535245617347496,3,0
2025-10-24,Energy,0.0002448116860892154,3,0
2025-10-27,Energy,-0.004735412790858207,3,0
2025-10-28,Energy,0.0045873954914206205,3,0
2025-10-29,Energy,0.010519173338005006,3,0
2025-10-30,Energy,-0.005600068661354392,3,0
2025-10-31,Energy,0.033654332081147396,3,0
2025-11-03,Energy,0.004810130236347243,3,0
2025-11-04,Energy,0.004932226740290591,3,0
2025-11-05,Energy,0.04314824997323926,3,0
2025-11-06,Energy,-0.0027611003859487524,3,0
2025-11-07,Energy,-0.002944654279083192,3,0
2025-11-10,Energy,-0.009965824424087852,3,0
2025-11-11,Energy,-0.004734809204523849,3,0
2025-11-12,Energy,0.0066082995655034615,3,0
2025-11-13,Energy,0.033101080509825076,3,0
2025-11-14,Energy,0.006474497022379973,3,0
2025-11-17,Energy,0.0029390719333453053,3,0
2025-11-18,Energy,-0.011525546678564055,3,0
2025-11-19,Energy,-0.0008214889390593486,3,0
2025-11-20,Energy,-0.0034369920455621004,3,0
2025-11-21,Energy,-0.009264326246961718,3,0
2025-11-24,Energy,-0.005838160344511937,3,0
2025-11-25,Energy,-0.005184436464584996,3,0
2025-11-26,Energy,0.01589227833576638,3,0
2025-11-27,Energy,0.003603706464313331,3,0
2025-11-28,Energy,0.01151869062392985,3,0
2025-12-01,Energy,0.007197933691357128,3,0
2025-12-02,Energy,0.012509350805463004,3,0
2025-12-03,Energy,-0.014897545126193864,3,0
2025-12-04,Energy,0.01240519202387976,3,0
2025-12-05,Energy,-0.016639937872192645,3,0
2025-12-08,Energy,0.020684905773973455,3,0
2025-12-09,Energy,-0.03488287604723487,3,0
2025-12-10,Energy,-0.0037428545065738192,3,0
2025-12-11,Energy,-0.005972576032539719,3,0
2025-12-12,Energy,-0.028594606219730572,3,0
2025-12-15,Energy,0.014900566308657512,3,0
2025-12-16,Energy,0.039467041448387453,3,0
2025-12-17,Energy,0.010002708144487818,3,0
2025-12-18,Energy,0.0048029490635830285,3,0
2025-12-19,Energy,0.010293690258400249,3,0
2025-12-22,Energy,0.01473987012498538,3,0
2025-12-23,Energy,-0.0025463118958300632,3,0
2025-12-24,Energy,0.002261392599093822,3,0
2025-12-25,Energy,0.0008538336679653202,3,0
2025-12-26,Energy,0.021678775220102198,3,0
2025-12-29,Energy,0.04471710568650322,3,0
2025-12-30,Energy,-0.008358329921041241,3,0
2025-12-31,Energy,-0.01645430820435319,3,0
2026-01-05,Energy,0.041242839847395706,3,0
2026-01-06,Energy,0.05154469612664029,3,0
2026-01-07,Energy,0.05067248434451647,3,0
2026-01-08,Energy,0.016487981315668716,3,0
2026-01-09,Energy,0.022181488540329013,3,0
2026-01-12,Energy,-0.01745420818988715,3,0
2026-01-13,Energy,0.06918137098301091,3,0
2026-01-14,Energy,0.02658335985301652,3,0
2026-01-15,Energy,0.0029694319247242085,3,0
2026-01-16,Energy,-0.010813044588632895,3,0
2026-01-19,Energy,0.04776293723795274,3,0
2026-01-20,Energy,0.0071387657021278654,3,0
2026-01-21,Energy,0.03278334406395548,3,0
2026-01-22,Energy,-0.037731996013832814,3,0
2026-01-23,Energy,-0.04114500194462578,3,0
2026-01-26,Energy,0.03539178921961469,3,0
2026-01-27,Energy,0.06911384123584201,3,0
2026-01-28,Energy,0.01051866136714034,3,0
2026-01-29,Energy,-0.01564278281045554,3,0
2026-01-30,Energy,0.018623375228325727,3,0
2026-02-02,Energy,0.02715408907459434,3,0
2026-02-03,Energy,0.0008362044652366155,3,0
2026-02-04,Energy,0.001628089787169847,3,0
2026-02-05,Energy,-0.024877374237786725,3,0
2026-02-06,Energy,-0.0003083727806023247,3,0
2026-02-09,Energy,0.015471765043901206,3,0
2026-02-10,Energy,-0.06154122778484176,3,0
2026-02-11,Energy,-0.026141386717361586,3,0
2026-02-12,Energy,0.0036818627578605323,3,0
2026-02-13,Energy,0.01265003006436416,3,0
2026-02-23,Energy,0.0693750791138638,3,0
2026-02-24,Energy,0.022638362199155788,3,0
2026-02-25,Energy,-0.0033630275842737958,3,0
2026-02-26,Energy,-0.007691427765594209,3,0
2026-02-27,Energy,0.018437406461476586,3,0
2026-03-02,Energy,0.0695786013988285,3,0
2026-03-03,Energy,0.06917664159937176,3,0
2026-03-04,Energy,0.037928759034053794,3,0
2026-03-05,Energy,-0.06664740136112546,3,0
2026-03-06,Energy,-0.03468252550593306,3,0
2026-03-09,Energy,-0.06839726371675388,3,0
2026-03-10,Energy,-0.046026583100934736,3,0
2026-03-11,Energy,0.04389970734025872,3,0
2026-03-12,Energy,-0.032842595809073526,3,0
2026-03-13,Energy,-0.05647248008056852,3,0
2026-03-16,Energy,-0.049293619721137584,3,0
2026-03-17,Energy,-0.03559712698342402,3,0
2026-03-18,Energy,0.06395632315159953,3,0
2026-03-19,Energy,-0.032573979749919414,3,0
2026-03-20,Energy,-0.06940873252396655,3,0
2026-03-23,Energy,-0.019656454575712596,3,0
2026-03-24,Energy,-0.016745553210608666,3,0
2026-03-25,Energy,0.03247523452510196,3,0
2026-03-26,Energy,-0.020623169728500052,3,0
2026-03-27,Energy,0.037176571461649356,3,0
2026-03-30,Energy,-0.00776378544478636,3,0
2026-03-31,Energy,-0.031314418215821926,3,0
2026-04-01,Energy,0.009706914775911976,3,0
2026-04-02,Energy,-0.011220275940536243,3,0
2026-04-03,Energy,-0.005632680934690271,3,0
2026-04-06,Energy,-0.028233696078318455,3,0
2026-04-07,Energy,-0.008718409416906306,3,0
2026-04-08,Energy,0.03493376423451585,3,0
2026-04-09,Energy,-0.020109275821732536,3,0
2026-04-10,Energy,0.03919949816446181,3,0
2026-04-13,Energy,-0.001722111698573947,3,0
2026-04-14,Energy,-0.018598413820334486,3,0
2026-04-15,Energy,-0.007329347898695697,3,0
2026-04-16,Energy,-0.008682754022515726,3,0
2026-04-17,Energy,0.01851826659293665,3,0
2026-04-20,Energy,-0.012385170940250637,3,0
2026-04-21,Energy,-0.006554069787761592,3,0
2026-04-22,Energy,-0.01167446340384152,3,0
2026-04-23,Energy,-0.0030353090361504207,3,0
2026-04-24,Energy,0.004644689652024063,3,0
2026-04-28,Energy,-0.052939035104959675,3,0
2026-04-29,Energy,0.014945840518408563,3,0
2026-05-04,Energy,0.02758403114794265,3,0
2026-05-05,Energy,0.023118990316236543,3,0
2026-05-06,Energy,-0.0007244815117001627,3,0
2026-05-07,Energy,-0.033780286943616754,3,0
2026-05-08,Energy,-0.014923420084402617,3,0
2026-05-11,Energy,-0.006205888557471506,3,0
2026-05-12,Energy,0.02747446376806188,3,0
2026-05-13,Energy,0.06705247907732244,3,0
2026-05-14,Energy,-0.0031701690604241475,3,0
2026-05-15,Energy,0.04732838814079184,3,0
2026-05-18,Energy,0.057549466939745386,3,0
2026-05-19,Energy,-0.0698659370517749,3,0
2026-05-20,Energy,0.027967108595493635,3,0
2026-05-21,Energy,-0.02225747789307586,3,0
2026-05-22,Energy,-0.02910518546150309,3,0
2026-05-25,Energy,-0.04547839034136991,3,0
2026-05-26,Energy,0.006198259157662145,3,0
2026-05-27,Energy,-0.008607582786113363,3,0
2026-05-28,Energy,-0.0008184594515529368,3,0
2026-05-29,Energy,0.04185879474687915,3,0
2026-06-01,Energy,-0.027865484845159494,3,0
2026-06-02,Energy,-0.023757014557461226,3,0
2026-06-03,Energy,0.02048120475878464,3,0
2026-06-04,Energy,0.03403048082872188,3,0
2026-06-05,Energy,-0.00011012281408540048,3,0
2026-06-08,Energy,-0.009962756154875888,3,0
2026-06-09,Energy,-0.01608137468854202,3,0
2026-06-10,Energy,-0.006125203325647995,3,0
2026-06-11,Energy,-0.001083889760028156,3,0
2026-06-12,Energy,0.010505407312650705,3,0
2026-06-15,Energy,-0.030984083212376,3,0
2026-06-16,Energy,0.007836146165335641,3,0
2026-06-17,Energy,-0.002094143569675966,3,0
2026-06-18,Energy,0.01555139332362628,3,0
2026-06-19,Energy,-0.00544235325788441,3,0
2026-06-22,Energy,0.013712354745279839,3,0
2026-06-23,Energy,-0.03183704587502967,3,0
2026-06-24,Energy,0.0130780390923008,3,0
2026-06-25,Energy,-0.01606863035154138,3,0
2026-06-26,Energy,-0.0061104621230147664,3,0
2026-06-29,Energy,0.01815674007753894,3,0
2026-06-30,Energy,-0.002434613351858387,3,0
2026-07-01,Energy,0.013671576590195134,3,0
2026-07-02,Energy,-0.012189354745003636,3,0
2026-07-03,Energy,-0.01640231325013153,3,0
2026-07-06,Energy,-0.029264998062548047,3,0
2026-07-07,Energy,0.0082632319502249,3,0
2026-07-08,Energy,0.007360245288032659,3,0
2026-07-09,Energy,0.024558271020503748,3,0
2026-07-10,Energy,-0.015815497583997435,3,0
2026-07-13,Energy,-0.017981576311763114,3,0
2026-07-14,Energy,0.04859713216498437,3,0
2026-07-15,Energy,-0.014881254671607799,3,0
2026-07-16,Energy,0.002060032688199357,3,0
2026-07-17,Energy,-0.017587157021844064,3,0
2026-07-20,Energy,-0.026346410170045725,3,0
2026-07-21,Energy,-0.053097447572685565,3,0
2026-07-22,Energy,-0.0346158556388273,3,0
2026-07-23,Energy,0.03804761278113037,3,0
2026-07-24,Energy,0.014992386399875546,3,0
2026-07-27,Energy,-0.02356797501184889,3,0
2026-07-28,Energy,0.00037096765459347186,3,0
2026-07-29,Energy,0.007947512862389816,3,0
2026-07-30,Energy,0.022064079208830096,3,0
2026-07-31,Energy,-0.01908284086062617,3,0
2026-08-03,Energy,0.025677985966045463,3,0
2026-08-04,Energy,-0.006567753802169896,3,0
2026-08-05,Energy,0.007134923435679748,3,0
2026-08-06,Energy,-0.011454613580465142,3,0
2026-08-07,Energy,0.05083852638470843,3,0
2026-08-10,Energy,0.041283647644083064,3,0
2026-08-11,Energy,-0.01854143887137179,3,0
2026-08-12,Energy,0.020368426316191846,3,0
2026-08-13,Energy,-0.025427025875783788,3,0
2026-08-14,Energy,-0.01962719806059184,3,0
2026-08-17,Energy,0.02157787950481131,3,0
2026-08-18,Energy,0.04799208305733704,3,0
2026-08-19,Energy,0.00029616898539179076,3,0
2026-08-20,Energy,-0.0008095311656722467,3,0
2026-08-21,Energy,0.002359825194611309,3,0
2026-08-24,Energy,0.02027525738940102,3,0
2026-08-25,Energy,-0.013253694105989458,3,0
2026-08-26,Energy,0.008437974943520277,3,0
2026-08-27,Energy,-0.014940467805867034,3,0
2026-08-28,Energy,-0.002607892866681949,3,0
2026-09-03,Energy,0.0022068208253062846,3,0
2026-09-04,Energy,-0.0044255999543164615,3,0
2026-09-07,Energy,-0.024759968761484712,3,0
2026-09-08,Energy,0.014813215365889457,3,0
2026-09-09,Energy,0.005586902733940062,3,0
2026-09-10,Energy,-0.009757002191049247,3,0
2026-09-11,Energy,-0.008606184183501564,3,0
2026-09-14,Energy,0.01891581709419336,3,0
2026-09-15,Energy,0.054345452172307164,3,0
2026-09-16,Energy,0.0011534330749238448,3,0
2026-09-17,Energy,-0.01409724811162553,3,0
2026-09-18,Energy,-0.006638588752409895,3,0
2026-09-21,Energy,-3.711435462857201e-05,3,0
2026-09-22,Energy,-0.006998440740112429,3,0
2026-09-23,Energy,-0.008175370857271344,3,0
2024-01-03,IndustrialLogistics,0.016077775045997722,3,0
2024-01-04,IndustrialLogistics,-0.005319806990250031,3,0
2024-01-05,IndustrialLogistics,-0.003430202007714193,3,0
2024-01-08,IndustrialLogistics,-0.0007431390472468768,3,0
2024-01-09,IndustrialLogistics,0.00808103274697928,3,0
2024-01-10,IndustrialLogistics,0.0031795859596594664,3,0
2024-01-11,IndustrialLogistics,-0.004213753478116218,3,0
2024-01-12,IndustrialLogistics,-0.01361048603303631,3,0
2024-01-15,IndustrialLogistics,-0.006758330791278115,3,0
2024-01-16,IndustrialLogistics,0.001610035677004536,3,0
2024-01-17,IndustrialLogistics,0.012006497420088413,3,0
2024-01-18,IndustrialLogistics,-0.0049061077724862345,3,0
2024-01-19,IndustrialLogistics,0.003770989188234782,3,0
2024-01-22,IndustrialLogistics,-0.005542682607578842,3,0
2024-01-23,IndustrialLogistics,0.00936720359339227,3,0
2024-01-24,IndustrialLogistics,0.0020786875212624643,3,0
2024-01-25,IndustrialLogistics,0.011003674009612588,3,0
2024-01-26,IndustrialLogistics,0.012682567843246137,3,0
2024-01-29,IndustrialLogistics,-0.010604524418233416,3,0
2024-01-30,IndustrialLogistics,0.006975458390182025,3,0
2024-01-31,IndustrialLogistics,0.010254061209228227,3,0
2024-02-01,IndustrialLogistics,0.011824713609226581,3,0
2024-02-02,IndustrialLogistics,0.003201982033331441,3,0
2024-02-05,IndustrialLogistics,0.025333475354173185,3,0
2024-02-06,IndustrialLogistics,0.005263424323495247,3,0
2024-02-07,IndustrialLogistics,0.002824320067156161,3,0
2024-02-15,IndustrialLogistics,-0.004103017433327046,3,0
2024-02-16,IndustrialLogistics,0.022229686566810347,3,0
2024-02-19,IndustrialLogistics,-0.0005134335545876242,3,0
2024-02-20,IndustrialLogistics,0.008099942288631867,3,0
2024-02-21,IndustrialLogistics,0.003960661869771583,3,0
2024-02-22,IndustrialLogistics,-0.0034365047180029786,3,0
2024-02-23,IndustrialLogistics,-0.01951783154291346,3,0
2024-02-26,IndustrialLogistics,0.037064980517365474,3,0
2024-02-27,IndustrialLogistics,0.005749458874458879,3,0
2024-02-28,IndustrialLogistics,0.008491992330896961,3,0
2024-02-29,IndustrialLogistics,-0.0031043950008463974,3,0
2024-03-01,IndustrialLogistics,0.02969546765033256,3,0
2024-03-04,IndustrialLogistics,0.005271133104234253,3,0
2024-03-05,IndustrialLogistics,-0.0005224099209060936,3,0
2024-03-06,IndustrialLogistics,-0.013895509155020505,3,0
2024-03-07,IndustrialLogistics,0.0035402633394191105,3,0
2024-03-08,IndustrialLogistics,-0.005958654076500129,3,0
2024-03-11,IndustrialLogistics,-0.0041373374221996455,3,0
2024-03-12,IndustrialLogistics,0.024066947313284404,3,0
2024-03-13,IndustrialLogistics,0.026979604898396643,3,0
2024-03-14,IndustrialLogistics,0.004117187988659195,3,0
2024-03-15,IndustrialLogistics,-0.008701500754587385,3,0
2024-03-18,IndustrialLogistics,-0.03424213878888268,3,0
2024-03-19,IndustrialLogistics,-0.010039150634970628,3,0
2024-03-20,IndustrialLogistics,0.01955490052677485,3,0
2024-03-21,IndustrialLogistics,-0.00041585746116001854,3,0
2024-03-22,IndustrialLogistics,-0.003402345882825175,3,0
2024-03-25,IndustrialLogistics,-0.012999872101773299,3,0
2024-03-26,IndustrialLogistics,0.008153657882282358,3,0
2024-03-27,IndustrialLogistics,0.010094932753574093,3,0
2024-03-28,IndustrialLogistics,0.001952362358453789,3,0
2024-03-29,IndustrialLogistics,-0.006297423209986571,3,0
2024-04-01,IndustrialLogistics,-0.0027166498422351117,3,0
2024-04-02,IndustrialLogistics,0.0056520039387902106,3,0
2024-04-03,IndustrialLogistics,4.2727322758229214e-05,3,0
2024-04-04,IndustrialLogistics,-0.008665425657754708,3,0
2024-04-05,IndustrialLogistics,-0.011679600570680404,3,0
2024-04-08,IndustrialLogistics,-0.009078934015421813,3,0
2024-04-09,IndustrialLogistics,0.009241504162071923,3,0
2024-04-10,IndustrialLogistics,0.002850622617487586,3,0
2024-04-11,IndustrialLogistics,-0.003774667939908586,3,0
2024-04-12,IndustrialLogistics,0.01774084069787814,3,0
2024-04-15,IndustrialLogistics,-0.03669641197308312,3,0
2024-04-16,IndustrialLogistics,0.0019681104372218186,3,0
2024-04-17,IndustrialLogistics,0.0059774067399652004,3,0
2024-04-19,IndustrialLogistics,-0.00897356549537002,3,0
2024-04-22,IndustrialLogistics,0.011932061928146368,3,0
2024-04-23,IndustrialLogistics,-0.004137935696797361,3,0
2024-04-24,IndustrialLogistics,0.015427736329712283,3,0
2024-04-25,IndustrialLogistics,-0.004013378889625756,3,0
2024-04-26,IndustrialLogistics,0.02129935417779764,3,0
2024-05-02,IndustrialLogistics,0.021022017178004598,3,0
2024-05-03,IndustrialLogistics,0.01783310676398035,3,0
2024-05-06,IndustrialLogistics,0.02829973003254982,3,0
2024-05-07,IndustrialLogistics,0.00017578529837262527,3,0
2024-05-08,IndustrialLogistics,0.005005149588201603,3,0
2024-05-09,IndustrialLogistics,0.004110408990342318,3,0
2024-05-10,IndustrialLogistics,-0.0074770745200942,3,0
2024-05-13,IndustrialLogistics,-0.02413457134080199,3,0
2024-05-14,IndustrialLogistics,0.006387689593355265,3,0
2024-05-15,IndustrialLogistics,0.005585028955155742,3,0
2024-05-16,IndustrialLogistics,0.006040470113794383,3,0
2024-05-17,IndustrialLogistics,0.014858787616427152,3,0
2024-05-20,IndustrialLogistics,0.005475159946464303,3,0
2024-05-21,IndustrialLogistics,-0.00030395645175074204,3,0
2024-05-22,IndustrialLogistics,-0.010646829438941649,3,0
2024-05-23,IndustrialLogistics,0.008484433838048125,3,0
2024-05-24,IndustrialLogistics,-0.024598751998050467,3,0
2024-05-27,IndustrialLogistics,0.0025594975527632644,3,0
2024-05-28,IndustrialLogistics,0.014339323998609599,3,0
2024-05-29,IndustrialLogistics,0.003898549439265523,3,0
2024-05-30,IndustrialLogistics,-0.007227501862957657,3,0
2024-05-31,IndustrialLogistics,0.016708848452834973,3,0
2024-06-03,IndustrialLogistics,0.026275386329710642,3,0
2024-06-04,IndustrialLogistics,0.01771529595191823,3,0
2024-06-05,IndustrialLogistics,-0.015236892162986551,3,0
2024-06-06,IndustrialLogistics,0.006569601719909575,3,0
2024-06-07,IndustrialLogistics,0.015177316668428253,3,0
2024-06-10,IndustrialLogistics,0.053892961856814324,3,0
2024-06-11,IndustrialLogistics,0.0034655726862104683,3,0
2024-06-12,IndustrialLogistics,0.005843783227047076,3,0
2024-06-13,IndustrialLogistics,0.03228388895449582,3,0
2024-06-14,IndustrialLogistics,-0.030097476718798366,3,0
2024-06-17,IndustrialLogistics,0.024405202359725504,3,0
2024-06-18,IndustrialLogistics,-0.00778558033102561,3,0
2024-06-19,IndustrialLogistics,0.003053331985952701,3,0
2024-06-20,IndustrialLogistics,-0.0009019673072796497,3,0
2024-06-21,IndustrialLogistics,0.011710834553149732,3,0
2024-06-24,IndustrialLogistics,-0.040409405351255624,3,0
2024-06-25,IndustrialLogistics,0.022890742457948754,3,0
2024-06-26,IndustrialLogistics,0.015282815564381972,3,0
2024-06-27,IndustrialLogistics,-0.013223776361222295,3,0
2024-06-28,IndustrialLogistics,-0.004524731144988007,3,0
2024-07-01,IndustrialLogistics,-0.011943129322903276,3,0
2024-07-02,IndustrialLogistics,-0.0016787496177584904,3,0
2024-07-03,IndustrialLogistics,-0.008826538677717174,3,0
2024-07-04,IndustrialLogistics,0.013411620774867091,3,0
2024-07-05,IndustrialLogistics,0.022212118018050786,3,0
2024-07-08,IndustrialLogistics,0.007008141756863854,3,0
2024-07-09,IndustrialLogistics,-0.004647337673565177,3,0
2024-07-10,IndustrialLogistics,-0.01822429690748595,3,0
2024-07-11,IndustrialLogistics,-0.001738932332727409,3,0
2024-07-12,IndustrialLogistics,0.003198232000461062,3,0
2024-07-15,IndustrialLogistics,-0.006150248947039157,3,0
2024-07-16,IndustrialLogistics,-0.012909860042302287,3,0
2024-07-17,IndustrialLogistics,-0.02176442171577579,3,0
2024-07-18,IndustrialLogistics,-0.0013226895130911132,3,0
2024-07-19,IndustrialLogistics,-0.017745570716268772,3,0
2024-07-22,IndustrialLogistics,-0.013590923129168209,3,0
2024-07-23,IndustrialLogistics,-0.008434899157670372,3,0
2024-07-24,IndustrialLogistics,0.010082297946716778,3,0
2024-07-25,IndustrialLogistics,0.016499932913620025,3,0
2024-07-26,IndustrialLogistics,0.01612790904906188,3,0
2024-07-29,IndustrialLogistics,0.008868344428849243,3,0
2024-07-30,IndustrialLogistics,0.0014474482887426217,3,0
2024-07-31,IndustrialLogistics,-0.008696468425410017,3,0
2024-08-01,IndustrialLogistics,-0.036064205256598404,3,0
2024-08-02,IndustrialLogistics,0.012987373728062579,3,0
2024-08-05,IndustrialLogistics,-0.05812630189062066,3,0
2024-08-06,IndustrialLogistics,0.0004254207537056261,3,0
2024-08-07,IndustrialLogistics,0.0010040776011597252,3,0
2024-08-08,IndustrialLogistics,0.007269641102368348,3,0
2024-08-09,IndustrialLogistics,0.02831450569731908,3,0
2024-08-12,IndustrialLogistics,0.013402952897342871,3,0
2024-08-13,IndustrialLogistics,-0.006400811013682839,3,0
2024-08-14,IndustrialLogistics,-0.0019556996674169693,3,0
2024-08-15,IndustrialLogistics,-0.006042491194356625,3,0
2024-08-16,IndustrialLogistics,0.022771460210491073,3,0
2024-08-19,IndustrialLogistics,0.025371751036482443,3,0
2024-08-20,IndustrialLogistics,0.004580596299561535,3,0
2024-08-21,IndustrialLogistics,1.801457792804939e-05,3,0
2024-08-22,IndustrialLogistics,-0.0010872400629354795,3,0
2024-08-23,IndustrialLogistics,-0.0077568841932651456,3,0
2024-08-26,IndustrialLogistics,-0.011512156921686167,3,0
2024-08-27,IndustrialLogistics,-0.007359034577411716,3,0
2024-08-28,IndustrialLogistics,-0.0019327873521223227,3,0
2024-08-29,IndustrialLogistics,-0.0007942953435616055,3,0
2024-08-30,IndustrialLogistics,0.0035654724377519966,3,0
2024-09-04,IndustrialLogistics,-0.009267648050183838,3,0
2024-09-05,IndustrialLogistics,-0.009109393601166435,3,0
2024-09-06,IndustrialLogistics,-0.013120354706035267,3,0
2024-09-09,IndustrialLogistics,-0.006868115671495552,3,0
2024-09-10,IndustrialLogistics,0.0007465666167650135,3,0
2024-09-11,IndustrialLogistics,-0.0024885166070075884,3,0
2024-09-12,IndustrialLogistics,-0.00015929195123916737,3,0
2024-09-13,IndustrialLogistics,0.0005133998698400773,3,0
2024-09-16,IndustrialLogistics,-0.005546198887505738,3,0
2024-09-17,IndustrialLogistics,0.001858013874646125,3,0
2024-09-18,IndustrialLogistics,0.00751381193007609,3,0
2024-09-19,IndustrialLogistics,0.003516127866104668,3,0
2024-09-20,IndustrialLogistics,0.0085161478494337,3,0
2024-09-23,IndustrialLogistics,-0.000972024975194589,3,0
2024-09-24,IndustrialLogistics,0.0006168850785397787,3,0
2024-09-25,IndustrialLogistics,0.0020626595473390483,3,0
2024-09-26,IndustrialLogistics,0.0035319177766969614,3,0
2024-09-27,IndustrialLogistics,-0.005546390231686127,3,0
2024-09-30,IndustrialLogistics,-0.009914381771872241,3,0
2024-10-01,IndustrialLogistics,0.0023874486439349565,3,0
2024-10-02,IndustrialLogistics,-0.0013773465382579027,3,0
2024-10-03,IndustrialLogistics,-0.005165302604684989,3,0
2024-10-04,IndustrialLogistics,-0.011622188842102421,3,0
2024-10-07,IndustrialLogistics,0.0012341830403002445,3,0
2024-10-08,IndustrialLogistics,0.009345623591422178,3,0
2024-10-09,IndustrialLogistics,0.023213013421635138,3,0
2024-10-10,IndustrialLogistics,0.0005856250049773118,3,0
2024-10-11,IndustrialLogistics,0.02820964531519432,3,0
2024-10-14,IndustrialLogistics,-0.007257325326045579,3,0
2024-10-15,IndustrialLogistics,-0.004545735318873996,3,0
2024-10-16,IndustrialLogistics,0.004865918052570084,3,0
2024-10-17,IndustrialLogistics,-0.00693740624695945,3,0
2024-10-18,IndustrialLogistics,-0.009640949160687326,3,0
2024-10-21,IndustrialLogistics,-0.008837876404308257,3,0
2024-10-22,IndustrialLogistics,0.009042140930411077,3,0
2024-10-23,IndustrialLogistics,0.0037133068017188484,3,0
2024-10-24,IndustrialLogistics,0.0026596439060119583,3,0
2024-10-25,IndustrialLogistics,0.006314674674038863,3,0
2024-10-28,IndustrialLogistics,0.0015791473786577563,3,0
2024-10-29,IndustrialLogistics,0.022742223839942472,3,0
2024-10-30,IndustrialLogistics,0.0016978507010980692,3,0
2024-10-31,IndustrialLogistics,0.0033500934118141736,3,0
2024-11-01,IndustrialLogistics,-0.018084697091385087,3,0
2024-11-04,IndustrialLogistics,-0.0021082182778648186,3,0
2024-11-05,IndustrialLogistics,0.0028508402914173927,3,0
2024-11-06,IndustrialLogistics,0.009442230874988486,3,0
2024-11-07,IndustrialLogistics,0.02306048503224038,3,0
2024-11-08,IndustrialLogistics,0.0016647203720013086,3,0
2024-11-11,IndustrialLogistics,0.017395843023802815,3,0
2024-11-12,IndustrialLogistics,0.001356172150374794,3,0
2024-11-13,IndustrialLogistics,-0.006087470514554642,3,0
2024-11-14,IndustrialLogistics,0.008148921907736861,3,0
2024-11-15,IndustrialLogistics,-0.007977511509902224,3,0
2024-11-18,IndustrialLogistics,-0.002009543394865291,3,0
2024-11-19,IndustrialLogistics,-0.026830653162466467,3,0
2024-11-20,IndustrialLogistics,0.012110144733717262,3,0
2024-11-21,IndustrialLogistics,0.012164537252966548,3,0
2024-11-22,IndustrialLogistics,-0.005403334803459077,3,0
2024-11-25,IndustrialLogistics,0.0013809182231029338,3,0
2024-11-26,IndustrialLogistics,0.01128738438074047,3,0
2024-11-27,IndustrialLogistics,0.003032753972445438,3,0
2024-11-28,IndustrialLogistics,0.009114140457014974,3,0
2024-11-29,IndustrialLogistics,0.006577678535137983,3,0
2024-12-02,IndustrialLogistics,-0.0075701306221303,3,0
2024-12-03,IndustrialLogistics,-0.007342991870725661,3,0
2024-12-04,IndustrialLogistics,0.01865461451621475,3,0
2024-12-05,IndustrialLogistics,0.008032082039358604,3,0
2024-12-06,IndustrialLogistics,0.002985531513732783,3,0
2024-12-09,IndustrialLogistics,-8.328227015563794e-05,3,0
2024-12-10,IndustrialLogistics,-0.0036712438493949153,3,0
2024-12-11,IndustrialLogistics,-0.0003165691029936764,3,0
2024-12-12,IndustrialLogistics,-0.006025086080524396,3,0
2024-12-13,IndustrialLogistics,-0.003966582226252273,3,0
2024-12-16,IndustrialLogistics,-0.00011386238221603821,3,0
2024-12-17,IndustrialLogistics,-0.0009148412185683297,3,0
2024-12-18,IndustrialLogistics,-0.0020529558505218612,3,0
2024-12-19,IndustrialLogistics,-0.010599901034918072,3,0
2024-12-20,IndustrialLogistics,0.019526917857229226,3,0
2024-12-23,IndustrialLogistics,0.011045568957948726,3,0
2024-12-24,IndustrialLogistics,0.008252596896598593,3,0
2024-12-25,IndustrialLogistics,-0.004201165351903217,3,0
2024-12-26,IndustrialLogistics,-0.004621714249458157,3,0
2024-12-27,IndustrialLogistics,-0.0029654523322324433,3,0
2024-12-30,IndustrialLogistics,0.0020020946449079333,3,0
2024-12-31,IndustrialLogistics,-0.001440918720957159,3,0
2025-01-02,IndustrialLogistics,0.006662786774031611,3,0
2025-01-03,IndustrialLogistics,-0.015489367335813261,3,0
2025-01-06,IndustrialLogistics,-0.009979158489212861,3,0
2025-01-07,IndustrialLogistics,-0.006372267443378932,3,0
2025-01-08,IndustrialLogistics,0.01099949122483738,3,0
2025-01-09,IndustrialLogistics,-0.001064395955295357,3,0
2025-01-10,IndustrialLogistics,-0.01681293267853649,3,0
2025-01-13,IndustrialLogistics,0.0025228357731773934,3,0
2025-01-14,IndustrialLogistics,-0.013256561515574306,3,0
2025-01-15,IndustrialLogistics,0.00849329376956487,3,0
2025-01-16,IndustrialLogistics,0.008935055444755665,3,0
2025-01-17,IndustrialLogistics,0.017866391939300064,3,0
2025-01-20,IndustrialLogistics,-0.0037387866819658853,3,0
2025-01-21,IndustrialLogistics,-0.00594192881015269,3,0
2025-01-22,IndustrialLogistics,-0.016427065832624804,3,0
2025-01-23,IndustrialLogistics,0.013424673746055271,3,0
2025-01-24,IndustrialLogistics,0.004840170941505424,3,0
2025-02-03,IndustrialLogistics,0.007621631424555038,3,0
2025-02-04,IndustrialLogistics,0.005802840745512627,3,0
2025-02-05,IndustrialLogistics,0.01990701094015505,3,0
2025-02-06,IndustrialLogistics,-0.00011964794661134537,3,0
2025-02-07,IndustrialLogistics,-0.0029367890938864307,3,0
2025-02-10,IndustrialLogistics,-0.02915968537368885,3,0
2025-02-11,IndustrialLogistics,-0.009078084434509784,3,0
2025-02-12,IndustrialLogistics,-0.0016876163873370542,3,0
2025-02-13,IndustrialLogistics,0.013019600441918707,3,0
2025-02-14,IndustrialLogistics,-0.01182215339273703,3,0
2025-02-17,IndustrialLogistics,-0.022817049116419352,3,0
2025-02-18,IndustrialLogistics,-0.011511827121771642,3,0
2025-02-19,IndustrialLogistics,0.019845211490291465,3,0
2025-02-20,IndustrialLogistics,0.009793073771097468,3,0
2025-02-21,IndustrialLogistics,-0.005266772861869755,3,0
2025-02-24,IndustrialLogistics,-0.007297424702794301,3,0
2025-02-25,IndustrialLogistics,-0.00650417230484072,3,0
2025-02-26,IndustrialLogistics,0.0017298698496584681,3,0
2025-02-27,IndustrialLogistics,0.0008210512205402883,3,0
2025-02-28,IndustrialLogistics,-0.006665802371054556,3,0
2025-03-03,IndustrialLogistics,-0.006729064019229865,3,0
2025-03-04,IndustrialLogistics,0.007398089250590416,3,0
2025-03-05,IndustrialLogistics,-0.01889858499093322,3,0
2025-03-06,IndustrialLogistics,-0.0011804196404238503,3,0
2025-03-07,IndustrialLogistics,0.007509588856014604,3,0
2025-03-10,IndustrialLogistics,0.0008482955464371722,3,0
2025-03-11,IndustrialLogistics,-0.005526844991987079,3,0
2025-03-12,IndustrialLogistics,-0.008587608822430445,3,0
2025-03-13,IndustrialLogistics,-0.019128637769513752,3,0
2025-03-14,IndustrialLogistics,-0.021278142330378096,3,0
2025-03-17,IndustrialLogistics,0.0032217295601160525,3,0
2025-03-18,IndustrialLogistics,0.01044690340086433,3,0
2025-03-19,IndustrialLogistics,-0.012162140823048673,3,0
2025-03-20,IndustrialLogistics,0.009630508764229587,3,0
2025-03-21,IndustrialLogistics,0.0032613206093146476,3,0
2025-03-24,IndustrialLogistics,0.009092476503224015,3,0
2025-03-25,IndustrialLogistics,0.010302251931099978,3,0
2025-03-26,IndustrialLogistics,0.0009004346935626758,3,0
2025-03-27,IndustrialLogistics,0.0005313835731720618,3,0
2025-03-28,IndustrialLogistics,-0.004871911086222092,3,0
2025-03-31,IndustrialLogistics,-0.006544020597209377,3,0
2025-04-01,IndustrialLogistics,0.0014932964120092744,3,0
2025-04-02,IndustrialLogistics,-0.009015333118542376,3,0
2025-04-03,IndustrialLogistics,-0.09024119478690873,3,0
2025-04-04,IndustrialLogistics,-0.0010194404765021166,3,0
2025-04-08,IndustrialLogistics,-0.06838970987060544,3,0
2025-04-09,IndustrialLogistics,-0.022619005278313325,3,0
2025-04-10,IndustrialLogistics,0.08547823831037567,3,0
2025-04-11,IndustrialLogistics,0.01841304197104221,3,0
2025-04-14,IndustrialLogistics,0.01793391708757693,3,0
2025-04-15,IndustrialLogistics,0.018965332229739878,3,0
2025-04-16,IndustrialLogistics,-0.027918121995511098,3,0
2025-04-17,IndustrialLogistics,0.0222144547623343,3,0
2025-04-18,IndustrialLogistics,0.023341815887727362,3,0
2025-04-21,IndustrialLogistics,-0.013047076643821024,3,0
2025-04-22,IndustrialLogistics,0.009422520718970687,3,0
2025-04-23,IndustrialLogistics,-0.0017262767339233376,3,0
2025-04-24,IndustrialLogistics,0.012863999121605518,3,0
2025-04-25,IndustrialLogistics,0.02092098851778131,3,0
2025-04-28,IndustrialLogistics,0.014108437000204699,3,0
2025-04-29,IndustrialLogistics,0.03108712881999535,3,0
2025-05-05,IndustrialLogistics,0.016671054445200673,3,0
2025-05-06,IndustrialLogistics,-0.02131152065277168,3,0
2025-05-07,IndustrialLogistics,0.007886631269193681,3,0
2025-05-08,IndustrialLogistics,0.015980806500279183,3,0
2025-05-09,IndustrialLogistics,-0.0015920760467421264,3,0
2025-05-12,IndustrialLogistics,0.01937739346432273,3,0
2025-05-13,IndustrialLogistics,0.014996970996741688,3,0
2025-05-14,IndustrialLogistics,-0.008413016364074544,3,0
2025-05-15,IndustrialLogistics,-0.013397553798515224,3,0
2025-05-16,IndustrialLogistics,-0.002092063472746856,3,0
2025-05-19,IndustrialLogistics,-0.0014091744262666461,3,0
2025-05-20,IndustrialLogistics,0.03510083106039937,3,0
2025-05-21,IndustrialLogistics,0.027301057215708375,3,0
2025-05-22,IndustrialLogistics,-0.01158563244788761,3,0
2025-05-23,IndustrialLogistics,0.026163802198590085,3,0
2025-05-26,IndustrialLogistics,0.013278952112753095,3,0
2025-05-27,IndustrialLogistics,0.04492667803753773,3,0
2025-05-28,IndustrialLogistics,-0.013400321274596302,3,0
2025-05-29,IndustrialLogistics,-0.010626433585963343,3,0
2025-05-30,IndustrialLogistics,-0.012803003361256652,3,0
2025-06-02,IndustrialLogistics,-0.01915280958187619,3,0
2025-06-03,IndustrialLogistics,0.009741068653173998,3,0
2025-06-04,IndustrialLogistics,-0.010206549434492432,3,0
2025-06-05,IndustrialLogistics,-0.019024418962709788,3,0
2025-06-06,IndustrialLogistics,0.0028603156769353433,3,0
2025-06-09,IndustrialLogistics,-0.04289826189754845,3,0
2025-06-10,IndustrialLogistics,-0.0015233404877409429,3,0
2025-06-11,IndustrialLogistics,-0.010023370478304003,3,0
2025-06-12,IndustrialLogistics,0.01749447292687571,3,0
2025-06-13,IndustrialLogistics,-0.0044897759937708726,3,0
2025-06-16,IndustrialLogistics,0.012606909458497961,3,0
2025-06-17,IndustrialLogistics,-0.005722810932408932,3,0
2025-06-18,IndustrialLogistics,-0.00605694708003605,3,0
2025-06-19,IndustrialLogistics,-0.012653463177814387,3,0
2025-06-20,IndustrialLogistics,0.013458773779325398,3,0
2025-06-23,IndustrialLogistics,-0.007158769127978156,3,0
2025-06-24,IndustrialLogistics,0.004615510842362188,3,0
2025-06-25,IndustrialLogistics,-0.008704550057523056,3,0
2025-06-26,IndustrialLogistics,0.007175169211039075,3,0
2025-06-27,IndustrialLogistics,0.00047115534482999877,3,0
2025-06-30,IndustrialLogistics,0.026611852696597788,3,0
2025-07-01,IndustrialLogistics,-0.01821433889776895,3,0
2025-07-02,IndustrialLogistics,0.019030678006889845,3,0
2025-07-03,IndustrialLogistics,0.020524293793802755,3,0
2025-07-04,IndustrialLogistics,-0.004362088861318429,3,0
2025-07-07,IndustrialLogistics,-0.007610706263558679,3,0
2025-07-08,IndustrialLogistics,0.013539616456706796,3,0
2025-07-09,IndustrialLogistics,9.3819299182063e-05,3,0
2025-07-10,IndustrialLogistics,0.003410780241894895,3,0
2025-07-11,IndustrialLogistics,-0.008828239918144446,3,0
2025-07-14,IndustrialLogistics,-0.009878968583864944,3,0
2025-07-15,IndustrialLogistics,-0.009664447504050155,3,0
2025-07-16,IndustrialLogistics,-0.002551732881489096,3,0
2025-07-17,IndustrialLogistics,5.694120649316995e-05,3,0
2025-07-18,IndustrialLogistics,0.014032136252388675,3,0
2025-07-21,IndustrialLogistics,-0.00809842502712721,3,0
2025-07-22,IndustrialLogistics,0.016913290318645968,3,0
2025-07-23,IndustrialLogistics,0.007788856103546811,3,0
2025-07-24,IndustrialLogistics,0.002717296263339756,3,0
2025-07-25,IndustrialLogistics,0.01554622115590846,3,0
2025-07-28,IndustrialLogistics,0.013341868359656006,3,0
2025-07-29,IndustrialLogistics,-0.04260016935813841,3,0
2025-07-30,IndustrialLogistics,0.023743947354020706,3,0
2025-07-31,IndustrialLogistics,0.007444522992039866,3,0
2025-08-01,IndustrialLogistics,0.0228639172459086,3,0
2025-08-04,IndustrialLogistics,0.009922682189396292,3,0
2025-08-05,IndustrialLogistics,-0.008782840343352194,3,0
2025-08-06,IndustrialLogistics,0.011501665697820481,3,0
2025-08-07,IndustrialLogistics,0.03070642952871827,3,0
2025-08-08,IndustrialLogistics,-0.010369541641853627,3,0
2025-08-11,IndustrialLogistics,0.00091443661706155,3,0
2025-08-12,IndustrialLogistics,0.028950076491378225,3,0
2025-08-13,IndustrialLogistics,-0.002024545977741784,3,0
2025-08-14,IndustrialLogistics,-0.0035537622614978392,3,0
2025-08-15,IndustrialLogistics,-0.012412594121411824,3,0
2025-08-18,IndustrialLogistics,0.03142164708737364,3,0
2025-08-19,IndustrialLogistics,-0.006705388442965384,3,0
2025-08-20,IndustrialLogistics,-0.024220512279024813,3,0
2025-08-21,IndustrialLogistics,-0.0054459179908665405,3,0
2025-08-22,IndustrialLogistics,-0.029699185055389266,3,0
2025-08-25,IndustrialLogistics,-0.029595973495053534,3,0
2025-08-26,IndustrialLogistics,0.023940801678559165,3,0
2025-08-27,IndustrialLogistics,0.039833952712793184,3,0
2025-08-28,IndustrialLogistics,0.015551058044517285,3,0
2025-08-29,IndustrialLogistics,-0.009188793596951794,3,0
2025-09-03,IndustrialLogistics,-0.0005348793023133661,3,0
2025-09-04,IndustrialLogistics,0.007367127404118823,3,0
2025-09-05,IndustrialLogistics,-0.009648160040297856,3,0
2025-09-08,IndustrialLogistics,-0.013283198974446186,3,0
2025-09-09,IndustrialLogistics,0.006681960272388765,3,0
2025-09-10,IndustrialLogistics,0.005306718263595485,3,0
2025-09-11,IndustrialLogistics,-0.007594741585663682,3,0
2025-09-12,IndustrialLogistics,-0.0002686808180989801,3,0
2025-09-15,IndustrialLogistics,0.042478836453486636,3,0
2025-09-16,IndustrialLogistics,-0.005951367658754481,3,0
2025-09-17,IndustrialLogistics,-0.0006007418742919693,3,0
2025-09-18,IndustrialLogistics,-0.012960156112471552,3,0
2025-09-19,IndustrialLogistics,-0.006874861997692457,3,0
2025-09-22,IndustrialLogistics,-0.028235377141752133,3,0
2025-09-23,IndustrialLogistics,-0.005088355379165262,3,0
2025-09-24,IndustrialLogistics,0.011327146129320361,3,0
2025-09-25,IndustrialLogistics,0.01066950135269155,3,0
2025-09-26,IndustrialLogistics,-0.010754098142106372,3,0
2025-09-29,IndustrialLogistics,-0.006311363022254583,3,0
2025-09-30,IndustrialLogistics,-0.022583732970172615,3,0
2025-10-01,IndustrialLogistics,-0.009934639402202072,3,0
2025-10-02,IndustrialLogistics,-0.0042745747691540865,3,0
2025-10-03,IndustrialLogistics,0.0001320098389859433,3,0
2025-10-06,IndustrialLogistics,0.03335971573783462,3,0
2025-10-07,IndustrialLogistics,-0.015566161367971953,3,0
2025-10-08,IndustrialLogistics,0.0038611325081019388,3,0
2025-10-09,IndustrialLogistics,-0.0051680988340131835,3,0
2025-10-10,IndustrialLogistics,0.004098639454183132,3,0
2025-10-13,IndustrialLogistics,-0.01117269860792732,3,0
2025-10-14,IndustrialLogistics,0.0020823882070997537,3,0
2025-10-15,IndustrialLogistics,0.004894109572923726,3,0
2025-10-16,IndustrialLogistics,-0.007829283297019818,3,0
2025-10-17,IndustrialLogistics,-0.0012535532113901275,3,0
2025-10-20,IndustrialLogistics,-0.04887165677312203,3,0
2025-10-21,IndustrialLogistics,0.02633473473309267,3,0
2025-10-22,IndustrialLogistics,0.021042391322472803,3,0
2025-10-23,IndustrialLogistics,0.023946651957118908,3,0
2025-10-24,IndustrialLogistics,-0.00602989399485528,3,0
2025-10-27,IndustrialLogistics,-0.014012714726906461,3,0
2025-10-28,IndustrialLogistics,0.03260181605118532,3,0
2025-10-29,IndustrialLogistics,0.025268495685103032,3,0
2025-10-30,IndustrialLogistics,0.009995073329987836,3,0
2025-10-31,IndustrialLogistics,-0.015218647564571142,3,0
2025-11-03,IndustrialLogistics,0.007260348565579666,3,0
2025-11-04,IndustrialLogistics,-0.01203763887813969,3,0
2025-11-05,IndustrialLogistics,-0.006191707649901253,3,0
2025-11-06,IndustrialLogistics,0.013941216490093425,3,0
2025-11-07,IndustrialLogistics,-0.032102321671735844,3,0
2025-11-10,IndustrialLogistics,-0.015533564266674368,3,0
2025-11-11,IndustrialLogistics,0.0009161002814508379,3,0
2025-11-12,IndustrialLogistics,0.015511556048030561,3,0
2025-11-13,IndustrialLogistics,0.024779771854696115,3,0
2025-11-14,IndustrialLogistics,-0.004011208567323732,3,0
2025-11-17,IndustrialLogistics,0.007386834449423785,3,0
2025-11-18,IndustrialLogistics,0.0033820558189813963,3,0
2025-11-19,IndustrialLogistics,-0.003173412241152677,3,0
2025-11-20,IndustrialLogistics,-0.00836275278459205,3,0
2025-11-21,IndustrialLogistics,-0.005092485016242598,3,0
2025-11-24,IndustrialLogistics,-0.019588770600686794,3,0
2025-11-25,IndustrialLogistics,-0.014433169902134354,3,0
2025-11-26,IndustrialLogistics,0.014136819448889856,3,0
2025-11-27,IndustrialLogistics,-0.005489951657546954,3,0
2025-11-28,IndustrialLogistics,0.001987913584779233,3,0
2025-12-01,IndustrialLogistics,0.0005993280089205596,3,0
2025-12-02,IndustrialLogistics,0.001306033046314825,3,0
2025-12-03,IndustrialLogistics,0.007148274554417873,3,0
2025-12-04,IndustrialLogistics,-0.0020407937238503537,3,0
2025-12-05,IndustrialLogistics,-0.020670398607859315,3,0
2025-12-08,IndustrialLogistics,-0.01518313047592453,3,0
2025-12-09,IndustrialLogistics,-0.005237424477560186,3,0
2025-12-10,IndustrialLogistics,-0.003306065701209837,3,0
2025-12-11,IndustrialLogistics,-0.00016853493405285155,3,0
2025-12-12,IndustrialLogistics,-0.025037337248463392,3,0
2025-12-15,IndustrialLogistics,0.005654408004267308,3,0
2025-12-16,IndustrialLogistics,0.012974484249118548,3,0
2025-12-17,IndustrialLogistics,0.0006669071840121887,3,0
2025-12-18,IndustrialLogistics,-0.0035208232546432017,3,0
2025-12-19,IndustrialLogistics,-0.002936346961739685,3,0
2025-12-22,IndustrialLogistics,0.015927158390889023,3,0
2025-12-23,IndustrialLogistics,0.002019364430203822,3,0
2025-12-24,IndustrialLogistics,-0.000882164580557084,3,0
2025-12-25,IndustrialLogistics,-0.0007405115435150655,3,0
2025-12-26,IndustrialLogistics,-0.0161341978266053,3,0
2025-12-29,IndustrialLogistics,0.009301106779448584,3,0
2025-12-30,IndustrialLogistics,-0.0013271736062782462,3,0
2025-12-31,IndustrialLogistics,-0.009264759829384683,3,0
2026-01-05,IndustrialLogistics,-0.0025640954554550324,3,0
2026-01-06,IndustrialLogistics,-0.005107709471093365,3,0
2026-01-07,IndustrialLogistics,0.03513404898016629,3,0
2026-01-08,IndustrialLogistics,0.004199058399517693,3,0
2026-01-09,IndustrialLogistics,0.0069773082509168765,3,0
2026-01-12,IndustrialLogistics,0.016196853263827544,3,0
2026-01-13,IndustrialLogistics,-0.004534697514876822,3,0
2026-01-14,IndustrialLogistics,0.031535443392595584,3,0
2026-01-15,IndustrialLogistics,0.00872704752480328,3,0
2026-01-16,IndustrialLogistics,-0.004871364710161918,3,0
2026-01-19,IndustrialLogistics,-0.007718161951609459,3,0
2026-01-20,IndustrialLogistics,0.05631403070270635,3,0
2026-01-21,IndustrialLogistics,-0.006724153662062064,3,0
2026-01-22,IndustrialLogistics,-0.0034013431371753278,3,0
2026-01-23,IndustrialLogistics,-0.020023681974586777,3,0
2026-01-26,IndustrialLogistics,-0.06367010964163933,3,0
2026-01-27,IndustrialLogistics,-0.0014494952334524285,3,0
2026-01-28,IndustrialLogistics,0.005813553885630503,3,0
2026-01-29,IndustrialLogistics,0.010596867470170449,3,0
2026-01-30,IndustrialLogistics,0.018600150375328955,3,0
2026-02-02,IndustrialLogistics,0.0067466277337447185,3,0
2026-02-03,IndustrialLogistics,0.03968683504515876,3,0
2026-02-04,IndustrialLogistics,-0.0011257672536283774,3,0
2026-02-05,IndustrialLogistics,-0.027944819363735347,3,0
2026-02-06,IndustrialLogistics,-0.007329841467050735,3,0
2026-02-09,IndustrialLogistics,0.0008807433482183047,3,0
2026-02-10,IndustrialLogistics,-0.004411812631515688,3,0
2026-02-11,IndustrialLogistics,0.013369485492616517,3,0
2026-02-12,IndustrialLogistics,0.013032636230085104,3,0
2026-02-13,IndustrialLogistics,0.005807413412033465,3,0
2026-02-23,IndustrialLogistics,0.019394022414417345,3,0
2026-02-24,IndustrialLogistics,0.029170817879915305,3,0
2026-02-25,IndustrialLogistics,0.0064227645086138985,3,0
2026-02-26,IndustrialLogistics,-0.012043969427649293,3,0
2026-02-27,IndustrialLogistics,0.018069132373712327,3,0
2026-03-02,IndustrialLogistics,-0.003725631064391277,3,0
2026-03-03,IndustrialLogistics,0.020721637930436538,3,0
2026-03-04,IndustrialLogistics,-0.03095254833544721,3,0
2026-03-05,IndustrialLogistics,-0.018850898123055588,3,0
2026-03-06,IndustrialLogistics,-0.0026767502668103202,3,0
2026-03-09,IndustrialLogistics,-0.08805182118502737,3,0
2026-03-10,IndustrialLogistics,0.007155112872940757,3,0
2026-03-11,IndustrialLogistics,0.05818653734946574,3,0
2026-03-12,IndustrialLogistics,-0.013255842618554317,3,0
2026-03-13,IndustrialLogistics,-0.01502137721792037,3,0
2026-03-16,IndustrialLogistics,-0.015923120882220105,3,0
2026-03-17,IndustrialLogistics,0.012830453168080291,3,0
2026-03-18,IndustrialLogistics,0.01793067572466515,3,0
2026-03-19,IndustrialLogistics,-0.02986372492982788,3,0
2026-03-20,IndustrialLogistics,-0.02943889279343137,3,0
2026-03-23,IndustrialLogistics,-0.05755538341513311,3,0
2026-03-24,IndustrialLogistics,0.03589911834689552,3,0
2026-03-25,IndustrialLogistics,0.030984744142638892,3,0
2026-03-26,IndustrialLogistics,0.006858513772663777,3,0
2026-03-27,IndustrialLogistics,0.014556791293559579,3,0
2026-03-30,IndustrialLogistics,-0.0016439839539290624,3,0
2026-03-31,IndustrialLogistics,0.009930328757675966,3,0
2026-04-01,IndustrialLogistics,0.0023599554636790643,3,0
2026-04-02,IndustrialLogistics,-0.02999294235079745,3,0
2026-04-03,IndustrialLogistics,-0.01914370133803911,3,0
2026-04-06,IndustrialLogistics,0.009637175388452546,3,0
2026-04-07,IndustrialLogistics,-0.006681034678329811,3,0
2026-04-08,IndustrialLogistics,0.0339787851020951,3,0
2026-04-09,IndustrialLogistics,-0.012247022201937333,3,0
2026-04-10,IndustrialLogistics,-0.006046144017570383,3,0
2026-04-13,IndustrialLogistics,-0.001495342686582098,3,0
2026-04-14,IndustrialLogistics,0.007567063939716734,3,0
2026-04-15,IndustrialLogistics,-0.0019023109568869028,3,0
2026-04-16,IndustrialLogistics,-0.007844256743983443,3,0
2026-04-17,IndustrialLogistics,0.003547764794886906,3,0
2026-04-20,IndustrialLogistics,-0.004369045591089564,3,0
2026-04-21,IndustrialLogistics,-0.00813307266202079,3,0
2026-04-22,IndustrialLogistics,0.012485904974196846,3,0
2026-04-23,IndustrialLogistics,0.004995060169013891,3,0
2026-04-24,IndustrialLogistics,-0.0012317979510658716,3,0
2026-04-28,IndustrialLogistics,-0.009841767602107162,3,0
2026-04-29,IndustrialLogistics,5.5186234889204044e-05,3,0
2026-05-04,IndustrialLogistics,0.0014821020838085008,3,0
2026-05-05,IndustrialLogistics,0.02441271053793992,3,0
2026-05-06,IndustrialLogistics,0.005161300018783936,3,0
2026-05-07,IndustrialLogistics,0.0008796375967647189,3,0
2026-05-08,IndustrialLogistics,0.002896894373412081,3,0
2026-05-11,IndustrialLogistics,-0.007678892449758871,3,0
2026-05-12,IndustrialLogistics,0.014137389254869367,3,0
2026-05-13,IndustrialLogistics,0.006469827289125485,3,0
2026-05-14,IndustrialLogistics,-0.006193094797741661,3,0
2026-05-15,IndustrialLogistics,-0.006844328385629613,3,0
2026-05-18,IndustrialLogistics,0.006931596943018518,3,0
2026-05-19,IndustrialLogistics,-0.012159420464599982,3,0
2026-05-20,IndustrialLogistics,-0.009617511074330176,3,0
2026-05-21,IndustrialLogistics,-0.011893302365751776,3,0
2026-05-22,IndustrialLogistics,-0.007679468598727553,3,0
2026-05-25,IndustrialLogistics,0.0016883459085223669,3,0
2026-05-26,IndustrialLogistics,0.0029327569984672897,3,0
2026-05-27,IndustrialLogistics,0.0010069487363443264,3,0
2026-05-28,IndustrialLogistics,-0.01493163748001188,3,0
2026-05-29,IndustrialLogistics,0.0015867254342753305,3,0
2026-06-01,IndustrialLogistics,3.0201660919937368e-05,3,0
2026-06-02,IndustrialLogistics,-0.005378325656955692,3,0
2026-06-03,IndustrialLogistics,0.0004198069846060859,3,0
2026-06-04,IndustrialLogistics,0.02767725936558126,3,0
2026-06-05,IndustrialLogistics,-0.005744047605299525,3,0
2026-06-08,IndustrialLogistics,-0.0043662696976843884,3,0
2026-06-09,IndustrialLogistics,-0.0028130514035942613,3,0
2026-06-10,IndustrialLogistics,-0.002677551111045432,3,0
2026-06-11,IndustrialLogistics,0.00018562881388247318,3,0
2026-06-12,IndustrialLogistics,0.001612083699831346,3,0
2026-06-15,IndustrialLogistics,0.03624365346109837,3,0
2026-06-16,IndustrialLogistics,-0.0009928373774731696,3,0
2026-06-17,IndustrialLogistics,-0.0021604083954654594,3,0
2026-06-18,IndustrialLogistics,-0.013014172195020213,3,0
2026-06-19,IndustrialLogistics,-0.00667778258250488,3,0
2026-06-22,IndustrialLogistics,-0.0038662060333887194,3,0
2026-06-23,IndustrialLogistics,-0.002555671324694253,3,0
2026-06-24,IndustrialLogistics,-0.009693732316443326,3,0
2026-06-25,IndustrialLogistics,-0.012202794800197406,3,0
2026-06-26,IndustrialLogistics,0.00030510338362813955,3,0
2026-06-29,IndustrialLogistics,-0.0006783592504759165,3,0
2026-06-30,IndustrialLogistics,0.0012679346012679134,3,0
2026-07-01,IndustrialLogistics,-0.002041480823391469,3,0
2026-07-02,IndustrialLogistics,0.002967713848615975,3,0
2026-07-03,IndustrialLogistics,0.006734490003247366,3,0
2026-07-06,IndustrialLogistics,-0.0034452263124939986,3,0
2026-07-07,IndustrialLogistics,-0.005021013656592355,3,0
2026-07-08,IndustrialLogistics,0.008367865376697203,3,0
2026-07-09,IndustrialLogistics,-0.020265114413380747,3,0
2026-07-10,IndustrialLogistics,0.004993787276919015,3,0
2026-07-13,IndustrialLogistics,-0.0013772656829055263,3,0
2026-07-14,IndustrialLogistics,0.008961821710825676,3,0
2026-07-15,IndustrialLogistics,-0.013462523743391778,3,0
2026-07-16,IndustrialLogistics,-0.0018329801903608593,3,0
2026-07-17,IndustrialLogistics,-0.012804154840580876,3,0
2026-07-20,IndustrialLogistics,-0.027879315053819576,3,0
2026-07-21,IndustrialLogistics,-0.003333333333333336,3,0
2026-07-22,IndustrialLogistics,-0.02464906163183041,3,0
2026-07-23,IndustrialLogistics,0.0036921467894126536,3,0
2026-07-24,IndustrialLogistics,0.0021454958795112202,3,0
2026-07-27,IndustrialLogistics,-0.014089747391310562,3,0
2026-07-28,IndustrialLogistics,0.00548089819355387,3,0
2026-07-29,IndustrialLogistics,0.0036357705295753475,3,0
2026-07-30,IndustrialLogistics,0.028114532540938802,3,0
2026-07-31,IndustrialLogistics,0.0004548870409219659,3,0
2026-08-03,IndustrialLogistics,0.013128807525018956,3,0
2026-08-04,IndustrialLogistics,-0.007594033722438387,3,0
2026-08-05,IndustrialLogistics,-0.009997993145570816,3,0
2026-08-06,IndustrialLogistics,0.011818998684961057,3,0
2026-08-07,IndustrialLogistics,0.02056115007682909,3,0
2026-08-10,IndustrialLogistics,0.01218649354612896,3,0
2026-08-11,IndustrialLogistics,-0.012657430671397648,3,0
2026-08-12,IndustrialLogistics,0.001751491033813446,3,0
2026-08-13,IndustrialLogistics,-0.002358349899982811,3,0
2026-08-14,IndustrialLogistics,-0.0024879817123485046,3,0
2026-08-17,IndustrialLogistics,0.0005203781984972992,3,0
2026-08-18,IndustrialLogistics,0.013616391562919791,3,0
2026-08-19,IndustrialLogistics,0.00021730793938764167,3,0
2026-08-20,IndustrialLogistics,-0.006668698013556555,3,0
2026-08-21,IndustrialLogistics,0.012937366755408167,3,0
2026-08-24,IndustrialLogistics,0.004905587712714728,3,0
2026-08-25,IndustrialLogistics,-0.0015928717691216694,3,0
2026-08-26,IndustrialLogistics,0.00553294618165993,3,0
2026-08-27,IndustrialLogistics,0.004985539259775222,3,0
2026-08-28,IndustrialLogistics,-0.001156244109599099,3,0
2026-09-03,IndustrialLogistics,-0.019318899891461145,3,0
2026-09-04,IndustrialLogistics,-0.00538567719315756,3,0
2026-09-07,IndustrialLogistics,-0.009013977950185548,3,0
2026-09-08,IndustrialLogistics,-0.01608765959361802,3,0
2026-09-09,IndustrialLogistics,0.007477033939963536,3,0
2026-09-10,IndustrialLogistics,-0.0014956499565848362,3,0
2026-09-11,IndustrialLogistics,-0.01712780449112572,3,0
2026-09-14,IndustrialLogistics,-0.008461210571184985,3,0
2026-09-15,IndustrialLogistics,0.02340277925930138,3,0
2026-09-16,IndustrialLogistics,0.007245765689788482,3,0
2026-09-17,IndustrialLogistics,0.004853269716631099,3,0
2026-09-18,IndustrialLogistics,0.005077575862555417,3,0
2026-09-21,IndustrialLogistics,-0.009430452071818177,3,0
2026-09-22,IndustrialLogistics,0.01084221992526809,3,0
2026-09-23,IndustrialLogistics,0.0036832526721303216,3,0
2024-01-03,Healthcare,0.022903293011952597,3,0
2024-01-04,Healthcare,0.0009335420278613338,3,0
2024-01-05,Healthcare,0.005219600826366004,3,0
2024-01-08,Healthcare,0.0024217339032153915,3,0
2024-01-09,Healthcare,0.0025905311619597304,3,0
2024-01-10,Healthcare,-0.011931893776674474,3,0
2024-01-11,Healthcare,0.006224702293344597,3,0
2024-01-12,Healthcare,-0.0018873770894075232,3,0
2024-01-15,Healthcare,-0.0017173552863695523,3,0
2024-01-16,Healthcare,0.0017405026599201328,3,0
2024-01-17,Healthcare,-0.008625088204961254,3,0
2024-01-18,Healthcare,0.016724549549039718,3,0
2024-01-19,Healthcare,0.0016926537528910341,3,0
2024-01-22,Healthcare,-0.0037945465654461255,3,0
2024-01-23,Healthcare,0.001250902472498076,3,0
2024-01-24,Healthcare,-0.001903493517915707,3,0
2024-01-25,Healthcare,0.00015642601278346527,3,0
2024-01-26,Healthcare,-0.01058915859929573,3,0
2024-01-29,Healthcare,-0.013000338194540348,3,0
2024-01-30,Healthcare,0.0015529284288091638,3,0
2024-01-31,Healthcare,-0.006616974707164973,3,0
2024-02-01,Healthcare,0.0049806997883203126,3,0
2024-02-02,Healthcare,-0.0018807981419004527,3,0
2024-02-05,Healthcare,0.0028838674628412684,3,0
2024-02-06,Healthcare,0.005871559633027508,3,0
2024-02-07,Healthcare,0.005545174148942548,3,0
2024-02-15,Healthcare,-0.00211566076021145,3,0
2024-02-16,Healthcare,-0.0026691495965239787,3,0
2024-02-19,Healthcare,0.016740063081807827,3,0
2024-02-20,Healthcare,0.018394680739509377,3,0
2024-02-21,Healthcare,-0.0029266785920136393,3,0
2024-02-22,Healthcare,0.0006465116503605225,3,0
2024-02-23,Healthcare,-0.009074233143936516,3,0
2024-02-26,Healthcare,0.00027866930267210027,3,0
2024-02-27,Healthcare,0.006051863658380396,3,0
2024-02-28,Healthcare,-0.0025613022434236945,3,0
2024-02-29,Healthcare,-0.0020991664467239954,3,0
2024-03-01,Healthcare,0.002708768782686296,3,0
2024-03-04,Healthcare,0.005933528667140919,3,0
2024-03-05,Healthcare,-0.004425432016940345,3,0
2024-03-06,Healthcare,0.0,3,0
2024-03-07,Healthcare,0.007856189928322673,3,0
2024-03-08,Healthcare,0.01512986484659514,3,0
2024-03-11,Healthcare,0.021113565016757763,3,0
2024-03-12,Healthcare,-0.0025207170134860326,3,0
2024-03-13,Healthcare,0.011003558183987646,3,0
2024-03-14,Healthcare,-0.00039352654209412474,3,0
2024-03-15,Healthcare,-0.0055619832787644485,3,0
2024-03-18,Healthcare,0.024135432709697313,3,0
2024-03-19,Healthcare,0.009341621357233857,3,0
2024-03-20,Healthcare,-0.01439496869827169,3,0
2024-03-21,Healthcare,0.014289073417451078,3,0
2024-03-22,Healthcare,-0.0010104916882422987,3,0
2024-03-25,Healthcare,-0.006398622690182765,3,0
2024-03-26,Healthcare,-0.0015744487978936645,3,0
2024-03-27,Healthcare,0.0015229114485351507,3,0
2024-03-28,Healthcare,-0.004695662381874725,3,0
2024-03-29,Healthcare,0.0037672441245465795,3,0
2024-04-01,Healthcare,-0.005758582502768579,3,0
2024-04-02,Healthcare,-0.003775239954392181,3,0
2024-04-03,Healthcare,0.0118997084893675,3,0
2024-04-04,Healthcare,-0.001728156722925663,3,0
2024-04-05,Healthcare,-0.0006229476916807345,3,0
2024-04-08,Healthcare,-0.0007048601447957973,3,0
2024-04-09,Healthcare,-0.0005364510239991663,3,0
2024-04-10,Healthcare,0.0002797550130300512,3,0
2024-04-11,Healthcare,-0.002180544315013947,3,0
2024-04-12,Healthcare,0.01763785282519259,3,0
2024-04-15,Healthcare,-0.0033402054890524133,3,0
2024-04-16,Healthcare,-0.0074127049449516464,3,0
2024-04-17,Healthcare,0.00762866503918221,3,0
2024-04-19,Healthcare,-0.01706449034156236,3,0
2024-04-22,Healthcare,-0.018098488585756356,3,0
2024-04-23,Healthcare,-0.002211635211492554,3,0
2024-04-24,Healthcare,0.011823616802620895,3,0
2024-04-25,Healthcare,0.009235534315991889,3,0
2024-04-26,Healthcare,-0.002361624784417186,3,0
2024-05-02,Healthcare,0.006190393374716163,3,0
2024-05-03,Healthcare,-0.0008770926286084298,3,0
2024-05-06,Healthcare,-0.020547007705553916,3,0
2024-05-07,Healthcare,0.01938012173741351,3,0
2024-05-08,Healthcare,-0.005237443814735158,3,0
2024-05-09,Healthcare,0.009130995890320662,3,0
2024-05-10,Healthcare,0.000276731508027724,3,0
2024-05-13,Healthcare,0.00024968637618782985,3,0
2024-05-14,Healthcare,-0.003843585532041486,3,0
2024-05-15,Healthcare,0.001985361715716505,3,0
2024-05-16,Healthcare,-0.0044434382992740344,3,0
2024-05-17,Healthcare,0.008469042060210707,3,0
2024-05-20,Healthcare,-0.00943038955512158,3,0
2024-05-21,Healthcare,0.006297017598452322,3,0
2024-05-22,Healthcare,-0.0022109169110853255,3,0
2024-05-23,Healthcare,0.01789537943679424,3,0
2024-05-24,Healthcare,-0.007162611772801124,3,0
2024-05-27,Healthcare,0.0024857570496516304,3,0
2024-05-28,Healthcare,-0.004068761844472579,3,0
2024-05-29,Healthcare,0.014863405126675019,3,0
2024-05-30,Healthcare,0.0036624081249247618,3,0
2024-05-31,Healthcare,0.000278355827923904,3,0
2024-06-03,Healthcare,0.0029357380243262288,3,0
2024-06-04,Healthcare,0.00193195234517544,3,0
2024-06-05,Healthcare,-0.00873754335385942,3,0
2024-06-06,Healthcare,0.004384000322293728,3,0
2024-06-07,Healthcare,-0.002165235523435801,3,0
2024-06-10,Healthcare,0.008567249108390055,3,0
2024-06-11,Healthcare,0.0008509913106098018,3,0
2024-06-12,Healthcare,-0.003348048839572071,3,0
2024-06-13,Healthcare,0.0015917532722543593,3,0
2024-06-14,Healthcare,-0.0066863105345477125,3,0
2024-06-17,Healthcare,-0.0010474991379477345,3,0
2024-06-18,Healthcare,0.0033089258518329925,3,0
2024-06-19,Healthcare,0.004026040553906281,3,0
2024-06-20,Healthcare,0.01873275629854887,3,0
2024-06-21,Healthcare,-0.012388811966150862,3,0
2024-06-24,Healthcare,-0.01166803541697529,3,0
2024-06-25,Healthcare,0.004638840522328806,3,0
2024-06-26,Healthcare,0.006594816400687782,3,0
2024-06-27,Healthcare,-0.001460028250270362,3,0
2024-06-28,Healthcare,-0.003451697467182435,3,0
2024-07-01,Healthcare,-0.0035151901243424635,3,0
2024-07-02,Healthcare,0.004012973401268087,3,0
2024-07-03,Healthcare,0.004577432489004218,3,0
2024-07-04,Healthcare,-0.0030241394879986596,3,0
2024-07-05,Healthcare,0.0004925779570456035,3,0
2024-07-08,Healthcare,0.005633896066156423,3,0
2024-07-09,Healthcare,0.026304904869614936,3,0
2024-07-10,Healthcare,0.0004237809616231362,3,0
2024-07-11,Healthcare,0.029265648953111567,3,0
2024-07-12,Healthcare,0.016013437619052606,3,0
2024-07-15,Healthcare,0.031906126783668366,3,0
2024-07-16,Healthcare,0.06085831990754986,3,0
2024-07-17,Healthcare,-0.03267827623047126,3,0
2024-07-18,Healthcare,-0.019948213276993698,3,0
2024-07-19,Healthcare,-0.0272484165740781,3,0
2024-07-22,Healthcare,-0.01286242428759817,3,0
2024-07-23,Healthcare,0.005825649576524501,3,0
2024-07-24,Healthcare,0.008530239860170616,3,0
2024-07-25,Healthcare,-0.010677171413525977,3,0
2024-07-26,Healthcare,0.037798711445589106,3,0
2024-07-29,Healthcare,0.0030383995089155644,3,0
2024-07-30,Healthcare,-0.01141353875209361,3,0
2024-07-31,Healthcare,-0.0005628335759340445,3,0
2024-08-01,Healthcare,-0.023135347044730154,3,0
2024-08-02,Healthcare,0.02021786027157065,3,0
2024-08-05,Healthcare,-0.011741635843675824,3,0
2024-08-06,Healthcare,0.005435395007665804,3,0
2024-08-07,Healthcare,0.001504652006288576,3,0
2024-08-08,Healthcare,0.002401172221132416,3,0
2024-08-09,Healthcare,7.504604893256624e-06,3,0
2024-08-12,Healthcare,-0.0012815767645900644,3,0
2024-08-13,Healthcare,-0.0018211474270582635,3,0
2024-08-14,Healthcare,-0.005499433532761684,3,0
2024-08-15,Healthcare,-0.002967596200990038,3,0
2024-08-16,Healthcare,0.011118619098974122,3,0
2024-08-19,Healthcare,0.017608988506216134,3,0
2024-08-20,Healthcare,-0.00012007263780318873,3,0
2024-08-21,Healthcare,-0.006627343080091164,3,0
2024-08-22,Healthcare,0.0002128307676345642,3,0
2024-08-23,Healthcare,0.0025520067113820786,3,0
2024-08-26,Healthcare,-0.009214762698219747,3,0
2024-08-27,Healthcare,0.0037278790118850567,3,0
2024-08-28,Healthcare,0.0029265421414721438,3,0
2024-08-29,Healthcare,0.00542184960678201,3,0
2024-08-30,Healthcare,0.010397418771042721,3,0
2024-09-04,Healthcare,0.037448632050513485,3,0
2024-09-05,Healthcare,-0.021754168935585128,3,0
2024-09-06,Healthcare,0.021405833863593477,3,0
2024-09-09,Healthcare,-0.0054948914211747635,3,0
2024-09-10,Healthcare,-0.0010527901382933285,3,0
2024-09-11,Healthcare,-0.011184075368381877,3,0
2024-09-12,Healthcare,0.0013267685252681776,3,0
2024-09-13,Healthcare,-0.0016103186052228713,3,0
2024-09-16,Healthcare,0.0014223339511670874,3,0
2024-09-17,Healthcare,0.023068946158863752,3,0
2024-09-18,Healthcare,0.02404716309117198,3,0
2024-09-19,Healthcare,-0.014846036429976395,3,0
2024-09-20,Healthcare,-0.0060294964898574,3,0
2024-09-23,Healthcare,0.003979394145009178,3,0
2024-09-24,Healthcare,0.0010954313636484987,3,0
2024-09-25,Healthcare,-0.0026718810229267773,3,0
2024-09-26,Healthcare,-0.0006790249202145807,3,0
2024-09-27,Healthcare,7.517568300763333e-05,3,0
2024-09-30,Healthcare,-0.0026134044953919724,3,0
2024-10-01,Healthcare,0.016241717157966146,3,0
2024-10-02,Healthcare,-0.01505483208696449,3,0
2024-10-03,Healthcare,-0.004770308659199955,3,0
2024-10-04,Healthcare,-0.007581436897198146,3,0
2024-10-07,Healthcare,-0.007002538634043394,3,0
2024-10-08,Healthcare,-0.003970396547331852,3,0
2024-10-09,Healthcare,-0.0020177326606517867,3,0
2024-10-10,Healthcare,0.007939138263905132,3,0
2024-10-11,Healthcare,-0.000605235285217165,3,0
2024-10-14,Healthcare,-0.008459085813884252,3,0
2024-10-15,Healthcare,-0.0018320037454143678,3,0
2024-10-16,Healthcare,-0.0070624937149008265,3,0
2024-10-17,Healthcare,0.00011791820067423113,3,0
2024-10-18,Healthcare,-0.00013459870614270417,3,0
2024-10-21,Healthcare,-0.01988038193522364,3,0
2024-10-22,Healthcare,-0.014792094956462573,3,0
2024-10-23,Healthcare,0.0038710119268244116,3,0
2024-10-24,Healthcare,0.013093547878214226,3,0
2024-10-25,Healthcare,-0.00856502980485807,3,0
2024-10-28,Healthcare,-0.00038165025570569,3,0
2024-10-29,Healthcare,0.011602902075961152,3,0
2024-10-30,Healthcare,0.003007904598840039,3,0
2024-10-31,Healthcare,-0.002095409441321213,3,0
2024-11-01,Healthcare,-0.0012440712230774957,3,0
2024-11-04,Healthcare,-0.006390378995456876,3,0
2024-11-05,Healthcare,-0.0006256109481915795,3,0
2024-11-06,Healthcare,-0.004813461675033492,3,0
2024-11-07,Healthcare,0.007425496627807782,3,0
2024-11-08,Healthcare,-0.004201513785873819,3,0
2024-11-11,Healthcare,-0.002064079949385437,3,0
2024-11-12,Healthcare,-0.006523732075006339,3,0
2024-11-13,Healthcare,-0.0030079694221961293,3,0
2024-11-14,Healthcare,0.0003567181926278362,3,0
2024-11-15,Healthcare,-0.016857613976822578,3,0
2024-11-18,Healthcare,-0.005269032284766495,3,0
2024-11-19,Healthcare,0.0004946413849959234,3,0
2024-11-20,Healthcare,-0.0004939084622983536,3,0
2024-11-21,Healthcare,-0.003018691846550644,3,0
2024-11-22,Healthcare,-0.00862741960010945,3,0
2024-11-25,Healthcare,0.019132388547363505,3,0
2024-11-26,Healthcare,0.00026075029274067835,3,0
2024-11-27,Healthcare,-0.004479631102090598,3,0
2024-11-28,Healthcare,0.006925898938190252,3,0
2024-11-29,Healthcare,0.012305278548722098,3,0
2024-12-02,Healthcare,0.004267627240525762,3,0
2024-12-03,Healthcare,0.03480568053905101,3,0
2024-12-04,Healthcare,-0.002169567601100949,3,0
2024-12-05,Healthcare,-0.010758420528356924,3,0
2024-12-06,Healthcare,-0.013297589832978796,3,0
2024-12-09,Healthcare,0.00535053045877117,3,0
2024-12-10,Healthcare,0.022720807634171763,3,0
2024-12-11,Healthcare,0.010175065191142344,3,0
2024-12-12,Healthcare,0.012388361378951237,3,0
2024-12-13,Healthcare,-0.005726902642655111,3,0
2024-12-16,Healthcare,-0.009062850268130251,3,0
2024-12-17,Healthcare,-0.0033368322834734046,3,0
2024-12-18,Healthcare,0.013858394315682402,3,0
2024-12-19,Healthcare,-0.004825870154329078,3,0
2024-12-20,Healthcare,0.0018048720336284463,3,0
2024-12-23,Healthcare,0.006139923866786745,3,0
2024-12-24,Healthcare,-0.0012468104417531951,3,0
2024-12-25,Healthcare,0.006454511830099041,3,0
2024-12-26,Healthcare,0.0033891826553513007,3,0
2024-12-27,Healthcare,-0.007322266764642094,3,0
2024-12-30,Healthcare,-0.0060528898650321255,3,0
2024-12-31,Healthcare,0.0057430475064284,3,0
2025-01-02,Healthcare,0.02258407923604196,3,0
2025-01-03,Healthcare,-0.01362618943588841,3,0
2025-01-06,Healthcare,-0.017456140190453866,3,0
2025-01-07,Healthcare,0.0010969213461538008,3,0
2025-01-08,Healthcare,0.021887615584584963,3,0
2025-01-09,Healthcare,0.002270987890282535,3,0
2025-01-10,Healthcare,0.0014827024057211258,3,0
2025-01-13,Healthcare,-0.001351808348954801,3,0
2025-01-14,Healthcare,-0.01713042660515977,3,0
2025-01-15,Healthcare,-0.003680740986385785,3,0
2025-01-16,Healthcare,0.015546809599472633,3,0
2025-01-17,Healthcare,-0.006915911822667671,3,0
2025-01-20,Healthcare,0.002461142796836698,3,0
2025-01-21,Healthcare,-0.016261524715195968,3,0
2025-01-22,Healthcare,0.03017418791734087,3,0
2025-01-23,Healthcare,0.01933592695923721,3,0
2025-01-24,Healthcare,-0.0016992473164800421,3,0
2025-02-03,Healthcare,-0.010251505527126392,3,0
2025-02-04,Healthcare,0.015586736307526236,3,0
2025-02-05,Healthcare,-0.008017604038085638,3,0
2025-02-06,Healthcare,0.015746869588912693,3,0
2025-02-07,Healthcare,-0.000573885810043584,3,0
2025-02-10,Healthcare,-0.005201575916807033,3,0
2025-02-11,Healthcare,0.026244175897786198,3,0
2025-02-12,Healthcare,-0.01703181637257663,3,0
2025-02-13,Healthcare,-0.008854739042535273,3,0
2025-02-14,Healthcare,-0.004916165198647719,3,0
2025-02-17,Healthcare,0.01201510728844731,3,0
2025-02-18,Healthcare,0.0010940662928589824,3,0
2025-02-19,Healthcare,-0.009956178776359015,3,0
2025-02-20,Healthcare,0.021858961585860575,3,0
2025-02-21,Healthcare,-0.009249394936012104,3,0
2025-02-24,Healthcare,-0.0020286007851859265,3,0
2025-02-25,Healthcare,-0.010743236576393053,3,0
2025-02-26,Healthcare,-0.018847311942716827,3,0
2025-02-27,Healthcare,-0.013493892475246941,3,0
2025-02-28,Healthcare,0.0044703116202407705,3,0
2025-03-03,Healthcare,-0.012209666176750714,3,0
2025-03-04,Healthcare,-0.0032419507900075897,3,0
2025-03-05,Healthcare,-0.013133061751462486,3,0
2025-03-06,Healthcare,0.018694121161931698,3,0
2025-03-07,Healthcare,-0.008777125094527402,3,0
2025-03-10,Healthcare,-0.005039665476837023,3,0
2025-03-11,Healthcare,0.004946460724166157,3,0
2025-03-12,Healthcare,0.015893363867177768,3,0
2025-03-13,Healthcare,-0.01133988502081007,3,0
2025-03-14,Healthcare,-0.0033075629152701977,3,0
2025-03-17,Healthcare,-0.011463818912251974,3,0
2025-03-18,Healthcare,0.006489648362803154,3,0
2025-03-19,Healthcare,0.02419858234535403,3,0
2025-03-20,Healthcare,0.002214413519655715,3,0
2025-03-21,Healthcare,0.0006217888519044479,3,0
2025-03-24,Healthcare,-0.022264045017302614,3,0
2025-03-25,Healthcare,-0.019496156612731224,3,0
2025-03-26,Healthcare,0.005789608277221451,3,0
2025-03-27,Healthcare,-0.00010340348421415217,3,0
2025-03-28,Healthcare,-0.0007482229704451523,3,0
2025-03-31,Healthcare,-0.008284514052846173,3,0
2025-04-01,Healthcare,0.0030595836027784706,3,0
2025-04-02,Healthcare,0.0006743577581365864,3,0
2025-04-03,Healthcare,-0.0636819635541711,3,0
2025-04-04,Healthcare,-0.030908632154661886,3,0
2025-04-08,Healthcare,-0.05169591825298444,3,0
2025-04-09,Healthcare,-0.006861530924039627,3,0
2025-04-10,Healthcare,0.06918114519999101,3,0
2025-04-11,Healthcare,0.03215354813342319,3,0
2025-04-14,Healthcare,-0.006465330378194485,3,0
2025-04-15,Healthcare,-0.009712788452687119,3,0
2025-04-16,Healthcare,0.01888760005668222,3,0
2025-04-17,Healthcare,-0.008610265176667927,3,0
2025-04-18,Healthcare,0.008004957692805329,3,0
2025-04-21,Healthcare,0.01607793305245675,3,0
2025-04-22,Healthcare,-0.022201601755614215,3,0
2025-04-23,Healthcare,0.008862285693684413,3,0
2025-04-24,Healthcare,0.006626350490903099,3,0
2025-04-25,Healthcare,-0.017018879197579717,3,0
2025-04-28,Healthcare,0.0093718103515578,3,0
2025-04-29,Healthcare,0.005211262165056629,3,0
2025-05-05,Healthcare,0.009285964946500838,3,0
2025-05-06,Healthcare,0.0038662155923197363,3,0
2025-05-07,Healthcare,0.01843192786678312,3,0
2025-05-08,Healthcare,0.028860240575835656,3,0
2025-05-09,Healthcare,0.007500610733963131,3,0
2025-05-12,Healthcare,0.0011550895137426946,3,0
2025-05-13,Healthcare,-0.0026671059560430996,3,0
2025-05-14,Healthcare,0.0011316660951203872,3,0
2025-05-15,Healthcare,0.008912536619546163,3,0
2025-05-16,Healthcare,-0.004136889512576254,3,0
2025-05-19,Healthcare,0.008232671595524654,3,0
2025-05-20,Healthcare,0.004994083004186467,3,0
2025-05-21,Healthcare,0.00464368536615974,3,0
2025-05-22,Healthcare,-0.002141912839005037,3,0
2025-05-23,Healthcare,0.007828788656950062,3,0
2025-05-26,Healthcare,0.018034176116538386,3,0
2025-05-27,Healthcare,-0.011101505010447488,3,0
2025-05-28,Healthcare,-0.011603942406997433,3,0
2025-05-29,Healthcare,0.004242157344906887,3,0
2025-05-30,Healthcare,-0.008291099718307512,3,0
2025-06-02,Healthcare,0.00524302398809325,3,0
2025-06-03,Healthcare,-0.004627404869611736,3,0
2025-06-04,Healthcare,0.0005186543548465853,3,0
2025-06-05,Healthcare,0.008241539566522146,3,0
2025-06-06,Healthcare,-0.00746780939417165,3,0
2025-06-09,Healthcare,-0.010106882311202195,3,0
2025-06-10,Healthcare,0.008788701404654228,3,0
2025-06-11,Healthcare,-0.003386483041870244,3,0
2025-06-12,Healthcare,0.0033510877706132516,3,0
2025-06-13,Healthcare,-0.005190158981812336,3,0
2025-06-16,Healthcare,0.008513503862490538,3,0
2025-06-17,Healthcare,0.007537629305741718,3,0
2025-06-18,Healthcare,-0.0067391518584613746,3,0
2025-06-19,Healthcare,0.0005833625014584065,3,0
2025-06-20,Healthcare,0.0003476779879743412,3,0
2025-06-23,Healthcare,-0.004916190676109156,3,0
2025-06-24,Healthcare,0.010222924659181584,3,0
2025-06-25,Healthcare,-0.009071430289703067,3,0
2025-06-26,Healthcare,0.0013997820276938633,3,0
2025-06-27,Healthcare,0.001512004328840022,3,0
2025-06-30,Healthcare,0.0036214089973016783,3,0
2025-07-01,Healthcare,0.0003787185125437113,3,0
2025-07-02,Healthcare,0.0033838558655688114,3,0
2025-07-03,Healthcare,0.002320129331894849,3,0
2025-07-04,Healthcare,0.0025565388397246944,3,0
2025-07-07,Healthcare,-0.0019920549944532815,3,0
2025-07-08,Healthcare,0.003610789708097325,3,0
2025-07-09,Healthcare,0.005069696940897798,3,0
2025-07-10,Healthcare,-0.002006031004467094,3,0
2025-07-11,Healthcare,-0.00854841291258083,3,0
2025-07-14,Healthcare,-0.0008438196540047072,3,0
2025-07-15,Healthcare,0.00032213936154819783,3,0
2025-07-16,Healthcare,0.0016670990924011475,3,0
2025-07-17,Healthcare,0.0035462276910258606,3,0
2025-07-18,Healthcare,-0.002223008133109753,3,0
2025-07-21,Healthcare,0.0014909170501875568,3,0
2025-07-22,Healthcare,0.006245578466970085,3,0
2025-07-23,Healthcare,0.0016273351442650148,3,0
2025-07-24,Healthcare,0.009026210727304326,3,0
2025-07-25,Healthcare,-0.0008681394344220253,3,0
2025-07-28,Healthcare,0.0009697230901842454,3,0
2025-07-29,Healthcare,-0.021042090149849996,3,0
2025-07-30,Healthcare,-0.004761485462499104,3,0
2025-07-31,Healthcare,0.02066293584056737,3,0
2025-08-01,Healthcare,0.003509461917187928,3,0
2025-08-04,Healthcare,0.0027063113988500254,3,0
2025-08-05,Healthcare,0.00011123467106984493,3,0
2025-08-06,Healthcare,-0.0063784977977329555,3,0
2025-08-07,Healthcare,0.0003287866207883905,3,0
2025-08-08,Healthcare,0.008333410009063994,3,0
2025-08-11,Healthcare,-0.0060547997620448895,3,0
2025-08-12,Healthcare,0.0015651223742167986,3,0
2025-08-13,Healthcare,0.011141132633682807,3,0
2025-08-14,Healthcare,-0.002894423761632551,3,0
2025-08-15,Healthcare,0.005227393946161822,3,0
2025-08-18,Healthcare,0.00036229866044993714,3,0
2025-08-19,Healthcare,-0.006204315028995803,3,0
2025-08-20,Healthcare,-0.00987099707731228,3,0
2025-08-21,Healthcare,0.008886448009680007,3,0
2025-08-22,Healthcare,-0.01003777662106764,3,0
2025-08-25,Healthcare,-0.004290945731058852,3,0
2025-08-26,Healthcare,0.001526164901605398,3,0
2025-08-27,Healthcare,0.0037852049589746453,3,0
2025-08-28,Healthcare,0.000630360070404364,3,0
2025-08-29,Healthcare,0.004634392516926988,3,0
2025-09-03,Healthcare,0.010164970081940098,3,0
2025-09-04,Healthcare,0.002691444978499454,3,0
2025-09-05,Healthcare,-0.0053907194705947,3,0
2025-09-08,Healthcare,0.009285600470827604,3,0
2025-09-09,Healthcare,-0.002992000976979936,3,0
2025-09-10,Healthcare,0.003197548268598638,3,0
2025-09-11,Healthcare,-0.011433313884292954,3,0
2025-09-12,Healthcare,-0.0007630781023864053,3,0
2025-09-15,Healthcare,0.0066471645686256116,3,0
2025-09-16,Healthcare,-0.007930607187112729,3,0
2025-09-17,Healthcare,0.004704100019889745,3,0
2025-09-18,Healthcare,-0.008786814681691105,3,0
2025-09-19,Healthcare,0.001585228028187761,3,0
2025-09-22,Healthcare,-0.0024073262818698296,3,0
2025-09-23,Healthcare,0.0024329978295697754,3,0
2025-09-24,Healthcare,-0.002246662515512791,3,0
2025-09-25,Healthcare,-0.001586637735168724,3,0
2025-09-26,Healthcare,-0.0015349164616126714,3,0
2025-09-29,Healthcare,-0.0015875616948816118,3,0
2025-09-30,Healthcare,-2.312536707493873e-05,3,0
2025-10-01,Healthcare,0.0032881214078666066,3,0
2025-10-02,Healthcare,-0.0031910141042823525,3,0
2025-10-03,Healthcare,0.001656385652273255,3,0
2025-10-06,Healthcare,-0.0010701301110557966,3,0
2025-10-07,Healthcare,0.0012701269751024997,3,0
2025-10-08,Healthcare,-0.001545570265019965,3,0
2025-10-09,Healthcare,-0.0046356508916926735,3,0
2025-10-10,Healthcare,-0.0008993573697091417,3,0
2025-10-13,Healthcare,-0.006387424951239192,3,0
2025-10-14,Healthcare,-0.0036597758919226786,3,0
2025-10-15,Healthcare,0.009609560747375586,3,0
2025-10-16,Healthcare,-0.002980561520653328,3,0
2025-10-17,Healthcare,-0.009009448628901148,3,0
2025-10-20,Healthcare,-0.018948852642495868,3,0
2025-10-21,Healthcare,0.010759514303464224,3,0
2025-10-22,Healthcare,0.014812354490174965,3,0
2025-10-23,Healthcare,-0.0009984072186556652,3,0
2025-10-24,Healthcare,-0.004681456314282073,3,0
2025-10-27,Healthcare,0.009207920605628547,3,0
2025-10-28,Healthcare,0.005036820897596235,3,0
2025-10-29,Healthcare,-0.005692784446038342,3,0
2025-10-30,Healthcare,-0.009165386998295832,3,0
2025-10-31,Healthcare,0.01066053511705678,3,0
2025-11-03,Healthcare,-0.006821150560825366,3,0
2025-11-04,Healthcare,-0.012196622700112755,3,0
2025-11-05,Healthcare,0.007291920091701616,3,0
2025-11-06,Healthcare,0.004085306744218216,3,0
2025-11-07,Healthcare,-0.009864419175404112,3,0
2025-11-10,Healthcare,0.0034812233148150407,3,0
2025-11-11,Healthcare,-0.00532858395832958,3,0
2025-11-12,Healthcare,0.005288639095554437,3,0
2025-11-13,Healthcare,-0.0027832566340590206,3,0
2025-11-14,Healthcare,-0.0007613247823178663,3,0
2025-11-17,Healthcare,-0.002778356602069857,3,0
2025-11-18,Healthcare,5.830397295773319e-05,3,0
2025-11-19,Healthcare,-0.01269312497178691,3,0
2025-11-20,Healthcare,-0.0003241841365895966,3,0
2025-11-21,Healthcare,-0.010854291355673581,3,0
2025-11-24,Healthcare,0.008334139501148067,3,0
2025-11-25,Healthcare,-0.002793830620314982,3,0
2025-11-26,Healthcare,0.0038535955851653667,3,0
2025-11-27,Healthcare,6.588475057622833e-05,3,0
2025-11-28,Healthcare,0.009274353281518044,3,0
2025-12-01,Healthcare,0.01478719265614048,3,0
2025-12-02,Healthcare,0.00580205037299053,3,0
2025-12-03,Healthcare,-0.004082696644926627,3,0
2025-12-04,Healthcare,0.0016130766749113217,3,0
2025-12-05,Healthcare,0.00041164529883563894,3,0
2025-12-08,Healthcare,-0.006029204121584697,3,0
2025-12-09,Healthcare,-0.008659762292956175,3,0
2025-12-10,Healthcare,-0.007423825032568036,3,0
2025-12-11,Healthcare,0.006517121582000203,3,0
2025-12-12,Healthcare,-0.008779121555953395,3,0
2025-12-15,Healthcare,-0.0006744260345231309,3,0
2025-12-16,Healthcare,0.0066597630427619086,3,0
2025-12-17,Healthcare,0.00150982788674577,3,0
2025-12-18,Healthcare,-0.003565445044137546,3,0
2025-12-19,Healthcare,0.0029936857212569112,3,0
2025-12-22,Healthcare,0.008469147278675093,3,0
2025-12-23,Healthcare,0.004069371746920088,3,0
2025-12-24,Healthcare,-0.0013311271844980894,3,0
2025-12-25,Healthcare,-0.0006979155417055442,3,0
2025-12-26,Healthcare,-0.005208097588942954,3,0
2025-12-29,Healthcare,0.0036381115802900745,3,0
2025-12-30,Healthcare,0.00790963205346884,3,0
2025-12-31,Healthcare,0.013060188160509948,3,0
2026-01-05,Healthcare,-0.0034893991395229897,3,0
2026-01-06,Healthcare,-0.0003157676521429176,3,0
2026-01-07,Healthcare,0.005155901467747137,3,0
2026-01-08,Healthcare,0.0006483682731791193,3,0
2026-01-09,Healthcare,0.0005826487210860432,3,0
2026-01-12,Healthcare,0.004087007475304105,3,0
2026-01-13,Healthcare,0.005044625533566179,3,0
2026-01-14,Healthcare,0.004697805074089197,3,0
2026-01-15,Healthcare,0.014746337938506512,3,0
2026-01-16,Healthcare,0.006369750632337541,3,0
2026-01-19,Healthcare,0.0024339881401762575,3,0
2026-01-20,Healthcare,-0.012937528742387813,3,0
2026-01-21,Healthcare,-0.006141714921546804,3,0
2026-01-22,Healthcare,0.0006439841150585046,3,0
2026-01-23,Healthcare,6.552720426130272e-05,3,0
2026-01-26,Healthcare,-0.003205553848495598,3,0
2026-01-27,Healthcare,-0.00014491006736483403,3,0
2026-01-28,Healthcare,0.0068861438777272355,3,0
2026-01-29,Healthcare,0.00013839714805130576,3,0
2026-01-30,Healthcare,0.0024107779737658763,3,0
2026-02-02,Healthcare,-0.0012482057043000279,3,0
2026-02-03,Healthcare,0.00019563553874975734,3,0
2026-02-04,Healthcare,-0.0015241154214870416,3,0
2026-02-05,Healthcare,-0.0030146465231896125,3,0
2026-02-06,Healthcare,-0.0020268829623376248,3,0
2026-02-09,Healthcare,0.005134448595361977,3,0
2026-02-10,Healthcare,-0.005672628248787041,3,0
2026-02-11,Healthcare,0.011519449646719618,3,0
2026-02-12,Healthcare,-0.006655368342475228,3,0
2026-02-13,Healthcare,-0.003521825994101372,3,0
2026-02-23,Healthcare,0.00785689629918022,3,0
2026-02-24,Healthcare,0.0012638181041075465,3,0
2026-02-25,Healthcare,-0.002450075258331038,3,0
2026-02-26,Healthcare,0.0010729007849115864,3,0
2026-02-27,Healthcare,-0.00365020587200963,3,0
2026-03-02,Healthcare,0.0012788781797947735,3,0
2026-03-03,Healthcare,-0.0010660382651629756,3,0
2026-03-04,Healthcare,-0.003485261311822585,3,0
2026-03-05,Healthcare,0.0016286313243357349,3,0
2026-03-06,Healthcare,-0.0044820161212333716,3,0
2026-03-09,Healthcare,-0.018575728184183366,3,0
2026-03-10,Healthcare,0.027083030507074835,3,0
2026-03-11,Healthcare,-0.0008312530694789174,3,0
2026-03-12,Healthcare,-0.0007065794555342434,3,0
2026-03-13,Healthcare,-0.009772904473241714,3,0
2026-03-16,Healthcare,0.005271831640314639,3,0
2026-03-17,Healthcare,0.00531633222803866,3,0
2026-03-18,Healthcare,-0.007582033256295769,3,0
2026-03-19,Healthcare,-0.015334777261662583,3,0
2026-03-20,Healthcare,-0.009162457869704524,3,0
2026-03-23,Healthcare,-0.0038615327178220435,3,0
2026-03-24,Healthcare,0.0023501953460389378,3,0
2026-03-25,Healthcare,0.006497159702087751,3,0
2026-03-26,Healthcare,-0.006596762510923153,3,0
2026-03-27,Healthcare,0.00896369958647177,3,0
2026-03-30,Healthcare,0.006409990661058851,3,0
2026-03-31,Healthcare,-0.001048726630400824,3,0
2026-04-01,Healthcare,0.007570673491729056,3,0
2026-04-02,Healthcare,-0.0027634697822761143,3,0
2026-04-03,Healthcare,0.0012709276945854775,3,0
2026-04-06,Healthcare,-7.4002755371394e-05,3,0
2026-04-07,Healthcare,0.0054398123478769005,3,0
2026-04-08,Healthcare,0.002856661069193467,3,0
2026-04-09,Healthcare,-0.004411009016271191,3,0
2026-04-10,Healthcare,0.0014047077386438733,3,0
2026-04-13,Healthcare,4.1107843109437305e-05,3,0
2026-04-14,Healthcare,-0.0017206586195979516,3,0
2026-04-15,Healthcare,-0.0002694862373368763,3,0
2026-04-16,Healthcare,-0.010550724637681178,3,0
2026-04-17,Healthcare,0.01478150785051032,3,0
2026-04-20,Healthcare,-0.0032104540798160164,3,0
2026-04-21,Healthcare,-0.002778775336339634,3,0
2026-04-22,Healthcare,-0.02511625669292576,3,0
2026-04-23,Healthcare,-0.014636335609544434,3,0
2026-04-24,Healthcare,-0.011164675150463524,3,0
2026-04-28,Healthcare,-0.005138249988653161,3,0
2026-04-29,Healthcare,0.018485274023332554,3,0
2026-05-04,Healthcare,0.002546143955245772,3,0
2026-05-05,Healthcare,-0.006619560204005078,3,0
2026-05-06,Healthcare,-0.003251598347865814,3,0
2026-05-07,Healthcare,-0.010239416684096078,3,0
2026-05-08,Healthcare,0.0031554384000926547,3,0
2026-05-11,Healthcare,0.0005094684830255029,3,0
2026-05-12,Healthcare,0.0,3,0
2026-05-13,Healthcare,0.004617179750606788,3,0
2026-05-14,Healthcare,-0.006437263446778345,3,0
2026-05-15,Healthcare,-0.009618156534949462,3,0
2026-05-18,Healthcare,0.004981130935416782,3,0
2026-05-19,Healthcare,0.0005910000470950028,3,0
2026-05-20,Healthcare,-0.0031467567619333594,3,0
2026-05-21,Healthcare,0.0028468439118567446,3,0
2026-05-22,Healthcare,-0.015233033255965997,3,0
2026-05-25,Healthcare,0.006860379785361433,3,0
2026-05-26,Healthcare,0.0021920210434020295,3,0
2026-05-27,Healthcare,-0.003795797563719875,3,0
2026-05-28,Healthcare,-0.003209420528446897,3,0
2026-05-29,Healthcare,0.0032979921478484644,3,0
2026-06-01,Healthcare,0.002578177738120931,3,0
2026-06-02,Healthcare,-0.000754887837452034,3,0
2026-06-03,Healthcare,-0.004684960252428779,3,0
2026-06-04,Healthcare,0.001968093591165787,3,0
2026-06-05,Healthcare,-3.342567614417202e-05,3,0
2026-06-08,Healthcare,0.000852807174206179,3,0
2026-06-09,Healthcare,0.0029144846730334204,3,0
2026-06-10,Healthcare,0.000726417001043996,3,0
2026-06-11,Healthcare,-0.000339328130302019,3,0
2026-06-12,Healthcare,-0.006688768684929958,3,0
2026-06-15,Healthcare,0.0028306159420289725,3,0
2026-06-16,Healthcare,-0.005353415913148751,3,0
2026-06-17,Healthcare,-0.0014674590945777573,3,0
2026-06-18,Healthcare,-0.0043021909065798685,3,0
2026-06-19,Healthcare,-0.00138172260611998,3,0
2026-06-22,Healthcare,0.00405315389681186,3,0
2026-06-23,Healthcare,-0.012391163997727439,3,0
2026-06-24,Healthcare,-0.006488424887669024,3,0
2026-06-25,Healthcare,-0.0024395048247772833,3,0
2026-06-26,Healthcare,-0.006919841158554226,3,0
2026-06-29,Healthcare,0.0025415943894204762,3,0
2026-06-30,Healthcare,-0.0033272038860327666,3,0
2026-07-01,Healthcare,0.006278185312105888,3,0
2026-07-02,Healthcare,0.007202395403415052,3,0
2026-07-03,Healthcare,0.0019011406844106442,3,0
2026-07-06,Healthcare,0.0006584111747861554,3,0
2026-07-07,Healthcare,-0.015937083722582884,3,0
2026-07-08,Healthcare,-0.002240357974518936,3,0
2026-07-09,Healthcare,-0.0016224547740731898,3,0
2026-07-10,Healthcare,-0.0023640661938534313,3,0
2026-07-13,Healthcare,-0.010025680453770577,3,0
2026-07-14,Healthcare,-0.0032250629512466933,3,0
2026-07-15,Healthcare,-0.007611408724402691,3,0
2026-07-16,Healthcare,0.011230523458917471,3,0
2026-07-17,Healthcare,-0.011805951713323623,3,0
2026-07-20,Healthcare,-0.01672026421508488,3,0
2026-07-21,Healthcare,-0.0011808331823598788,3,0
2026-07-22,Healthcare,-0.0051055649126388785,3,0
2026-07-23,Healthcare,-0.01436340203010463,3,0
2026-07-24,Healthcare,0.0020122937765755986,3,0
2026-07-27,Healthcare,-0.011206161950259808,3,0
2026-07-28,Healthcare,-0.0058746886593074405,3,0
2026-07-29,Healthcare,0.021691312402091507,3,0
2026-07-30,Healthcare,0.0067949760549380995,3,0
2026-07-31,Healthcare,-0.008674863387978108,3,0
2026-08-03,Healthcare,0.028313706927314126,3,0
2026-08-04,Healthcare,-0.008751054453748686,3,0
2026-08-05,Healthcare,0.011091066742536496,3,0
2026-08-06,Healthcare,-0.0009057971014492239,3,0
2026-08-07,Healthcare,0.0028201417492300282,3,0
2026-08-10,Healthcare,0.006410912757949028,3,0
2026-08-11,Healthcare,-0.00536734509271819,3,0
2026-08-12,Healthcare,0.0016610637197650806,3,0
2026-08-13,Healthcare,0.0006684776440084583,3,0
2026-08-14,Healthcare,-0.0094285127673203,3,0
2026-08-17,Healthcare,0.005035256717526877,3,0
2026-08-18,Healthcare,0.0027173913043478937,3,0
2026-08-19,Healthcare,0.002850368819958593,3,0
2026-08-20,Healthcare,-0.0026563313167777456,3,0
2026-08-21,Healthcare,0.004683993064290237,3,0
2026-08-24,Healthcare,0.018388171078170368,3,0
2026-08-25,Healthcare,-0.0008613708117377236,3,0
2026-08-26,Healthcare,-0.010672291069082776,3,0
2026-08-27,Healthcare,0.019395028731033492,3,0
2026-08-28,Healthcare,0.00533326550183133,3,0
2026-09-03,Healthcare,-0.0034268333623015033,3,0
2026-09-04,Healthcare,-0.005257226766562077,3,0
2026-09-07,Healthcare,-0.004032303052029063,3,0
2026-09-08,Healthcare,-0.0016097586660069514,3,0
2026-09-09,Healthcare,0.005796503071416548,3,0
2026-09-10,Healthcare,-0.003406639605559351,3,0
2026-09-11,Healthcare,-0.018525939379851142,3,0
2026-09-14,Healthcare,0.002348615257881178,3,0
2026-09-15,Healthcare,0.014260049321798807,3,0
2026-09-16,Healthcare,-0.030298198034322987,3,0
2026-09-17,Healthcare,0.0023622811326819613,3,0
2026-09-18,Healthcare,0.03303539610319647,3,0
2026-09-21,Healthcare,-0.01688306677651204,3,0
2026-09-22,Healthcare,0.017133844720051566,3,0
2026-09-23,Healthcare,-0.023184443044558245,3,0
2024-01-03,Utilities,0.007548992578826574,3,0
2024-01-04,Utilities,0.002802742194917792,3,0
2024-01-05,Utilities,-0.0093828636539142,3,0
2024-01-08,Utilities,0.0006895431461008868,3,0
2024-01-09,Utilities,-0.0026951846879869437,3,0
2024-01-10,Utilities,0.0021600828757072366,3,0
2024-01-11,Utilities,0.019461514308782697,3,0
2024-01-12,Utilities,-0.012051328632447733,3,0
2024-01-15,Utilities,-0.0032993668876563445,3,0
2024-01-16,Utilities,0.00910974727938411,3,0
2024-01-17,Utilities,0.00015128000361626834,3,0
2024-01-18,Utilities,-0.005486632883443347,3,0
2024-01-19,Utilities,0.007699396086618071,3,0
2024-01-22,Utilities,0.001852751407633561,3,0
2024-01-23,Utilities,0.0008773807719218615,3,0
2024-01-24,Utilities,-0.00638499477595796,3,0
2024-01-25,Utilities,-0.004223575575402909,3,0
2024-01-26,Utilities,-3.129033559245986e-05,3,0
2024-01-29,Utilities,-0.0002313175427551828,3,0
2024-01-30,Utilities,0.01347546869178747,3,0
2024-01-31,Utilities,-0.012195591447759169,3,0
2024-02-01,Utilities,-0.003600530604510155,3,0
2024-02-02,Utilities,-0.007110757049298829,3,0
2024-02-05,Utilities,-0.00046218017239881465,3,0
2024-02-06,Utilities,0.008530293000360937,3,0
2024-02-07,Utilities,0.002373855565135289,3,0
2024-02-15,Utilities,0.015362328709953502,3,0
2024-02-16,Utilities,0.006395693434602112,3,0
2024-02-19,Utilities,0.027903862352881264,3,0
2024-02-20,Utilities,-0.004928917763186417,3,0
2024-02-21,Utilities,0.0011544828928171658,3,0
2024-02-22,Utilities,-0.007236668923755851,3,0
2024-02-23,Utilities,-0.019700088101157236,3,0
2024-02-26,Utilities,6.202078185313376e-05,3,0
2024-02-27,Utilities,0.013922046219556542,3,0
2024-02-28,Utilities,0.013935661393253973,3,0
2024-02-29,Utilities,-0.00737193155103603,3,0
2024-03-01,Utilities,0.013344659830662428,3,0
2024-03-04,Utilities,0.0034245855838827,3,0
2024-03-05,Utilities,0.010400905551172976,3,0
2024-03-06,Utilities,-0.00744614128209542,3,0
2024-03-07,Utilities,0.002807098156569691,3,0
2024-03-08,Utilities,-0.003018382581719751,3,0
2024-03-11,Utilities,-0.012347768536742318,3,0
2024-03-12,Utilities,-0.004973015236739801,3,0
2024-03-13,Utilities,0.013000121628829797,3,0
2024-03-14,Utilities,0.0029605236823213956,3,0
2024-03-15,Utilities,-0.006798891367323516,3,0
2024-03-18,Utilities,-0.024733938809693323,3,0
2024-03-19,Utilities,0.0031910082258462813,3,0
2024-03-20,Utilities,0.005932536714807164,3,0
2024-03-21,Utilities,-0.0018066185715506962,3,0
2024-03-22,Utilities,0.012633565199494582,3,0
2024-03-25,Utilities,-0.005952452524407644,3,0
2024-03-26,Utilities,0.006050255085237118,3,0
2024-03-27,Utilities,0.005608033596530504,3,0
2024-03-28,Utilities,-0.0007122507122506727,3,0
2024-03-29,Utilities,-0.005191068395672738,3,0
2024-04-01,Utilities,-0.010132135467529077,3,0
2024-04-02,Utilities,0.015162691360647814,3,0
2024-04-03,Utilities,-0.009935878104726773,3,0
2024-04-04,Utilities,-0.019359434150396055,3,0
2024-04-05,Utilities,-0.010771869366342335,3,0
2024-04-08,Utilities,-0.012043348856265235,3,0
2024-04-09,Utilities,0.011063459548809274,3,0
2024-04-10,Utilities,-0.0017270711318823444,3,0
2024-04-11,Utilities,-0.004236042858226023,3,0
2024-04-12,Utilities,0.008557501414987456,3,0
2024-04-15,Utilities,-0.023270064916255235,3,0
2024-04-16,Utilities,-0.01627570233489802,3,0
2024-04-17,Utilities,-0.00010439239474994515,3,0
2024-04-19,Utilities,-0.0309244675211147,3,0
2024-04-22,Utilities,0.013720820797395191,3,0
2024-04-23,Utilities,-0.013397485493230166,3,0
2024-04-24,Utilities,0.02239818532276557,3,0
2024-04-25,Utilities,-0.008499525963271193,3,0
2024-04-26,Utilities,0.00886185521096361,3,0
2024-05-02,Utilities,0.04845983656675227,3,0
2024-05-03,Utilities,0.004504063387749002,3,0
2024-05-06,Utilities,-0.00010973779330336608,3,0
2024-05-07,Utilities,-0.0023227266070038333,3,0
2024-05-08,Utilities,0.009048178891367517,3,0
2024-05-09,Utilities,-0.006106600191217115,3,0
2024-05-10,Utilities,-0.00663182967071041,3,0
2024-05-13,Utilities,0.00882232941747437,3,0
2024-05-14,Utilities,-0.004141664230485453,3,0
2024-05-15,Utilities,-0.000800907527669259,3,0
2024-05-16,Utilities,0.023145508740130216,3,0
2024-05-17,Utilities,-0.0014364240672258832,3,0
2024-05-20,Utilities,0.0004101923891477825,3,0
2024-05-21,Utilities,-0.000802827503667188,3,0
2024-05-22,Utilities,0.0006208399062210453,3,0
2024-05-23,Utilities,0.03477654537853714,3,0
2024-05-24,Utilities,-0.01834572159285312,3,0
2024-05-27,Utilities,0.038601784482131585,3,0
2024-05-28,Utilities,0.015579938677179106,3,0
2024-05-29,Utilities,-0.012323058534073525,3,0
2024-05-30,Utilities,0.01782443820074738,3,0
2024-05-31,Utilities,-0.008644359258099662,3,0
2024-06-03,Utilities,0.03445032176661441,3,0
2024-06-04,Utilities,0.007938510393870724,3,0
2024-06-05,Utilities,-0.014116047446020463,3,0
2024-06-06,Utilities,-0.006315125177445369,3,0
2024-06-07,Utilities,0.013419113539362279,3,0
2024-06-10,Utilities,-0.006902617025722886,3,0
2024-06-11,Utilities,0.008228792593843385,3,0
2024-06-12,Utilities,0.005260793694753296,3,0
2024-06-13,Utilities,0.005478775068575119,3,0
2024-06-14,Utilities,-0.0334144287087497,3,0
2024-06-17,Utilities,0.010107563613175627,3,0
2024-06-18,Utilities,0.03790218502630697,3,0
2024-06-19,Utilities,-0.001973796062421429,3,0
2024-06-20,Utilities,0.012281938611423978,3,0
2024-06-21,Utilities,-0.01633561025763064,3,0
2024-06-24,Utilities,-0.006783524693286469,3,0
2024-06-25,Utilities,0.007192894036247936,3,0
2024-06-26,Utilities,0.006224503788008651,3,0
2024-06-27,Utilities,-0.012121212121212125,3,0
2024-06-28,Utilities,-0.008586214172859652,3,0
2024-07-01,Utilities,0.0010031604844833082,3,0
2024-07-02,Utilities,-0.0021425711055737726,3,0
2024-07-03,Utilities,0.018151495096795516,3,0
2024-07-04,Utilities,-0.0010052695636986926,3,0
2024-07-05,Utilities,-0.004582398879075263,3,0
2024-07-08,Utilities,0.01536554428827297,3,0
2024-07-09,Utilities,0.027605920144424534,3,0
2024-07-10,Utilities,0.0003841391786422547,3,0
2024-07-11,Utilities,-0.0005981588271196289,3,0
2024-07-12,Utilities,0.00023162735107862265,3,0
2024-07-15,Utilities,0.0050315602030977695,3,0
2024-07-16,Utilities,-0.0008987560965117251,3,0
2024-07-17,Utilities,-0.03892476679685938,3,0
2024-07-18,Utilities,0.004619812693069621,3,0
2024-07-19,Utilities,-0.033933294462193175,3,0
2024-07-22,Utilities,-0.01009664255109377,3,0
2024-07-23,Utilities,-0.019244223837917834,3,0
2024-07-24,Utilities,0.012492829243216338,3,0
2024-07-25,Utilities,-0.004468384919282771,3,0
2024-07-26,Utilities,0.027508104157484208,3,0
2024-07-29,Utilities,-0.002910590512786008,3,0
2024-07-30,Utilities,-0.011048544361140814,3,0
2024-07-31,Utilities,-0.0030478382950522853,3,0
2024-08-01,Utilities,-0.0265755727372049,3,0
2024-08-02,Utilities,0.03795996779117009,3,0
2024-08-05,Utilities,-0.04482040438049021,3,0
2024-08-06,Utilities,0.021336689929956743,3,0
2024-08-07,Utilities,0.0006375603200781491,3,0
2024-08-08,Utilities,0.0005916373744982625,3,0
2024-08-09,Utilities,0.00812610139194477,3,0
2024-08-12,Utilities,0.00752629032393437,3,0
2024-08-13,Utilities,-0.021669489536351543,3,0
2024-08-14,Utilities,-0.002443305400159986,3,0
2024-08-15,Utilities,-0.014492169938278954,3,0
2024-08-16,Utilities,0.029010384287055786,3,0
2024-08-19,Utilities,0.011762607723118176,3,0
2024-08-20,Utilities,-0.0027733130186794464,3,0
2024-08-21,Utilities,0.0170546635404909,3,0
2024-08-22,Utilities,-0.010368920355569614,3,0
2024-08-23,Utilities,0.0038251060489563984,3,0
2024-08-26,Utilities,-0.009594926484915334,3,0
2024-08-27,Utilities,-0.007026027945872704,3,0
2024-08-28,Utilities,0.0013764366476580747,3,0
2024-08-29,Utilities,0.0021013640865600314,3,0
2024-08-30,Utilities,-0.006816094664990262,3,0
2024-09-04,Utilities,-0.006467643269612282,3,0
2024-09-05,Utilities,-0.015516417618430034,3,0
2024-09-06,Utilities,0.0011493418097032748,3,0
2024-09-09,Utilities,0.0022326560932537745,3,0
2024-09-10,Utilities,-0.007109355680060585,3,0
2024-09-11,Utilities,-0.0024455199421982896,3,0
2024-09-12,Utilities,0.003606084329670319,3,0
2024-09-13,Utilities,-0.00592128989905949,3,0
2024-09-16,Utilities,-0.018031836789193106,3,0
2024-09-17,Utilities,0.011790659677088996,3,0
2024-09-18,Utilities,0.013494805290194645,3,0
2024-09-19,Utilities,-0.006346944500100167,3,0
2024-09-20,Utilities,0.0016463312620649262,3,0
2024-09-23,Utilities,-0.003322866141401722,3,0
2024-09-24,Utilities,0.002104898375398364,3,0
2024-09-25,Utilities,0.01920116321703332,3,0
2024-09-26,Utilities,-0.0011892956145539424,3,0
2024-09-27,Utilities,-0.005302954906695523,3,0
2024-09-30,Utilities,0.0007591325583884053,3,0
2024-10-01,Utilities,0.003844371579913316,3,0
2024-10-02,Utilities,0.0014158204378471595,3,0
2024-10-03,Utilities,-0.014390616321350266,3,0
2024-10-04,Utilities,0.0012657645572560587,3,0
2024-10-07,Utilities,-0.0075184966847105334,3,0
2024-10-08,Utilities,-0.0014113124050630181,3,0
2024-10-09,Utilities,0.005429976170458595,3,0
2024-10-10,Utilities,-0.0024600972677620847,3,0
2024-10-11,Utilities,-0.006601089440131713,3,0
2024-10-14,Utilities,0.006966502175099161,3,0
2024-10-15,Utilities,-0.008870592793238541,3,0
2024-10-16,Utilities,-0.004814522542194684,3,0
2024-10-17,Utilities,-0.0022016300376993168,3,0
2024-10-18,Utilities,-0.0017755447005439,3,0
2024-10-21,Utilities,-0.009181952770861498,3,0
2024-10-22,Utilities,-0.011974524134839867,3,0
2024-10-23,Utilities,0.00502097904228016,3,0
2024-10-24,Utilities,-0.0038763251706308197,3,0
2024-10-25,Utilities,-0.011444087665995325,3,0
2024-10-28,Utilities,0.0038811559453524325,3,0
2024-10-29,Utilities,0.011201726185221009,3,0
2024-10-30,Utilities,-0.0005743942490360107,3,0
2024-10-31,Utilities,-0.008041014241148928,3,0
2024-11-01,Utilities,-0.02239128718213616,3,0
2024-11-04,Utilities,0.0017002300076008152,3,0
2024-11-05,Utilities,-0.0006154724396724894,3,0
2024-11-06,Utilities,0.014924563075728425,3,0
2024-11-07,Utilities,0.001149518102952718,3,0
2024-11-08,Utilities,-0.001208860692521389,3,0
2024-11-11,Utilities,-0.0023324405936999324,3,0
2024-11-12,Utilities,0.010284268082047632,3,0
2024-11-13,Utilities,-0.00200138026224983,3,0
2024-11-14,Utilities,-0.013993240716250263,3,0
2024-11-15,Utilities,-0.012409417535751496,3,0
2024-11-18,Utilities,0.009280612534532384,3,0
2024-11-19,Utilities,-0.010186128400024086,3,0
2024-11-20,Utilities,0.012245037974474293,3,0
2024-11-21,Utilities,0.00910671923321682,3,0
2024-11-22,Utilities,-0.00294650747727232,3,0
2024-11-25,Utilities,0.04118839831770386,3,0
2024-11-26,Utilities,0.0037097133712779375,3,0
2024-11-27,Utilities,0.005986434419717616,3,0
2024-11-28,Utilities,-0.003492330724518785,3,0
2024-11-29,Utilities,0.002306327942352674,3,0
2024-12-02,Utilities,-0.005441358402706246,3,0
2024-12-03,Utilities,0.0162356485718201,3,0
2024-12-04,Utilities,-0.011457450001448119,3,0
2024-12-05,Utilities,0.01720803543198997,3,0
2024-12-06,Utilities,-0.007614992059010024,3,0
2024-12-09,Utilities,-0.0003329080973168234,3,0
2024-12-10,Utilities,-0.00029328362343176523,3,0
2024-12-11,Utilities,-0.0046195517875771515,3,0
2024-12-12,Utilities,-0.004881615431383916,3,0
2024-12-13,Utilities,-0.0016763945788748809,3,0
2024-12-16,Utilities,0.0027795255675323225,3,0
2024-12-17,Utilities,-0.0005154370306092263,3,0
2024-12-18,Utilities,0.013811005984097013,3,0
2024-12-19,Utilities,-0.0076013446677000536,3,0
2024-12-20,Utilities,-0.0009706856830665375,3,0
2024-12-23,Utilities,-0.00027199435437659975,3,0
2024-12-24,Utilities,0.006942957271846351,3,0
2024-12-25,Utilities,0.01276182001112954,3,0
2024-12-26,Utilities,-0.0033710093198492754,3,0
2024-12-27,Utilities,-0.0048409617741544215,3,0
2024-12-30,Utilities,-0.003314479533510125,3,0
2024-12-31,Utilities,0.004469915540883274,3,0
2025-01-02,Utilities,-0.003558985812921837,3,0
2025-01-03,Utilities,-0.016030681849750983,3,0
2025-01-06,Utilities,-0.017253499574729842,3,0
2025-01-07,Utilities,-0.006243053641436662,3,0
2025-01-08,Utilities,0.014054736339702075,3,0
2025-01-09,Utilities,0.005342502189431109,3,0
2025-01-10,Utilities,-0.0051053950832858535,3,0
2025-01-13,Utilities,0.007755381311931246,3,0
2025-01-14,Utilities,-0.002006567456158718,3,0
2025-01-15,Utilities,0.005559148468378128,3,0
2025-01-16,Utilities,-0.0005246515283980532,3,0
2025-01-17,Utilities,0.0002942767907505954,3,0
2025-01-20,Utilities,-0.0004886192992613984,3,0
2025-01-21,Utilities,-0.01798404600376295,3,0
2025-01-22,Utilities,-0.006741268293988652,3,0
2025-01-23,Utilities,0.010324465375105415,3,0
2025-01-24,Utilities,-0.00401510104583284,3,0
2025-02-03,Utilities,0.0032914501722762037,3,0
2025-02-04,Utilities,0.010958187668515492,3,0
2025-02-05,Utilities,0.006671850977578127,3,0
2025-02-06,Utilities,-0.001948468427456107,3,0
2025-02-07,Utilities,0.007638260638463179,3,0
2025-02-10,Utilities,-0.009418066248390367,3,0
2025-02-11,Utilities,0.010553708487431349,3,0
2025-02-12,Utilities,0.006208584489329039,3,0
2025-02-13,Utilities,0.027762918283982547,3,0
2025-02-14,Utilities,-0.005012481798458923,3,0
2025-02-17,Utilities,-0.0029453988792291774,3,0
2025-02-18,Utilities,0.004016884531590363,3,0
2025-02-19,Utilities,0.029951459774657147,3,0
2025-02-20,Utilities,-0.012319464062546729,3,0
2025-02-21,Utilities,0.00545515829576082,3,0
2025-02-24,Utilities,0.012223948512582536,3,0
2025-02-25,Utilities,0.002107732631935718,3,0
2025-02-26,Utilities,-0.013389430859694462,3,0
2025-02-27,Utilities,0.0012718211768095733,3,0
2025-02-28,Utilities,-0.0004825237088281013,3,0
2025-03-03,Utilities,0.0034069771480939406,3,0
2025-03-04,Utilities,-0.004302252790441201,3,0
2025-03-05,Utilities,-0.010159961957585914,3,0
2025-03-06,Utilities,0.0042614066750414166,3,0
2025-03-07,Utilities,-0.0009684532018169323,3,0
2025-03-10,Utilities,0.0055135101344567046,3,0
2025-03-11,Utilities,-0.0025867679872338587,3,0
2025-03-12,Utilities,-0.004662931871405059,3,0
2025-03-13,Utilities,-0.014675069454319178,3,0
2025-03-14,Utilities,-0.007982361542140382,3,0
2025-03-17,Utilities,0.00823605170711661,3,0
2025-03-18,Utilities,0.026763718848747953,3,0
2025-03-19,Utilities,-0.008855759478668346,3,0
2025-03-20,Utilities,0.0053941610765689445,3,0
2025-03-21,Utilities,-0.012787105742752103,3,0
2025-03-24,Utilities,0.010416337537601331,3,0
2025-03-25,Utilities,0.0203463300342878,3,0
2025-03-26,Utilities,-0.005969778507256662,3,0
2025-03-27,Utilities,-0.0014417123254858073,3,0
2025-03-28,Utilities,-0.00975492561190013,3,0
2025-03-31,Utilities,-6.168496426558108e-05,3,0
2025-04-01,Utilities,0.004282631881875683,3,0
2025-04-02,Utilities,-0.006056177808378083,3,0
2025-04-03,Utilities,-0.06769317508985846,3,0
2025-04-04,Utilities,-0.02145483051251229,3,0
2025-04-08,Utilities,-0.06799697459836122,3,0
2025-04-09,Utilities,-0.039888834268513786,3,0
2025-04-10,Utilities,0.0677003663563418,3,0
2025-04-11,Utilities,0.050097279581495346,3,0
2025-04-14,Utilities,0.014633187749579965,3,0
2025-04-15,Utilities,-0.013521624945715294,3,0
2025-04-16,Utilities,0.0035549470852233775,3,0
2025-04-17,Utilities,0.001536079232181094,3,0
2025-04-18,Utilities,0.0071992648001347375,3,0
2025-04-21,Utilities,0.010053200181530886,3,0
2025-04-22,Utilities,-0.017878121706737343,3,0
2025-04-23,Utilities,0.003343864210654616,3,0
2025-04-24,Utilities,-0.00016620763921204595,3,0
2025-04-25,Utilities,0.006637709598395751,3,0
2025-04-28,Utilities,-0.003946420769908698,3,0
2025-04-29,Utilities,-0.0006313081014064359,3,0
2025-05-05,Utilities,0.03592521537521395,3,0
2025-05-06,Utilities,-0.00933378666236421,3,0
2025-05-07,Utilities,0.024687414470387876,3,0
2025-05-08,Utilities,0.0018571687118949705,3,0
2025-05-09,Utilities,-0.006015717885183587,3,0
2025-05-12,Utilities,0.005573530797311081,3,0
2025-05-13,Utilities,-0.006089786548395389,3,0
2025-05-14,Utilities,0.01608068490181136,3,0
2025-05-15,Utilities,-0.007087160308473968,3,0
2025-05-16,Utilities,0.008367602082806883,3,0
2025-05-19,Utilities,-0.005374272215908138,3,0
2025-05-20,Utilities,0.014862457785851824,3,0
2025-05-21,Utilities,-0.004424668499753463,3,0
2025-05-22,Utilities,0.004117798955152185,3,0
2025-05-23,Utilities,-0.011671272394807808,3,0
2025-05-26,Utilities,0.014659350327456133,3,0
2025-05-27,Utilities,0.004173674702547814,3,0
2025-05-28,Utilities,3.117735675869001e-05,3,0
2025-05-29,Utilities,-0.008971051693113371,3,0
2025-05-30,Utilities,-0.000616599040254869,3,0
2025-06-02,Utilities,0.022926198488936473,3,0
2025-06-03,Utilities,-0.0030160801833910567,3,0
2025-06-04,Utilities,-0.0030931767759887117,3,0
2025-06-05,Utilities,0.022283692687025163,3,0
2025-06-06,Utilities,-0.0066540313132184,3,0
2025-06-09,Utilities,-0.016319549685168244,3,0
2025-06-10,Utilities,-0.004332148845808644,3,0
2025-06-11,Utilities,0.00017682961036817138,3,0
2025-06-12,Utilities,0.004717247693952838,3,0
2025-06-13,Utilities,-0.01271648616793238,3,0
2025-06-16,Utilities,0.020432054865194244,3,0
2025-06-17,Utilities,0.004151699506845315,3,0
2025-06-18,Utilities,0.0007206212776355766,3,0
2025-06-19,Utilities,-0.002770083102493085,3,0
2025-06-20,Utilities,-0.0013835343486855445,3,0
2025-06-23,Utilities,0.004622151681630604,3,0
2025-06-24,Utilities,0.006915291664154055,3,0
2025-06-25,Utilities,4.630092063336496e-05,3,0
2025-06-26,Utilities,-0.0023497641220994923,3,0
2025-06-27,Utilities,0.0008129726758685137,3,0
2025-06-30,Utilities,0.00434763499077595,3,0
2025-07-01,Utilities,-0.0056579910558206175,3,0
2025-07-02,Utilities,-0.009992733073405943,3,0
2025-07-03,Utilities,0.012064290269539738,3,0
2025-07-04,Utilities,0.012361590454684398,3,0
2025-07-07,Utilities,-0.001351154525602083,3,0
2025-07-08,Utilities,0.00940653478191078,3,0
2025-07-09,Utilities,0.003097260000075449,3,0
2025-07-10,Utilities,-0.0018881911739054107,3,0
2025-07-11,Utilities,-0.00920700030007456,3,0
2025-07-14,Utilities,0.023639260167127512,3,0
2025-07-15,Utilities,-0.010655113337120584,3,0
2025-07-16,Utilities,0.013385022484870316,3,0
2025-07-17,Utilities,-0.006495581952356296,3,0
2025-07-18,Utilities,0.013670400235381353,3,0
2025-07-21,Utilities,0.0077569657654451936,3,0
2025-07-22,Utilities,-0.0015423264057773018,3,0
2025-07-23,Utilities,0.006117261844768684,3,0
2025-07-24,Utilities,0.00044961501714158025,3,0
2025-07-25,Utilities,0.005837728396312765,3,0
2025-07-28,Utilities,0.014975664790982742,3,0
2025-07-29,Utilities,-0.029546546250202366,3,0
2025-07-30,Utilities,0.0010634114769439245,3,0
2025-07-31,Utilities,-0.0013855598470895458,3,0
2025-08-01,Utilities,-0.004946989480934379,3,0
2025-08-04,Utilities,0.04094375581518047,3,0
2025-08-05,Utilities,-0.011820258672418685,3,0
2025-08-06,Utilities,0.005601665407790168,3,0
2025-08-07,Utilities,0.010185681325912835,3,0
2025-08-08,Utilities,0.007384139379707388,3,0
2025-08-11,Utilities,0.004682018981083373,3,0
2025-08-12,Utilities,0.032770774193402685,3,0
2025-08-13,Utilities,0.0032801791197710393,3,0
2025-08-14,Utilities,-0.008965481703991732,3,0
2025-08-15,Utilities,-0.02142032065001594,3,0
2025-08-18,Utilities,0.015227368282249984,3,0
2025-08-19,Utilities,-0.002551434101043859,3,0
2025-08-20,Utilities,-0.017220401853010325,3,0
2025-08-21,Utilities,0.003349983737644465,3,0
2025-08-22,Utilities,-0.0006128958199560497,3,0
2025-08-25,Utilities,-0.013202158504295255,3,0
2025-08-26,Utilities,0.016484077813003612,3,0
2025-08-27,Utilities,0.017237448442006215,3,0
2025-08-28,Utilities,-0.0021667737982911106,3,0
2025-08-29,Utilities,-0.0006227644785972153,3,0
2025-09-03,Utilities,0.00643171462997257,3,0
2025-09-04,Utilities,0.005720747853845761,3,0
2025-09-05,Utilities,-0.009929231485709308,3,0
2025-09-08,Utilities,-0.034600243943799236,3,0
2025-09-09,Utilities,-0.0018810004274332586,3,0
2025-09-10,Utilities,0.00655132532262163,3,0
2025-09-11,Utilities,-0.0030225645291147942,3,0
2025-09-12,Utilities,0.01333448403021431,3,0
2025-09-15,Utilities,0.013269768440915023,3,0
2025-09-16,Utilities,0.0006975201086834026,3,0
2025-09-17,Utilities,-0.010455489354622963,3,0
2025-09-18,Utilities,0.0071344239286429785,3,0
2025-09-19,Utilities,0.01439437402381294,3,0
2025-09-22,Utilities,-0.016925289395743264,3,0
2025-09-23,Utilities,-0.00236916685220682,3,0
2025-09-24,Utilities,0.007993585950670753,3,0
2025-09-25,Utilities,0.022302249039220623,3,0
2025-09-26,Utilities,-0.021868891209962976,3,0
2025-09-29,Utilities,-0.009066918644111169,3,0
2025-09-30,Utilities,-0.0120072346423132,3,0
2025-10-01,Utilities,0.001198795225580344,3,0
2025-10-02,Utilities,-0.0032140245301300516,3,0
2025-10-03,Utilities,-0.012967082828317414,3,0
2025-10-06,Utilities,0.015634683614955458,3,0
2025-10-07,Utilities,-0.006680605427750952,3,0
2025-10-08,Utilities,-0.0011466319875825803,3,0
2025-10-09,Utilities,0.007390838425124557,3,0
2025-10-10,Utilities,0.006683224179959109,3,0
2025-10-13,Utilities,-0.014179611553749324,3,0
2025-10-14,Utilities,-0.00653029665129401,3,0
2025-10-15,Utilities,-0.0014781985194034137,3,0
2025-10-16,Utilities,-0.001986769661497504,3,0
2025-10-17,Utilities,-0.013868768381452679,3,0
2025-10-20,Utilities,-0.04802926757756917,3,0
2025-10-21,Utilities,0.01672594554827156,3,0
2025-10-22,Utilities,0.028642143342992643,3,0
2025-10-23,Utilities,0.0015755971513203477,3,0
2025-10-24,Utilities,0.0008241758241758212,3,0
2025-10-27,Utilities,0.010213115904826727,3,0
2025-10-28,Utilities,0.012101180397949015,3,0
2025-10-29,Utilities,0.038936739120506214,3,0
2025-10-30,Utilities,0.00483971123218685,3,0
2025-10-31,Utilities,-0.007197293179863877,3,0
2025-11-03,Utilities,-0.014887986834360692,3,0
2025-11-04,Utilities,0.009219858156028327,3,0
2025-11-05,Utilities,0.010798226597978652,3,0
2025-11-06,Utilities,-0.008670756004148869,3,0
2025-11-07,Utilities,-0.020432875775837966,3,0
2025-11-10,Utilities,-0.01039267751079794,3,0
2025-11-11,Utilities,0.0009411415329643921,3,0
2025-11-12,Utilities,0.01824003691862604,3,0
2025-11-13,Utilities,0.018585050623087056,3,0
2025-11-14,Utilities,0.01514416039836782,3,0
2025-11-17,Utilities,0.007362718332620403,3,0
2025-11-18,Utilities,0.0003525557861889794,3,0
2025-11-19,Utilities,-0.00021017700312105556,3,0
2025-11-20,Utilities,-0.0038641034084544446,3,0
2025-11-21,Utilities,-0.003812711603570329,3,0
2025-11-24,Utilities,0.00044562950890610537,3,0
2025-11-25,Utilities,-0.02085315975086129,3,0
2025-11-26,Utilities,0.01184327921858593,3,0
2025-11-27,Utilities,0.0019174581349773456,3,0
2025-11-28,Utilities,-0.004013220018885748,3,0
2025-12-01,Utilities,-0.006486444316985566,3,0
2025-12-02,Utilities,-0.007012067992837749,3,0
2025-12-03,Utilities,0.00965239033406969,3,0
2025-12-04,Utilities,0.003735276224874832,3,0
2025-12-05,Utilities,-0.001187023498654849,3,0
2025-12-08,Utilities,-0.009752722545222229,3,0
2025-12-09,Utilities,-0.013993862338079496,3,0
2025-12-10,Utilities,0.012071823851862304,3,0
2025-12-11,Utilities,-0.008558322614793501,3,0
2025-12-12,Utilities,-0.03215620675443028,3,0
2025-12-15,Utilities,0.014465209587160762,3,0
2025-12-16,Utilities,0.01715183339731004,3,0
2025-12-17,Utilities,-0.00279052287209991,3,0
2025-12-18,Utilities,0.009354677013013254,3,0
2025-12-19,Utilities,0.002221148612778112,3,0
2025-12-22,Utilities,0.014349907419952087,3,0
2025-12-23,Utilities,-0.000768547483935067,3,0
2025-12-24,Utilities,-0.003459169997462245,3,0
2025-12-25,Utilities,-0.0024391372077155657,3,0
2025-12-26,Utilities,0.004783455487680888,3,0
2025-12-29,Utilities,0.009349120082815743,3,0
2025-12-30,Utilities,-0.006381732664100322,3,0
2025-12-31,Utilities,-0.0043692712034274495,3,0
2026-01-05,Utilities,-0.002397904284952864,3,0
2026-01-06,Utilities,0.010973440892394418,3,0
2026-01-07,Utilities,0.02930222164732199,3,0
2026-01-08,Utilities,0.0075038838754499055,3,0
2026-01-09,Utilities,-0.0016120986561867594,3,0
2026-01-12,Utilities,-0.003041187739463602,3,0
2026-01-13,Utilities,0.03432260689537651,3,0
2026-01-14,Utilities,-0.002794638285793701,3,0
2026-01-15,Utilities,-0.003433575913242004,3,0
2026-01-16,Utilities,0.007503282686175172,3,0
2026-01-19,Utilities,-0.004005911485368478,3,0
2026-01-20,Utilities,-0.00018441070857992217,3,0
2026-01-21,Utilities,0.0070108881050451695,3,0
2026-01-22,Utilities,0.012502191660754983,3,0
2026-01-23,Utilities,-0.026160997433439432,3,0
2026-01-26,Utilities,-0.0035140124529858077,3,0
2026-01-27,Utilities,0.011547551522026836,3,0
2026-01-28,Utilities,-0.011697770576915493,3,0
2026-01-29,Utilities,-0.009855451823781855,3,0
2026-01-30,Utilities,0.009843963997077024,3,0
2026-02-02,Utilities,0.01541886781685231,3,0
2026-02-03,Utilities,0.0051802086500051985,3,0
2026-02-04,Utilities,0.00857652557929156,3,0
2026-02-05,Utilities,-0.012139497264013976,3,0
2026-02-06,Utilities,-0.020697387183469623,3,0
2026-02-09,Utilities,0.0017659677390335915,3,0
2026-02-10,Utilities,-0.019132028156434777,3,0
2026-02-11,Utilities,0.014890171213778114,3,0
2026-02-12,Utilities,0.005455394647630045,3,0
2026-02-13,Utilities,0.0028348907178377125,3,0
2026-02-23,Utilities,0.01701347642209668,3,0
2026-02-24,Utilities,0.010638407306596598,3,0
2026-02-25,Utilities,0.008615835094469504,3,0
2026-02-26,Utilities,-0.005947120142241451,3,0
2026-02-27,Utilities,0.009110959982810899,3,0
2026-03-02,Utilities,0.05032421510739845,3,0
2026-03-03,Utilities,0.022440595032006978,3,0
2026-03-04,Utilities,-0.03141434485845366,3,0
2026-03-05,Utilities,-0.009261801607234665,3,0
2026-03-06,Utilities,-0.02754990045075541,3,0
2026-03-09,Utilities,-0.06893554472449122,3,0
2026-03-10,Utilities,-0.0033458146071746464,3,0
2026-03-11,Utilities,0.02699907720107353,3,0
2026-03-12,Utilities,0.009822119307223653,3,0
2026-03-13,Utilities,0.00632961971486401,3,0
2026-03-16,Utilities,-0.013364597723716343,3,0
2026-03-17,Utilities,-0.009779548758095502,3,0
2026-03-18,Utilities,0.01625380289571717,3,0
2026-03-19,Utilities,-0.0027464039877148627,3,0
2026-03-20,Utilities,0.015990204578212392,3,0
2026-03-23,Utilities,-0.03999210507133218,3,0
2026-03-24,Utilities,0.023567620669079286,3,0
2026-03-25,Utilities,0.06335446231711377,3,0
2026-03-26,Utilities,-0.0018557058317102786,3,0
2026-03-27,Utilities,0.0005295371707585428,3,0
2026-03-30,Utilities,-0.007912322908313304,3,0
2026-03-31,Utilities,-0.01198036536792535,3,0
2026-04-01,Utilities,-0.002882050708137666,3,0
2026-04-02,Utilities,-0.018991962017100256,3,0
2026-04-03,Utilities,-0.027074076032244137,3,0
2026-04-06,Utilities,-0.016844025539677714,3,0
2026-04-07,Utilities,0.006854838709677402,3,0
2026-04-08,Utilities,0.03420340975896533,3,0
2026-04-09,Utilities,-0.012338334649469132,3,0
2026-04-10,Utilities,0.008006619886620289,3,0
2026-04-13,Utilities,0.010570564832406815,3,0
2026-04-14,Utilities,-0.004236011840928662,3,0
2026-04-15,Utilities,-0.010757608508763802,3,0
2026-04-16,Utilities,0.006872882560216047,3,0
2026-04-17,Utilities,-0.005576262861266927,3,0
2026-04-20,Utilities,0.005973287718570752,3,0
2026-04-21,Utilities,-0.009495212214800985,3,0
2026-04-22,Utilities,-0.008991982518050409,3,0
2026-04-23,Utilities,-0.029641015140298488,3,0
2026-04-24,Utilities,0.004571847813026404,3,0
2026-04-28,Utilities,-0.025619515617991806,3,0
2026-04-29,Utilities,0.003044043201875383,3,0
2026-05-04,Utilities,0.02484066796527788,3,0
2026-05-05,Utilities,0.006579771488096446,3,0
2026-05-06,Utilities,0.023672168886071265,3,0
2026-05-07,Utilities,-0.003948491242578826,3,0
2026-05-08,Utilities,-0.02873331869783439,3,0
2026-05-11,Utilities,0.0007614696085375868,3,0
2026-05-12,Utilities,0.0007896368345175672,3,0
2026-05-13,Utilities,-0.0017008236797615428,3,0
2026-05-14,Utilities,-0.0076319705144549665,3,0
2026-05-15,Utilities,0.00939803100202441,3,0
2026-05-18,Utilities,0.007734852711755409,3,0
2026-05-19,Utilities,-0.0027448805674612498,3,0
2026-05-20,Utilities,-0.005532835904651996,3,0
2026-05-21,Utilities,-0.011112693402919168,3,0
2026-05-22,Utilities,-0.005531788688381149,3,0
2026-05-25,Utilities,0.002155865270940175,3,0
2026-05-26,Utilities,0.001816727224240829,3,0
2026-05-27,Utilities,0.029700651281614105,3,0
2026-05-28,Utilities,-0.020510019978382088,3,0
2026-05-29,Utilities,-0.0054969007560793,3,0
2026-06-01,Utilities,-0.007779213690984073,3,0
2026-06-02,Utilities,-0.017131886722080103,3,0
2026-06-03,Utilities,0.005361202786945407,3,0
2026-06-04,Utilities,0.005907331800590665,3,0
2026-06-05,Utilities,-0.010238493232633447,3,0
2026-06-08,Utilities,-0.008279643432262137,3,0
2026-06-09,Utilities,0.0042092453364895865,3,0
2026-06-10,Utilities,0.0014130742945819286,3,0
2026-06-11,Utilities,0.001514454505031293,3,0
2026-06-12,Utilities,-0.0030227912937023094,3,0
2026-06-15,Utilities,0.019053130511463845,3,0
2026-06-16,Utilities,0.006806810530890124,3,0
2026-06-17,Utilities,0.0014587892049598612,3,0
2026-06-18,Utilities,-0.0014416590881216977,3,0
2026-06-19,Utilities,-0.006976103115236443,3,0
2026-06-22,Utilities,0.021853407543116637,3,0
2026-06-23,Utilities,-0.013543547981678635,3,0
2026-06-24,Utilities,-0.01248624246335924,3,0
2026-06-25,Utilities,0.013170585990977535,3,0
2026-06-26,Utilities,0.004008968478412441,3,0
2026-06-29,Utilities,0.005178720087854509,3,0
2026-06-30,Utilities,-0.005814532198621862,3,0
2026-07-01,Utilities,0.0015990256869911808,3,0
2026-07-02,Utilities,0.0030053953449882265,3,0
2026-07-03,Utilities,-0.008624191367288056,3,0
2026-07-06,Utilities,-0.02312626058021113,3,0
2026-07-07,Utilities,-8.2016065311367e-05,3,0
2026-07-08,Utilities,-0.00024108311779543387,3,0
2026-07-09,Utilities,-0.011337868480725636,3,0
2026-07-10,Utilities,-0.008284734096734766,3,0
2026-07-13,Utilities,-0.020765827314724428,3,0
2026-07-14,Utilities,0.011941212492345329,3,0
2026-07-15,Utilities,-0.005138596119766785,3,0
2026-07-16,Utilities,-0.0015960654804568393,3,0
2026-07-17,Utilities,0.0020922641219703886,3,0
2026-07-20,Utilities,-0.02575997921171432,3,0
2026-07-21,Utilities,0.015523186934077948,3,0
2026-07-22,Utilities,-0.029082975313139043,3,0
2026-07-23,Utilities,0.016137961443570232,3,0
2026-07-24,Utilities,-0.00644975299580645,3,0
2026-07-27,Utilities,-0.0068752088058940215,3,0
2026-07-28,Utilities,-0.006202669709778637,3,0
2026-07-29,Utilities,0.006131181612567982,3,0
2026-07-30,Utilities,0.018737995774512628,3,0
2026-07-31,Utilities,0.005605166413352995,3,0
2026-08-03,Utilities,0.030928661787295548,3,0
2026-08-04,Utilities,-0.0030858861572063225,3,0
2026-08-05,Utilities,-0.011710841623126892,3,0
2026-08-06,Utilities,-0.011663529998673447,3,0
2026-08-07,Utilities,0.0061175539116589865,3,0
2026-08-10,Utilities,0.012788581897553128,3,0
2026-08-11,Utilities,-0.004084324056039905,3,0
2026-08-12,Utilities,0.0016093474426807457,3,0
2026-08-13,Utilities,-0.013014039912785639,3,0
2026-08-14,Utilities,-0.01659375901664358,3,0
2026-08-17,Utilities,0.0015462928707471828,3,0
2026-08-18,Utilities,-0.0014635931211122906,3,0
2026-08-19,Utilities,0.0021576229396469047,3,0
2026-08-20,Utilities,0.00015554327582327035,3,0
2026-08-21,Utilities,0.01098303631481401,3,0
2026-08-24,Utilities,-0.001642773495961462,3,0
2026-08-25,Utilities,-0.015353664793343214,3,0
2026-08-26,Utilities,0.003958646407302295,3,0
2026-08-27,Utilities,-0.006427316609032396,3,0
2026-08-28,Utilities,-0.0038805830112054926,3,0
2026-09-03,Utilities,-0.013172088109404475,3,0
2026-09-04,Utilities,-0.00117706595270269,3,0
2026-09-07,Utilities,0.0014635931211123647,3,0
2026-09-08,Utilities,-0.0033226311723473234,3,0
2026-09-09,Utilities,0.005356068574337902,3,0
2026-09-10,Utilities,0.0018635322325727028,3,0
2026-09-11,Utilities,-0.015322080643092336,3,0
2026-09-14,Utilities,-0.008985263590651696,3,0
2026-09-15,Utilities,0.007681534581176115,3,0
2026-09-16,Utilities,0.005354752342704143,3,0
2026-09-17,Utilities,-0.0005045149265722193,3,0
2026-09-18,Utilities,0.01693226556667371,3,0
2026-09-21,Utilities,-0.0070075111254706375,3,0
2026-09-22,Utilities,0.011565506268033246,3,0
2026-09-23,Utilities,0.007697997756168122,3,0
